Date,Store ID,Product ID,Product Name,Category,Region,Inventory Level,Units Sold,Units Ordered,Demand Forecast,Price,Discount,Weather Condition,Holiday/Promotion,Competitor Pricing,Seasonality,Pack Size,Lead Time Days,Current Stock
2024-09-08,STORE-01,SKU-101,Coca-Cola 330ml Can,Beverage,North,32,8,0,7.6,1.2,0.0,Normal,0,1.26,None,24,7,40
2024-09-09,STORE-01,SKU-101,Coca-Cola 330ml Can,Beverage,North,24,8,0,7.6,1.2,0.0,Normal,0,1.26,None,24,7,40
2024-09-10,STORE-01,SKU-101,Coca-Cola 330ml Can,Beverage,North,15,9,0,8.5,1.2,0.0,Normal,0,1.26,None,24,7,40
2024-09-11,STORE-01,SKU-101,Coca-Cola 330ml Can,Beverage,North,9,6,0,5.7,1.2,0.0,Normal,0,1.26,None,24,7,40
2024-09-12,STORE-01,SKU-101,Coca-Cola 330ml Can,Beverage,North,6,3,0,2.8,1.2,0.0,Normal,0,1.26,None,24,7,40
2024-09-13,STORE-01,SKU-101,Coca-Cola 330ml Can,Beverage,North,0,8,0,7.6,1.2,0.0,Normal,0,1.26,None,24,7,40
2024-09-14,STORE-01,SKU-101,Coca-Cola 330ml Can,Beverage,North,0,3,0,2.8,1.2,0.0,Normal,0,1.26,None,24,7,40
2024-09-15,STORE-01,SKU-101,Coca-Cola 330ml Can,Beverage,North,0,7,0,6.6,1.2,0.0,Normal,0,1.26,None,24,7,40
2024-09-16,STORE-01,SKU-101,Coca-Cola 330ml Can,Beverage,North,0,8,0,7.6,1.2,0.0,Normal,0,1.26,None,24,7,40
2024-09-17,STORE-01,SKU-101,Coca-Cola 330ml Can,Beverage,North,0,5,0,4.8,1.2,0.0,Normal,0,1.26,None,24,7,40
2024-09-18,STORE-01,SKU-101,Coca-Cola 330ml Can,Beverage,North,0,8,0,7.6,1.2,0.0,Normal,0,1.26,None,24,7,40
2024-09-19,STORE-01,SKU-101,Coca-Cola 330ml Can,Beverage,North,0,1,0,1.0,1.2,0.0,Normal,0,1.26,None,24,7,40
2024-09-20,STORE-01,SKU-101,Coca-Cola 330ml Can,Beverage,North,0,4,0,3.8,1.2,0.0,Normal,0,1.26,None,24,7,40
2024-09-21,STORE-01,SKU-101,Coca-Cola 330ml Can,Beverage,North,0,6,0,5.7,1.2,0.0,Normal,0,1.26,None,24,7,40
2024-09-22,STORE-01,SKU-101,Coca-Cola 330ml Can,Beverage,North,0,9,0,8.5,1.2,0.0,Normal,0,1.26,None,24,7,40
2024-09-23,STORE-01,SKU-101,Coca-Cola 330ml Can,Beverage,North,0,4,0,3.8,1.2,0.0,Normal,0,1.26,None,24,7,40
2024-09-24,STORE-01,SKU-101,Coca-Cola 330ml Can,Beverage,North,0,9,0,8.5,1.2,0.0,Normal,0,1.26,None,24,7,40
2024-09-25,STORE-01,SKU-101,Coca-Cola 330ml Can,Beverage,North,0,3,0,2.8,1.2,0.0,Normal,0,1.26,None,24,7,40
2024-09-26,STORE-01,SKU-101,Coca-Cola 330ml Can,Beverage,North,0,3,0,2.8,1.2,0.0,Normal,0,1.26,None,24,7,40
2024-09-27,STORE-01,SKU-101,Coca-Cola 330ml Can,Beverage,North,0,4,0,3.8,1.2,0.0,Normal,0,1.26,None,24,7,40
2024-09-28,STORE-01,SKU-101,Coca-Cola 330ml Can,Beverage,North,0,7,0,6.6,1.2,0.0,Normal,0,1.26,None,24,7,40
2024-09-29,STORE-01,SKU-101,Coca-Cola 330ml Can,Beverage,North,0,5,0,4.8,1.2,0.0,Normal,0,1.26,None,24,7,40
2024-09-30,STORE-01,SKU-101,Coca-Cola 330ml Can,Beverage,North,0,5,0,4.8,1.2,0.0,Normal,0,1.26,None,24,7,40
2024-10-01,STORE-01,SKU-101,Coca-Cola 330ml Can,Beverage,North,0,6,0,5.7,1.2,0.0,Normal,0,1.26,None,24,7,40
2024-10-02,STORE-01,SKU-101,Coca-Cola 330ml Can,Beverage,North,0,5,0,4.8,1.2,0.0,Normal,0,1.26,None,24,7,40
2024-10-03,STORE-01,SKU-101,Coca-Cola 330ml Can,Beverage,North,0,6,0,5.7,1.2,0.0,Normal,0,1.26,None,24,7,40
2024-10-04,STORE-01,SKU-101,Coca-Cola 330ml Can,Beverage,North,0,11,0,10.4,1.2,0.0,Normal,0,1.26,None,24,7,40
2024-10-05,STORE-01,SKU-101,Coca-Cola 330ml Can,Beverage,North,0,5,0,4.8,1.2,0.0,Normal,0,1.26,None,24,7,40
2024-10-06,STORE-01,SKU-101,Coca-Cola 330ml Can,Beverage,North,0,4,0,3.8,1.2,0.0,Normal,0,1.26,None,24,7,40
2024-10-07,STORE-01,SKU-101,Coca-Cola 330ml Can,Beverage,North,0,5,0,4.8,1.2,0.0,Normal,0,1.26,None,24,7,40
2024-10-08,STORE-01,SKU-101,Coca-Cola 330ml Can,Beverage,North,0,3,0,2.8,1.2,0.0,Normal,0,1.26,None,24,7,40
2024-10-09,STORE-01,SKU-101,Coca-Cola 330ml Can,Beverage,North,0,7,0,6.6,1.2,0.0,Normal,0,1.26,None,24,7,40
2024-10-10,STORE-01,SKU-101,Coca-Cola 330ml Can,Beverage,North,0,5,0,4.8,1.2,0.0,Normal,0,1.26,None,24,7,40
2024-10-11,STORE-01,SKU-101,Coca-Cola 330ml Can,Beverage,North,0,4,0,3.8,1.2,0.0,Normal,0,1.26,None,24,7,40
2024-10-12,STORE-01,SKU-101,Coca-Cola 330ml Can,Beverage,North,0,3,0,2.8,1.2,0.0,Normal,0,1.26,None,24,7,40
2024-10-13,STORE-01,SKU-101,Coca-Cola 330ml Can,Beverage,North,0,6,0,5.7,1.2,0.0,Normal,0,1.26,None,24,7,40
2024-10-14,STORE-01,SKU-101,Coca-Cola 330ml Can,Beverage,North,0,7,0,6.6,1.2,0.0,Normal,0,1.26,None,24,7,40
2024-10-15,STORE-01,SKU-101,Coca-Cola 330ml Can,Beverage,North,0,6,0,5.7,1.2,0.0,Normal,0,1.26,None,24,7,40
2024-10-16,STORE-01,SKU-101,Coca-Cola 330ml Can,Beverage,North,0,4,0,3.8,1.2,0.0,Normal,0,1.26,None,24,7,40
2024-10-17,STORE-01,SKU-101,Coca-Cola 330ml Can,Beverage,North,0,4,0,3.8,1.2,0.0,Normal,0,1.26,None,24,7,40
2024-10-18,STORE-01,SKU-101,Coca-Cola 330ml Can,Beverage,North,0,4,0,3.8,1.2,0.0,Normal,0,1.26,None,24,7,40
2024-10-19,STORE-01,SKU-101,Coca-Cola 330ml Can,Beverage,North,0,0,0,0.0,1.2,0.0,Normal,0,1.26,None,24,7,40
2024-10-20,STORE-01,SKU-101,Coca-Cola 330ml Can,Beverage,North,0,3,0,2.8,1.2,0.0,Normal,0,1.26,None,24,7,40
2024-10-21,STORE-01,SKU-101,Coca-Cola 330ml Can,Beverage,North,0,5,0,4.8,1.2,0.0,Normal,0,1.26,None,24,7,40
2024-10-22,STORE-01,SKU-101,Coca-Cola 330ml Can,Beverage,North,0,4,0,3.8,1.2,0.0,Normal,0,1.26,None,24,7,40
2024-10-23,STORE-01,SKU-101,Coca-Cola 330ml Can,Beverage,North,0,3,0,2.8,1.2,0.0,Normal,0,1.26,None,24,7,40
2024-10-24,STORE-01,SKU-101,Coca-Cola 330ml Can,Beverage,North,0,3,0,2.8,1.2,0.0,Normal,0,1.26,None,24,7,40
2024-10-25,STORE-01,SKU-101,Coca-Cola 330ml Can,Beverage,North,0,11,0,10.4,1.2,0.0,Normal,0,1.26,None,24,7,40
2024-10-26,STORE-01,SKU-101,Coca-Cola 330ml Can,Beverage,North,0,4,0,3.8,1.2,0.0,Normal,0,1.26,None,24,7,40
2024-10-27,STORE-01,SKU-101,Coca-Cola 330ml Can,Beverage,North,0,4,0,3.8,1.2,0.0,Normal,0,1.26,None,24,7,40
2024-10-28,STORE-01,SKU-101,Coca-Cola 330ml Can,Beverage,North,0,9,0,8.5,1.2,0.0,Normal,0,1.26,None,24,7,40
2024-10-29,STORE-01,SKU-101,Coca-Cola 330ml Can,Beverage,North,0,0,0,0.0,1.2,0.0,Normal,0,1.26,None,24,7,40
2024-10-30,STORE-01,SKU-101,Coca-Cola 330ml Can,Beverage,North,0,3,0,2.8,1.2,0.0,Normal,0,1.26,None,24,7,40
2024-10-31,STORE-01,SKU-101,Coca-Cola 330ml Can,Beverage,North,0,10,0,9.5,1.2,0.0,Normal,0,1.26,None,24,7,40
2024-11-01,STORE-01,SKU-101,Coca-Cola 330ml Can,Beverage,North,0,8,0,7.6,1.2,0.0,Normal,0,1.26,None,24,7,40
2024-11-02,STORE-01,SKU-101,Coca-Cola 330ml Can,Beverage,North,0,4,0,3.8,1.2,0.0,Normal,0,1.26,None,24,7,40
2024-11-03,STORE-01,SKU-101,Coca-Cola 330ml Can,Beverage,North,0,8,0,7.6,1.2,0.0,Normal,0,1.26,None,24,7,40
2024-11-04,STORE-01,SKU-101,Coca-Cola 330ml Can,Beverage,North,0,4,0,3.8,1.2,0.0,Normal,0,1.26,None,24,7,40
2024-11-05,STORE-01,SKU-101,Coca-Cola 330ml Can,Beverage,North,0,10,0,9.5,1.2,0.0,Normal,0,1.26,None,24,7,40
2024-11-06,STORE-01,SKU-101,Coca-Cola 330ml Can,Beverage,North,0,5,0,4.8,1.2,0.0,Normal,0,1.26,None,24,7,40
2024-11-07,STORE-01,SKU-101,Coca-Cola 330ml Can,Beverage,North,0,8,0,7.6,1.2,0.0,Normal,0,1.26,None,24,7,40
2024-11-08,STORE-01,SKU-101,Coca-Cola 330ml Can,Beverage,North,0,8,0,7.6,1.2,0.0,Normal,0,1.26,None,24,7,40
2024-11-09,STORE-01,SKU-101,Coca-Cola 330ml Can,Beverage,North,0,3,0,2.8,1.2,0.0,Normal,0,1.26,None,24,7,40
2024-11-10,STORE-01,SKU-101,Coca-Cola 330ml Can,Beverage,North,0,4,0,3.8,1.2,0.0,Normal,0,1.26,None,24,7,40
2024-11-11,STORE-01,SKU-101,Coca-Cola 330ml Can,Beverage,North,0,1,0,1.0,1.2,0.0,Normal,0,1.26,None,24,7,40
2024-11-12,STORE-01,SKU-101,Coca-Cola 330ml Can,Beverage,North,0,5,0,4.8,1.2,0.0,Normal,0,1.26,None,24,7,40
2024-11-13,STORE-01,SKU-101,Coca-Cola 330ml Can,Beverage,North,0,5,0,4.8,1.2,0.0,Normal,0,1.26,None,24,7,40
2024-11-14,STORE-01,SKU-101,Coca-Cola 330ml Can,Beverage,North,0,5,0,4.8,1.2,0.0,Normal,0,1.26,None,24,7,40
2024-11-15,STORE-01,SKU-101,Coca-Cola 330ml Can,Beverage,North,0,6,0,5.7,1.2,0.0,Normal,0,1.26,None,24,7,40
2024-11-16,STORE-01,SKU-101,Coca-Cola 330ml Can,Beverage,North,0,4,0,3.8,1.2,0.0,Normal,0,1.26,None,24,7,40
2024-11-17,STORE-01,SKU-101,Coca-Cola 330ml Can,Beverage,North,0,5,0,4.8,1.2,0.0,Normal,0,1.26,None,24,7,40
2024-11-18,STORE-01,SKU-101,Coca-Cola 330ml Can,Beverage,North,0,8,0,7.6,1.2,0.0,Normal,0,1.26,None,24,7,40
2024-11-19,STORE-01,SKU-101,Coca-Cola 330ml Can,Beverage,North,0,4,0,3.8,1.2,0.0,Normal,0,1.26,None,24,7,40
2024-11-20,STORE-01,SKU-101,Coca-Cola 330ml Can,Beverage,North,0,6,0,5.7,1.2,0.0,Normal,0,1.26,None,24,7,40
2024-11-21,STORE-01,SKU-101,Coca-Cola 330ml Can,Beverage,North,0,3,0,2.8,1.2,0.0,Normal,0,1.26,None,24,7,40
2024-11-22,STORE-01,SKU-101,Coca-Cola 330ml Can,Beverage,North,0,7,0,6.6,1.2,0.0,Normal,0,1.26,None,24,7,40
2024-11-23,STORE-01,SKU-101,Coca-Cola 330ml Can,Beverage,North,0,8,0,7.6,1.2,0.0,Normal,0,1.26,None,24,7,40
2024-11-24,STORE-01,SKU-101,Coca-Cola 330ml Can,Beverage,North,0,7,0,6.6,1.2,0.0,Normal,0,1.26,None,24,7,40
2024-11-25,STORE-01,SKU-101,Coca-Cola 330ml Can,Beverage,North,0,2,0,1.9,1.2,0.0,Normal,0,1.26,None,24,7,40
2024-11-26,STORE-01,SKU-101,Coca-Cola 330ml Can,Beverage,North,0,4,0,3.8,1.2,0.0,Normal,0,1.26,None,24,7,40
2024-11-27,STORE-01,SKU-101,Coca-Cola 330ml Can,Beverage,North,0,3,0,2.8,1.2,0.0,Normal,0,1.26,None,24,7,40
2024-11-28,STORE-01,SKU-101,Coca-Cola 330ml Can,Beverage,North,0,3,0,2.8,1.2,0.0,Normal,0,1.26,None,24,7,40
2024-11-29,STORE-01,SKU-101,Coca-Cola 330ml Can,Beverage,North,0,8,0,7.6,1.2,0.0,Normal,0,1.26,None,24,7,40
2024-11-30,STORE-01,SKU-101,Coca-Cola 330ml Can,Beverage,North,0,3,0,2.8,1.2,0.0,Normal,0,1.26,None,24,7,40
2024-12-01,STORE-01,SKU-101,Coca-Cola 330ml Can,Beverage,North,0,8,0,7.6,1.2,0.0,Normal,0,1.26,None,24,7,40
2024-12-02,STORE-01,SKU-101,Coca-Cola 330ml Can,Beverage,North,0,4,0,3.8,1.2,0.0,Normal,0,1.26,None,24,7,40
2024-12-03,STORE-01,SKU-101,Coca-Cola 330ml Can,Beverage,North,0,3,0,2.8,1.2,0.0,Normal,0,1.26,None,24,7,40
2024-12-04,STORE-01,SKU-101,Coca-Cola 330ml Can,Beverage,North,0,4,0,3.8,1.2,0.0,Normal,0,1.26,None,24,7,40
2024-12-05,STORE-01,SKU-101,Coca-Cola 330ml Can,Beverage,North,0,6,0,5.7,1.2,0.0,Normal,0,1.26,None,24,7,40
2024-12-06,STORE-01,SKU-101,Coca-Cola 330ml Can,Beverage,North,0,10,0,9.5,1.2,0.0,Normal,0,1.26,None,24,7,40
2024-12-07,STORE-01,SKU-101,Coca-Cola 330ml Can,Beverage,North,0,6,0,5.7,1.2,0.0,Normal,0,1.26,None,24,7,40
2024-12-08,STORE-01,SKU-101,Coca-Cola 330ml Can,Beverage,North,0,2,0,1.9,1.2,0.0,Normal,0,1.26,None,24,7,40
2024-12-09,STORE-01,SKU-101,Coca-Cola 330ml Can,Beverage,North,0,4,0,3.8,1.2,0.0,Normal,0,1.26,None,24,7,40
2024-12-10,STORE-01,SKU-101,Coca-Cola 330ml Can,Beverage,North,0,12,0,11.4,1.2,0.0,Normal,0,1.26,None,24,7,40
2024-12-11,STORE-01,SKU-101,Coca-Cola 330ml Can,Beverage,North,0,10,0,9.5,1.2,0.0,Normal,0,1.26,None,24,7,40
2024-12-12,STORE-01,SKU-101,Coca-Cola 330ml Can,Beverage,North,0,6,0,5.7,1.2,0.0,Normal,0,1.26,None,24,7,40
2024-12-13,STORE-01,SKU-101,Coca-Cola 330ml Can,Beverage,North,0,6,0,5.7,1.2,0.0,Normal,0,1.26,None,24,7,40
2024-12-14,STORE-01,SKU-101,Coca-Cola 330ml Can,Beverage,North,0,2,0,1.9,1.2,0.0,Normal,0,1.26,None,24,7,40
2024-12-15,STORE-01,SKU-101,Coca-Cola 330ml Can,Beverage,North,0,7,0,6.6,1.2,0.0,Normal,0,1.26,None,24,7,40
2024-12-16,STORE-01,SKU-101,Coca-Cola 330ml Can,Beverage,North,0,2,0,1.9,1.2,0.0,Normal,0,1.26,None,24,7,40
2024-12-17,STORE-01,SKU-101,Coca-Cola 330ml Can,Beverage,North,0,3,0,2.8,1.2,0.0,Normal,0,1.26,None,24,7,40
2024-12-18,STORE-01,SKU-101,Coca-Cola 330ml Can,Beverage,North,0,8,0,7.6,1.2,0.0,Normal,0,1.26,None,24,7,40
2024-12-19,STORE-01,SKU-101,Coca-Cola 330ml Can,Beverage,North,0,3,0,2.8,1.2,0.0,Normal,0,1.26,None,24,7,40
2024-12-20,STORE-01,SKU-101,Coca-Cola 330ml Can,Beverage,North,0,6,0,5.7,1.2,0.0,Normal,0,1.26,None,24,7,40
2024-12-21,STORE-01,SKU-101,Coca-Cola 330ml Can,Beverage,North,0,8,0,7.6,1.2,0.0,Normal,0,1.26,None,24,7,40
2024-12-22,STORE-01,SKU-101,Coca-Cola 330ml Can,Beverage,North,0,2,0,1.9,1.2,0.0,Normal,0,1.26,None,24,7,40
2024-12-23,STORE-01,SKU-101,Coca-Cola 330ml Can,Beverage,North,0,8,0,7.6,1.2,0.0,Normal,0,1.26,None,24,7,40
2024-12-24,STORE-01,SKU-101,Coca-Cola 330ml Can,Beverage,North,0,7,0,6.6,1.2,0.0,Normal,0,1.26,None,24,7,40
2024-12-25,STORE-01,SKU-101,Coca-Cola 330ml Can,Beverage,North,0,4,0,3.8,1.2,0.0,Normal,0,1.26,None,24,7,40
2024-12-26,STORE-01,SKU-101,Coca-Cola 330ml Can,Beverage,North,0,11,0,10.4,1.2,0.0,Normal,0,1.26,None,24,7,40
2024-12-27,STORE-01,SKU-101,Coca-Cola 330ml Can,Beverage,North,0,5,0,4.8,1.2,0.0,Normal,0,1.26,None,24,7,40
2024-12-28,STORE-01,SKU-101,Coca-Cola 330ml Can,Beverage,North,0,2,0,1.9,1.2,0.0,Normal,0,1.26,None,24,7,40
2024-12-29,STORE-01,SKU-101,Coca-Cola 330ml Can,Beverage,North,0,3,0,2.8,1.2,0.0,Normal,0,1.26,None,24,7,40
2024-12-30,STORE-01,SKU-101,Coca-Cola 330ml Can,Beverage,North,0,2,0,1.9,1.2,0.0,Normal,0,1.26,None,24,7,40
2024-12-31,STORE-01,SKU-101,Coca-Cola 330ml Can,Beverage,North,0,3,0,2.8,1.2,0.0,Normal,0,1.26,None,24,7,40
2025-01-01,STORE-01,SKU-101,Coca-Cola 330ml Can,Beverage,North,0,3,0,2.8,1.2,0.0,Normal,0,1.26,None,24,7,40
2025-01-02,STORE-01,SKU-101,Coca-Cola 330ml Can,Beverage,North,0,2,0,1.9,1.2,0.0,Normal,0,1.26,None,24,7,40
2025-01-03,STORE-01,SKU-101,Coca-Cola 330ml Can,Beverage,North,0,7,0,6.6,1.2,0.0,Normal,0,1.26,None,24,7,40
2025-01-04,STORE-01,SKU-101,Coca-Cola 330ml Can,Beverage,North,0,6,0,5.7,1.2,0.0,Normal,0,1.26,None,24,7,40
2025-01-05,STORE-01,SKU-101,Coca-Cola 330ml Can,Beverage,North,0,3,0,2.8,1.2,0.0,Normal,0,1.26,None,24,7,40
2025-01-06,STORE-01,SKU-101,Coca-Cola 330ml Can,Beverage,North,0,2,0,1.9,1.2,0.0,Normal,0,1.26,None,24,7,40
2025-01-07,STORE-01,SKU-101,Coca-Cola 330ml Can,Beverage,North,0,2,0,1.9,1.2,0.0,Normal,0,1.26,None,24,7,40
2025-01-08,STORE-01,SKU-101,Coca-Cola 330ml Can,Beverage,North,0,5,0,4.8,1.2,0.0,Normal,0,1.26,None,24,7,40
2025-01-09,STORE-01,SKU-101,Coca-Cola 330ml Can,Beverage,North,0,8,0,7.6,1.2,0.0,Normal,0,1.26,None,24,7,40
2025-01-10,STORE-01,SKU-101,Coca-Cola 330ml Can,Beverage,North,0,7,0,6.6,1.2,0.0,Normal,0,1.26,None,24,7,40
2025-01-11,STORE-01,SKU-101,Coca-Cola 330ml Can,Beverage,North,0,2,0,1.9,1.2,0.0,Normal,0,1.26,None,24,7,40
2025-01-12,STORE-01,SKU-101,Coca-Cola 330ml Can,Beverage,North,0,2,0,1.9,1.2,0.0,Normal,0,1.26,None,24,7,40
2025-01-13,STORE-01,SKU-101,Coca-Cola 330ml Can,Beverage,North,0,7,0,6.6,1.2,0.0,Normal,0,1.26,None,24,7,40
2025-01-14,STORE-01,SKU-101,Coca-Cola 330ml Can,Beverage,North,0,4,0,3.8,1.2,0.0,Normal,0,1.26,None,24,7,40
2025-01-15,STORE-01,SKU-101,Coca-Cola 330ml Can,Beverage,North,0,3,0,2.8,1.2,0.0,Normal,0,1.26,None,24,7,40
2025-01-16,STORE-01,SKU-101,Coca-Cola 330ml Can,Beverage,North,0,5,0,4.8,1.2,0.0,Normal,0,1.26,None,24,7,40
2025-01-17,STORE-01,SKU-101,Coca-Cola 330ml Can,Beverage,North,0,4,0,3.8,1.2,0.0,Normal,0,1.26,None,24,7,40
2025-01-18,STORE-01,SKU-101,Coca-Cola 330ml Can,Beverage,North,0,6,0,5.7,1.2,0.0,Normal,0,1.26,None,24,7,40
2025-01-19,STORE-01,SKU-101,Coca-Cola 330ml Can,Beverage,North,0,7,0,6.6,1.2,0.0,Normal,0,1.26,None,24,7,40
2025-01-20,STORE-01,SKU-101,Coca-Cola 330ml Can,Beverage,North,0,6,0,5.7,1.2,0.0,Normal,0,1.26,None,24,7,40
2025-01-21,STORE-01,SKU-101,Coca-Cola 330ml Can,Beverage,North,0,4,0,3.8,1.2,0.0,Normal,0,1.26,None,24,7,40
2025-01-22,STORE-01,SKU-101,Coca-Cola 330ml Can,Beverage,North,0,10,0,9.5,1.2,0.0,Normal,0,1.26,None,24,7,40
2025-01-23,STORE-01,SKU-101,Coca-Cola 330ml Can,Beverage,North,0,5,0,4.8,1.2,0.0,Normal,0,1.26,None,24,7,40
2025-01-24,STORE-01,SKU-101,Coca-Cola 330ml Can,Beverage,North,0,5,0,4.8,1.2,0.0,Normal,0,1.26,None,24,7,40
2025-01-25,STORE-01,SKU-101,Coca-Cola 330ml Can,Beverage,North,0,8,0,7.6,1.2,0.0,Normal,0,1.26,None,24,7,40
2025-01-26,STORE-01,SKU-101,Coca-Cola 330ml Can,Beverage,North,0,3,0,2.8,1.2,0.0,Normal,0,1.26,None,24,7,40
2025-01-27,STORE-01,SKU-101,Coca-Cola 330ml Can,Beverage,North,0,5,0,4.8,1.2,0.0,Normal,0,1.26,None,24,7,40
2025-01-28,STORE-01,SKU-101,Coca-Cola 330ml Can,Beverage,North,0,5,0,4.8,1.2,0.0,Normal,0,1.26,None,24,7,40
2025-01-29,STORE-01,SKU-101,Coca-Cola 330ml Can,Beverage,North,0,4,0,3.8,1.2,0.0,Normal,0,1.26,None,24,7,40
2025-01-30,STORE-01,SKU-101,Coca-Cola 330ml Can,Beverage,North,0,3,0,2.8,1.2,0.0,Normal,0,1.26,None,24,7,40
2025-01-31,STORE-01,SKU-101,Coca-Cola 330ml Can,Beverage,North,0,8,0,7.6,1.2,0.0,Normal,0,1.26,None,24,7,40
2025-02-01,STORE-01,SKU-101,Coca-Cola 330ml Can,Beverage,North,0,5,0,4.8,1.2,0.0,Normal,0,1.26,None,24,7,40
2025-02-02,STORE-01,SKU-101,Coca-Cola 330ml Can,Beverage,North,0,5,0,4.8,1.2,0.0,Normal,0,1.26,None,24,7,40
2025-02-03,STORE-01,SKU-101,Coca-Cola 330ml Can,Beverage,North,0,6,0,5.7,1.2,0.0,Normal,0,1.26,None,24,7,40
2025-02-04,STORE-01,SKU-101,Coca-Cola 330ml Can,Beverage,North,0,4,0,3.8,1.2,0.0,Normal,0,1.26,None,24,7,40
2025-02-05,STORE-01,SKU-101,Coca-Cola 330ml Can,Beverage,North,0,7,0,6.6,1.2,0.0,Normal,0,1.26,None,24,7,40
2025-02-06,STORE-01,SKU-101,Coca-Cola 330ml Can,Beverage,North,0,6,0,5.7,1.2,0.0,Normal,0,1.26,None,24,7,40
2025-02-07,STORE-01,SKU-101,Coca-Cola 330ml Can,Beverage,North,0,5,0,4.8,1.2,0.0,Normal,0,1.26,None,24,7,40
2025-02-08,STORE-01,SKU-101,Coca-Cola 330ml Can,Beverage,North,0,6,0,5.7,1.2,0.0,Normal,0,1.26,None,24,7,40
2025-02-09,STORE-01,SKU-101,Coca-Cola 330ml Can,Beverage,North,0,1,0,1.0,1.2,0.0,Normal,0,1.26,None,24,7,40
2025-02-10,STORE-01,SKU-101,Coca-Cola 330ml Can,Beverage,North,0,6,0,5.7,1.2,0.0,Normal,0,1.26,None,24,7,40
2025-02-11,STORE-01,SKU-101,Coca-Cola 330ml Can,Beverage,North,0,7,0,6.6,1.2,0.0,Normal,0,1.26,None,24,7,40
2025-02-12,STORE-01,SKU-101,Coca-Cola 330ml Can,Beverage,North,0,9,0,8.5,1.2,0.0,Normal,0,1.26,None,24,7,40
2025-02-13,STORE-01,SKU-101,Coca-Cola 330ml Can,Beverage,North,0,4,0,3.8,1.2,0.0,Normal,0,1.26,None,24,7,40
2025-02-14,STORE-01,SKU-101,Coca-Cola 330ml Can,Beverage,North,0,6,0,5.7,1.2,0.0,Normal,0,1.26,None,24,7,40
2025-02-15,STORE-01,SKU-101,Coca-Cola 330ml Can,Beverage,North,0,8,0,7.6,1.2,0.0,Normal,0,1.26,None,24,7,40
2025-02-16,STORE-01,SKU-101,Coca-Cola 330ml Can,Beverage,North,0,10,0,9.5,1.2,0.0,Normal,0,1.26,None,24,7,40
2025-02-17,STORE-01,SKU-101,Coca-Cola 330ml Can,Beverage,North,0,8,0,7.6,1.2,0.0,Normal,0,1.26,None,24,7,40
2025-02-18,STORE-01,SKU-101,Coca-Cola 330ml Can,Beverage,North,0,4,0,3.8,1.2,0.0,Normal,0,1.26,None,24,7,40
2025-02-19,STORE-01,SKU-101,Coca-Cola 330ml Can,Beverage,North,0,2,0,1.9,1.2,0.0,Normal,0,1.26,None,24,7,40
2025-02-20,STORE-01,SKU-101,Coca-Cola 330ml Can,Beverage,North,0,5,0,4.8,1.2,0.0,Normal,0,1.26,None,24,7,40
2025-02-21,STORE-01,SKU-101,Coca-Cola 330ml Can,Beverage,North,0,5,0,4.8,1.2,0.0,Normal,0,1.26,None,24,7,40
2025-02-22,STORE-01,SKU-101,Coca-Cola 330ml Can,Beverage,North,0,9,0,8.5,1.2,0.0,Normal,0,1.26,None,24,7,40
2025-02-23,STORE-01,SKU-101,Coca-Cola 330ml Can,Beverage,North,0,9,0,8.5,1.2,0.0,Normal,0,1.26,None,24,7,40
2025-02-24,STORE-01,SKU-101,Coca-Cola 330ml Can,Beverage,North,0,11,0,10.4,1.2,0.0,Normal,0,1.26,None,24,7,40
2025-02-25,STORE-01,SKU-101,Coca-Cola 330ml Can,Beverage,North,0,5,0,4.8,1.2,0.0,Normal,0,1.26,None,24,7,40
2025-02-26,STORE-01,SKU-101,Coca-Cola 330ml Can,Beverage,North,0,3,0,2.8,1.2,0.0,Normal,0,1.26,None,24,7,40
2025-02-27,STORE-01,SKU-101,Coca-Cola 330ml Can,Beverage,North,0,5,0,4.8,1.2,0.0,Normal,0,1.26,None,24,7,40
2025-02-28,STORE-01,SKU-101,Coca-Cola 330ml Can,Beverage,North,0,5,0,4.8,1.2,0.0,Normal,0,1.26,None,24,7,40
2025-03-01,STORE-01,SKU-101,Coca-Cola 330ml Can,Beverage,North,0,5,0,4.8,1.2,0.0,Normal,0,1.26,None,24,7,40
2025-03-02,STORE-01,SKU-101,Coca-Cola 330ml Can,Beverage,North,0,5,0,4.8,1.2,0.0,Normal,0,1.26,None,24,7,40
2025-03-03,STORE-01,SKU-101,Coca-Cola 330ml Can,Beverage,North,0,8,0,7.6,1.2,0.0,Normal,0,1.26,None,24,7,40
2025-03-04,STORE-01,SKU-101,Coca-Cola 330ml Can,Beverage,North,0,4,0,3.8,1.2,0.0,Normal,0,1.26,None,24,7,40
2025-03-05,STORE-01,SKU-101,Coca-Cola 330ml Can,Beverage,North,0,10,0,9.5,1.2,0.0,Normal,0,1.26,None,24,7,40
2025-03-06,STORE-01,SKU-101,Coca-Cola 330ml Can,Beverage,North,0,3,0,2.8,1.2,0.0,Normal,0,1.26,None,24,7,40
2025-03-07,STORE-01,SKU-101,Coca-Cola 330ml Can,Beverage,North,0,2,0,1.9,1.2,0.0,Normal,0,1.26,None,24,7,40
2025-03-08,STORE-01,SKU-101,Coca-Cola 330ml Can,Beverage,North,0,0,0,0.0,1.2,0.0,Normal,0,1.26,None,24,7,40
2025-03-09,STORE-01,SKU-101,Coca-Cola 330ml Can,Beverage,North,0,5,0,4.8,1.2,0.0,Normal,0,1.26,None,24,7,40
2025-03-10,STORE-01,SKU-101,Coca-Cola 330ml Can,Beverage,North,0,5,0,4.8,1.2,0.0,Normal,0,1.26,None,24,7,40
2025-03-11,STORE-01,SKU-101,Coca-Cola 330ml Can,Beverage,North,0,7,0,6.6,1.2,0.0,Normal,0,1.26,None,24,7,40
2025-03-12,STORE-01,SKU-101,Coca-Cola 330ml Can,Beverage,North,0,3,0,2.8,1.2,0.0,Normal,0,1.26,None,24,7,40
2025-03-13,STORE-01,SKU-101,Coca-Cola 330ml Can,Beverage,North,0,2,0,1.9,1.2,0.0,Normal,0,1.26,None,24,7,40
2025-03-14,STORE-01,SKU-101,Coca-Cola 330ml Can,Beverage,North,0,7,0,6.6,1.2,0.0,Normal,0,1.26,None,24,7,40
2025-03-15,STORE-01,SKU-101,Coca-Cola 330ml Can,Beverage,North,0,7,0,6.6,1.2,0.0,Normal,0,1.26,None,24,7,40
2025-03-16,STORE-01,SKU-101,Coca-Cola 330ml Can,Beverage,North,0,4,0,3.8,1.2,0.0,Normal,0,1.26,None,24,7,40
2025-03-17,STORE-01,SKU-101,Coca-Cola 330ml Can,Beverage,North,0,7,0,6.6,1.2,0.0,Normal,0,1.26,None,24,7,40
2025-03-18,STORE-01,SKU-101,Coca-Cola 330ml Can,Beverage,North,0,0,0,0.0,1.2,0.0,Normal,0,1.26,None,24,7,40
2025-03-19,STORE-01,SKU-101,Coca-Cola 330ml Can,Beverage,North,0,0,0,0.0,1.2,0.0,Normal,0,1.26,None,24,7,40
2025-03-20,STORE-01,SKU-101,Coca-Cola 330ml Can,Beverage,North,0,6,0,5.7,1.2,0.0,Normal,0,1.26,None,24,7,40
2025-03-21,STORE-01,SKU-101,Coca-Cola 330ml Can,Beverage,North,0,4,0,3.8,1.2,0.0,Normal,0,1.26,None,24,7,40
2025-03-22,STORE-01,SKU-101,Coca-Cola 330ml Can,Beverage,North,0,3,0,2.8,1.2,0.0,Normal,0,1.26,None,24,7,40
2025-03-23,STORE-01,SKU-101,Coca-Cola 330ml Can,Beverage,North,0,0,0,0.0,1.2,0.0,Normal,0,1.26,None,24,7,40
2025-03-24,STORE-01,SKU-101,Coca-Cola 330ml Can,Beverage,North,0,3,0,2.8,1.2,0.0,Normal,0,1.26,None,24,7,40
2025-03-25,STORE-01,SKU-101,Coca-Cola 330ml Can,Beverage,North,0,5,0,4.8,1.2,0.0,Normal,0,1.26,None,24,7,40
2025-03-26,STORE-01,SKU-101,Coca-Cola 330ml Can,Beverage,North,0,6,0,5.7,1.2,0.0,Normal,0,1.26,None,24,7,40
2025-03-27,STORE-01,SKU-101,Coca-Cola 330ml Can,Beverage,North,0,5,0,4.8,1.2,0.0,Normal,0,1.26,None,24,7,40
2025-03-28,STORE-01,SKU-101,Coca-Cola 330ml Can,Beverage,North,0,8,0,7.6,1.2,0.0,Normal,0,1.26,None,24,7,40
2025-03-29,STORE-01,SKU-101,Coca-Cola 330ml Can,Beverage,North,0,3,0,2.8,1.2,0.0,Normal,0,1.26,None,24,7,40
2025-03-30,STORE-01,SKU-101,Coca-Cola 330ml Can,Beverage,North,0,9,0,8.5,1.2,0.0,Normal,0,1.26,None,24,7,40
2025-03-31,STORE-01,SKU-101,Coca-Cola 330ml Can,Beverage,North,0,7,0,6.6,1.2,0.0,Normal,0,1.26,None,24,7,40
2025-04-01,STORE-01,SKU-101,Coca-Cola 330ml Can,Beverage,North,0,3,0,2.8,1.2,0.0,Normal,0,1.26,None,24,7,40
2025-04-02,STORE-01,SKU-101,Coca-Cola 330ml Can,Beverage,North,0,8,0,7.6,1.2,0.0,Normal,0,1.26,None,24,7,40
2025-04-03,STORE-01,SKU-101,Coca-Cola 330ml Can,Beverage,North,0,4,0,3.8,1.2,0.0,Normal,0,1.26,None,24,7,40
2025-04-04,STORE-01,SKU-101,Coca-Cola 330ml Can,Beverage,North,0,3,0,2.8,1.2,0.0,Normal,0,1.26,None,24,7,40
2025-04-05,STORE-01,SKU-101,Coca-Cola 330ml Can,Beverage,North,0,4,0,3.8,1.2,0.0,Normal,0,1.26,None,24,7,40
2025-04-06,STORE-01,SKU-101,Coca-Cola 330ml Can,Beverage,North,0,6,0,5.7,1.2,0.0,Normal,0,1.26,None,24,7,40
2025-04-07,STORE-01,SKU-101,Coca-Cola 330ml Can,Beverage,North,0,10,0,9.5,1.2,0.0,Normal,0,1.26,None,24,7,40
2025-04-08,STORE-01,SKU-101,Coca-Cola 330ml Can,Beverage,North,0,8,0,7.6,1.2,0.0,Normal,0,1.26,None,24,7,40
2025-04-09,STORE-01,SKU-101,Coca-Cola 330ml Can,Beverage,North,0,5,0,4.8,1.2,0.0,Normal,0,1.26,None,24,7,40
2025-04-10,STORE-01,SKU-101,Coca-Cola 330ml Can,Beverage,North,0,6,0,5.7,1.2,0.0,Normal,0,1.26,None,24,7,40
2025-04-11,STORE-01,SKU-101,Coca-Cola 330ml Can,Beverage,North,0,3,0,2.8,1.2,0.0,Normal,0,1.26,None,24,7,40
2025-04-12,STORE-01,SKU-101,Coca-Cola 330ml Can,Beverage,North,0,3,0,2.8,1.2,0.0,Normal,0,1.26,None,24,7,40
2025-04-13,STORE-01,SKU-101,Coca-Cola 330ml Can,Beverage,North,0,8,0,7.6,1.2,0.0,Normal,0,1.26,None,24,7,40
2025-04-14,STORE-01,SKU-101,Coca-Cola 330ml Can,Beverage,North,0,5,0,4.8,1.2,0.0,Normal,0,1.26,None,24,7,40
2025-04-15,STORE-01,SKU-101,Coca-Cola 330ml Can,Beverage,North,0,6,0,5.7,1.2,0.0,Normal,0,1.26,None,24,7,40
2025-04-16,STORE-01,SKU-101,Coca-Cola 330ml Can,Beverage,North,0,3,0,2.8,1.2,0.0,Normal,0,1.26,None,24,7,40
2025-04-17,STORE-01,SKU-101,Coca-Cola 330ml Can,Beverage,North,0,6,0,5.7,1.2,0.0,Normal,0,1.26,None,24,7,40
2025-04-18,STORE-01,SKU-101,Coca-Cola 330ml Can,Beverage,North,0,4,0,3.8,1.2,0.0,Normal,0,1.26,None,24,7,40
2025-04-19,STORE-01,SKU-101,Coca-Cola 330ml Can,Beverage,North,0,12,0,11.4,1.2,0.0,Normal,0,1.26,None,24,7,40
2025-04-20,STORE-01,SKU-101,Coca-Cola 330ml Can,Beverage,North,0,4,0,3.8,1.2,0.0,Normal,0,1.26,None,24,7,40
2025-04-21,STORE-01,SKU-101,Coca-Cola 330ml Can,Beverage,North,0,5,0,4.8,1.2,0.0,Normal,0,1.26,None,24,7,40
2025-04-22,STORE-01,SKU-101,Coca-Cola 330ml Can,Beverage,North,0,4,0,3.8,1.2,0.0,Normal,0,1.26,None,24,7,40
2025-04-23,STORE-01,SKU-101,Coca-Cola 330ml Can,Beverage,North,0,4,0,3.8,1.2,0.0,Normal,0,1.26,None,24,7,40
2025-04-24,STORE-01,SKU-101,Coca-Cola 330ml Can,Beverage,North,0,0,0,0.0,1.2,0.0,Normal,0,1.26,None,24,7,40
2025-04-25,STORE-01,SKU-101,Coca-Cola 330ml Can,Beverage,North,0,7,0,6.6,1.2,0.0,Normal,0,1.26,None,24,7,40
2025-04-26,STORE-01,SKU-101,Coca-Cola 330ml Can,Beverage,North,0,6,0,5.7,1.2,0.0,Normal,0,1.26,None,24,7,40
2025-04-27,STORE-01,SKU-101,Coca-Cola 330ml Can,Beverage,North,0,6,0,5.7,1.2,0.0,Normal,0,1.26,None,24,7,40
2025-04-28,STORE-01,SKU-101,Coca-Cola 330ml Can,Beverage,North,0,5,0,4.8,1.2,0.0,Normal,0,1.26,None,24,7,40
2025-04-29,STORE-01,SKU-101,Coca-Cola 330ml Can,Beverage,North,0,5,0,4.8,1.2,0.0,Normal,0,1.26,None,24,7,40
2025-04-30,STORE-01,SKU-101,Coca-Cola 330ml Can,Beverage,North,0,3,0,2.8,1.2,0.0,Normal,0,1.26,None,24,7,40
2025-05-01,STORE-01,SKU-101,Coca-Cola 330ml Can,Beverage,North,0,8,0,7.6,1.2,0.0,Normal,0,1.26,None,24,7,40
2025-05-02,STORE-01,SKU-101,Coca-Cola 330ml Can,Beverage,North,0,10,0,9.5,1.2,0.0,Normal,0,1.26,None,24,7,40
2025-05-03,STORE-01,SKU-101,Coca-Cola 330ml Can,Beverage,North,0,5,0,4.8,1.2,0.0,Normal,0,1.26,None,24,7,40
2025-05-04,STORE-01,SKU-101,Coca-Cola 330ml Can,Beverage,North,0,6,0,5.7,1.2,0.0,Normal,0,1.26,None,24,7,40
2025-05-05,STORE-01,SKU-101,Coca-Cola 330ml Can,Beverage,North,0,6,0,5.7,1.2,0.0,Normal,0,1.26,None,24,7,40
2025-05-06,STORE-01,SKU-101,Coca-Cola 330ml Can,Beverage,North,0,4,0,3.8,1.2,0.0,Normal,0,1.26,None,24,7,40
2025-05-07,STORE-01,SKU-101,Coca-Cola 330ml Can,Beverage,North,0,3,0,2.8,1.2,0.0,Normal,0,1.26,None,24,7,40
2025-05-08,STORE-01,SKU-101,Coca-Cola 330ml Can,Beverage,North,0,0,0,0.0,1.2,0.0,Normal,0,1.26,None,24,7,40
2025-05-09,STORE-01,SKU-101,Coca-Cola 330ml Can,Beverage,North,0,5,0,4.8,1.2,0.0,Normal,0,1.26,None,24,7,40
2025-05-10,STORE-01,SKU-101,Coca-Cola 330ml Can,Beverage,North,0,4,0,3.8,1.2,0.0,Normal,0,1.26,None,24,7,40
2025-05-11,STORE-01,SKU-101,Coca-Cola 330ml Can,Beverage,North,0,11,0,10.4,1.2,0.0,Normal,0,1.26,None,24,7,40
2025-05-12,STORE-01,SKU-101,Coca-Cola 330ml Can,Beverage,North,0,2,0,1.9,1.2,0.0,Normal,0,1.26,None,24,7,40
2025-05-13,STORE-01,SKU-101,Coca-Cola 330ml Can,Beverage,North,0,5,0,4.8,1.2,0.0,Normal,0,1.26,None,24,7,40
2025-05-14,STORE-01,SKU-101,Coca-Cola 330ml Can,Beverage,North,0,10,0,9.5,1.2,0.0,Normal,0,1.26,None,24,7,40
2025-05-15,STORE-01,SKU-101,Coca-Cola 330ml Can,Beverage,North,0,4,0,3.8,1.2,0.0,Normal,0,1.26,None,24,7,40
2025-05-16,STORE-01,SKU-101,Coca-Cola 330ml Can,Beverage,North,0,7,0,6.6,1.2,0.0,Normal,0,1.26,None,24,7,40
2025-05-17,STORE-01,SKU-101,Coca-Cola 330ml Can,Beverage,North,0,6,0,5.7,1.2,0.0,Normal,0,1.26,None,24,7,40
2025-05-18,STORE-01,SKU-101,Coca-Cola 330ml Can,Beverage,North,0,6,0,5.7,1.2,0.0,Normal,0,1.26,None,24,7,40
2025-05-19,STORE-01,SKU-101,Coca-Cola 330ml Can,Beverage,North,0,2,0,1.9,1.2,0.0,Normal,0,1.26,None,24,7,40
2025-05-20,STORE-01,SKU-101,Coca-Cola 330ml Can,Beverage,North,0,4,0,3.8,1.2,0.0,Normal,0,1.26,None,24,7,40
2025-05-21,STORE-01,SKU-101,Coca-Cola 330ml Can,Beverage,North,0,5,0,4.8,1.2,0.0,Normal,0,1.26,None,24,7,40
2025-05-22,STORE-01,SKU-101,Coca-Cola 330ml Can,Beverage,North,0,8,0,7.6,1.2,0.0,Normal,0,1.26,None,24,7,40
2025-05-23,STORE-01,SKU-101,Coca-Cola 330ml Can,Beverage,North,0,6,0,5.7,1.2,0.0,Normal,0,1.26,None,24,7,40
2025-05-24,STORE-01,SKU-101,Coca-Cola 330ml Can,Beverage,North,0,6,0,5.7,1.2,0.0,Normal,0,1.26,None,24,7,40
2025-05-25,STORE-01,SKU-101,Coca-Cola 330ml Can,Beverage,North,0,4,0,3.8,1.2,0.0,Normal,0,1.26,None,24,7,40
2025-05-26,STORE-01,SKU-101,Coca-Cola 330ml Can,Beverage,North,0,3,0,2.8,1.2,0.0,Normal,0,1.26,None,24,7,40
2025-05-27,STORE-01,SKU-101,Coca-Cola 330ml Can,Beverage,North,0,7,0,6.6,1.2,0.0,Normal,0,1.26,None,24,7,40
2025-05-28,STORE-01,SKU-101,Coca-Cola 330ml Can,Beverage,North,0,5,0,4.8,1.2,0.0,Normal,0,1.26,None,24,7,40
2025-05-29,STORE-01,SKU-101,Coca-Cola 330ml Can,Beverage,North,0,10,0,9.5,1.2,0.0,Normal,0,1.26,None,24,7,40
2025-05-30,STORE-01,SKU-101,Coca-Cola 330ml Can,Beverage,North,0,7,0,6.6,1.2,0.0,Normal,0,1.26,None,24,7,40
2025-05-31,STORE-01,SKU-101,Coca-Cola 330ml Can,Beverage,North,0,11,0,10.4,1.2,0.0,Normal,0,1.26,None,24,7,40
2025-06-01,STORE-01,SKU-101,Coca-Cola 330ml Can,Beverage,North,0,6,0,5.7,1.2,0.0,Normal,0,1.26,None,24,7,40
2025-06-02,STORE-01,SKU-101,Coca-Cola 330ml Can,Beverage,North,0,8,0,7.6,1.2,0.0,Normal,0,1.26,None,24,7,40
2025-06-03,STORE-01,SKU-101,Coca-Cola 330ml Can,Beverage,North,0,4,0,3.8,1.2,0.0,Normal,0,1.26,None,24,7,40
2025-06-04,STORE-01,SKU-101,Coca-Cola 330ml Can,Beverage,North,0,3,0,2.8,1.2,0.0,Normal,0,1.26,None,24,7,40
2025-06-05,STORE-01,SKU-101,Coca-Cola 330ml Can,Beverage,North,0,7,0,6.6,1.2,0.0,Normal,0,1.26,None,24,7,40
2025-06-06,STORE-01,SKU-101,Coca-Cola 330ml Can,Beverage,North,0,4,0,3.8,1.2,0.0,Normal,0,1.26,None,24,7,40
2025-06-07,STORE-01,SKU-101,Coca-Cola 330ml Can,Beverage,North,0,9,0,8.5,1.2,0.0,Normal,0,1.26,None,24,7,40
2025-06-08,STORE-01,SKU-101,Coca-Cola 330ml Can,Beverage,North,0,8,0,7.6,1.2,0.0,Normal,0,1.26,None,24,7,40
2025-06-09,STORE-01,SKU-101,Coca-Cola 330ml Can,Beverage,North,0,2,0,1.9,1.2,0.0,Normal,0,1.26,None,24,7,40
2025-06-10,STORE-01,SKU-101,Coca-Cola 330ml Can,Beverage,North,0,3,0,2.8,1.2,0.0,Normal,0,1.26,None,24,7,40
2025-06-11,STORE-01,SKU-101,Coca-Cola 330ml Can,Beverage,North,0,10,0,9.5,1.2,0.0,Normal,0,1.26,None,24,7,40
2025-06-12,STORE-01,SKU-101,Coca-Cola 330ml Can,Beverage,North,0,4,0,3.8,1.2,0.0,Normal,0,1.26,None,24,7,40
2025-06-13,STORE-01,SKU-101,Coca-Cola 330ml Can,Beverage,North,0,6,0,5.7,1.2,0.0,Normal,0,1.26,None,24,7,40
2025-06-14,STORE-01,SKU-101,Coca-Cola 330ml Can,Beverage,North,0,6,0,5.7,1.2,0.0,Normal,0,1.26,None,24,7,40
2025-06-15,STORE-01,SKU-101,Coca-Cola 330ml Can,Beverage,North,0,7,0,6.6,1.2,0.0,Normal,0,1.26,None,24,7,40
2025-06-16,STORE-01,SKU-101,Coca-Cola 330ml Can,Beverage,North,0,3,0,2.8,1.2,0.0,Normal,0,1.26,None,24,7,40
2025-06-17,STORE-01,SKU-101,Coca-Cola 330ml Can,Beverage,North,0,8,0,7.6,1.2,0.0,Normal,0,1.26,None,24,7,40
2025-06-18,STORE-01,SKU-101,Coca-Cola 330ml Can,Beverage,North,0,6,0,5.7,1.2,0.0,Normal,0,1.26,None,24,7,40
2025-06-19,STORE-01,SKU-101,Coca-Cola 330ml Can,Beverage,North,0,7,0,6.6,1.2,0.0,Normal,0,1.26,None,24,7,40
2025-06-20,STORE-01,SKU-101,Coca-Cola 330ml Can,Beverage,North,0,1,0,1.0,1.2,0.0,Normal,0,1.26,None,24,7,40
2025-06-21,STORE-01,SKU-101,Coca-Cola 330ml Can,Beverage,North,0,4,0,3.8,1.2,0.0,Normal,0,1.26,None,24,7,40
2025-06-22,STORE-01,SKU-101,Coca-Cola 330ml Can,Beverage,North,0,5,0,4.8,1.2,0.0,Normal,0,1.26,None,24,7,40
2025-06-23,STORE-01,SKU-101,Coca-Cola 330ml Can,Beverage,North,0,9,0,8.5,1.2,0.0,Normal,0,1.26,None,24,7,40
2025-06-24,STORE-01,SKU-101,Coca-Cola 330ml Can,Beverage,North,0,9,0,8.5,1.2,0.0,Normal,0,1.26,None,24,7,40
2025-06-25,STORE-01,SKU-101,Coca-Cola 330ml Can,Beverage,North,0,9,0,8.5,1.2,0.0,Normal,0,1.26,None,24,7,40
2025-06-26,STORE-01,SKU-101,Coca-Cola 330ml Can,Beverage,North,0,7,0,6.6,1.2,0.0,Normal,0,1.26,None,24,7,40
2025-06-27,STORE-01,SKU-101,Coca-Cola 330ml Can,Beverage,North,0,4,0,3.8,1.2,0.0,Normal,0,1.26,None,24,7,40
2025-06-28,STORE-01,SKU-101,Coca-Cola 330ml Can,Beverage,North,0,3,0,2.8,1.2,0.0,Normal,0,1.26,None,24,7,40
2025-06-29,STORE-01,SKU-101,Coca-Cola 330ml Can,Beverage,North,0,3,0,2.8,1.2,0.0,Normal,0,1.26,None,24,7,40
2025-06-30,STORE-01,SKU-101,Coca-Cola 330ml Can,Beverage,North,0,2,0,1.9,1.2,0.0,Normal,0,1.26,None,24,7,40
2025-07-01,STORE-01,SKU-101,Coca-Cola 330ml Can,Beverage,North,0,5,0,4.8,1.2,0.0,Normal,0,1.26,None,24,7,40
2025-07-02,STORE-01,SKU-101,Coca-Cola 330ml Can,Beverage,North,0,3,0,2.8,1.2,0.0,Normal,0,1.26,None,24,7,40
2025-07-03,STORE-01,SKU-101,Coca-Cola 330ml Can,Beverage,North,0,6,0,5.7,1.2,0.0,Normal,0,1.26,None,24,7,40
2025-07-04,STORE-01,SKU-101,Coca-Cola 330ml Can,Beverage,North,0,6,0,5.7,1.2,0.0,Normal,0,1.26,None,24,7,40
2025-07-05,STORE-01,SKU-101,Coca-Cola 330ml Can,Beverage,North,0,3,0,2.8,1.2,0.0,Normal,0,1.26,None,24,7,40
2025-07-06,STORE-01,SKU-101,Coca-Cola 330ml Can,Beverage,North,0,8,0,7.6,1.2,0.0,Normal,0,1.26,None,24,7,40
2025-07-07,STORE-01,SKU-101,Coca-Cola 330ml Can,Beverage,North,0,2,0,1.9,1.2,0.0,Normal,0,1.26,None,24,7,40
2025-07-08,STORE-01,SKU-101,Coca-Cola 330ml Can,Beverage,North,0,6,0,5.7,1.2,0.0,Normal,0,1.26,None,24,7,40
2025-07-09,STORE-01,SKU-101,Coca-Cola 330ml Can,Beverage,North,0,7,0,6.6,1.2,0.0,Normal,0,1.26,None,24,7,40
2025-07-10,STORE-01,SKU-101,Coca-Cola 330ml Can,Beverage,North,0,6,0,5.7,1.2,0.0,Normal,0,1.26,None,24,7,40
2025-07-11,STORE-01,SKU-101,Coca-Cola 330ml Can,Beverage,North,0,6,0,5.7,1.2,0.0,Normal,0,1.26,None,24,7,40
2025-07-12,STORE-01,SKU-101,Coca-Cola 330ml Can,Beverage,North,0,6,0,5.7,1.2,0.0,Normal,0,1.26,None,24,7,40
2025-07-13,STORE-01,SKU-101,Coca-Cola 330ml Can,Beverage,North,0,8,0,7.6,1.2,0.0,Normal,0,1.26,None,24,7,40
2025-07-14,STORE-01,SKU-101,Coca-Cola 330ml Can,Beverage,North,0,5,0,4.8,1.2,0.0,Normal,0,1.26,None,24,7,40
2025-07-15,STORE-01,SKU-101,Coca-Cola 330ml Can,Beverage,North,0,4,0,3.8,1.2,0.0,Normal,0,1.26,None,24,7,40
2025-07-16,STORE-01,SKU-101,Coca-Cola 330ml Can,Beverage,North,0,9,0,8.5,1.2,0.0,Normal,0,1.26,None,24,7,40
2025-07-17,STORE-01,SKU-101,Coca-Cola 330ml Can,Beverage,North,0,3,0,2.8,1.2,0.0,Normal,0,1.26,None,24,7,40
2025-07-18,STORE-01,SKU-101,Coca-Cola 330ml Can,Beverage,North,0,4,0,3.8,1.2,0.0,Normal,0,1.26,None,24,7,40
2025-07-19,STORE-01,SKU-101,Coca-Cola 330ml Can,Beverage,North,0,4,0,3.8,1.2,0.0,Normal,0,1.26,None,24,7,40
2025-07-20,STORE-01,SKU-101,Coca-Cola 330ml Can,Beverage,North,0,1,0,1.0,1.2,0.0,Normal,0,1.26,None,24,7,40
2025-07-21,STORE-01,SKU-101,Coca-Cola 330ml Can,Beverage,North,0,6,0,5.7,1.2,0.0,Normal,0,1.26,None,24,7,40
2025-07-22,STORE-01,SKU-101,Coca-Cola 330ml Can,Beverage,North,0,6,0,5.7,1.2,0.0,Normal,0,1.26,None,24,7,40
2025-07-23,STORE-01,SKU-101,Coca-Cola 330ml Can,Beverage,North,0,7,0,6.6,1.2,0.0,Normal,0,1.26,None,24,7,40
2025-07-24,STORE-01,SKU-101,Coca-Cola 330ml Can,Beverage,North,0,5,0,4.8,1.2,0.0,Normal,0,1.26,None,24,7,40
2025-07-25,STORE-01,SKU-101,Coca-Cola 330ml Can,Beverage,North,0,6,0,5.7,1.2,0.0,Normal,0,1.26,None,24,7,40
2025-07-26,STORE-01,SKU-101,Coca-Cola 330ml Can,Beverage,North,0,4,0,3.8,1.2,0.0,Normal,0,1.26,None,24,7,40
2025-07-27,STORE-01,SKU-101,Coca-Cola 330ml Can,Beverage,North,0,8,0,7.6,1.2,0.0,Normal,0,1.26,None,24,7,40
2025-07-28,STORE-01,SKU-101,Coca-Cola 330ml Can,Beverage,North,0,6,0,5.7,1.2,0.0,Normal,0,1.26,None,24,7,40
2025-07-29,STORE-01,SKU-101,Coca-Cola 330ml Can,Beverage,North,0,5,0,4.8,1.2,0.0,Normal,0,1.26,None,24,7,40
2025-07-30,STORE-01,SKU-101,Coca-Cola 330ml Can,Beverage,North,0,7,0,6.6,1.2,0.0,Normal,0,1.26,None,24,7,40
2025-07-31,STORE-01,SKU-101,Coca-Cola 330ml Can,Beverage,North,0,4,0,3.8,1.2,0.0,Normal,0,1.26,None,24,7,40
2025-08-01,STORE-01,SKU-101,Coca-Cola 330ml Can,Beverage,North,0,9,0,8.5,1.2,0.0,Normal,0,1.26,None,24,7,40
2025-08-02,STORE-01,SKU-101,Coca-Cola 330ml Can,Beverage,North,0,5,0,4.8,1.2,0.0,Normal,0,1.26,None,24,7,40
2025-08-03,STORE-01,SKU-101,Coca-Cola 330ml Can,Beverage,North,0,3,0,2.8,1.2,0.0,Normal,0,1.26,None,24,7,40
2025-08-04,STORE-01,SKU-101,Coca-Cola 330ml Can,Beverage,North,0,2,0,1.9,1.2,0.0,Normal,0,1.26,None,24,7,40
2025-08-05,STORE-01,SKU-101,Coca-Cola 330ml Can,Beverage,North,0,4,0,3.8,1.2,0.0,Normal,0,1.26,None,24,7,40
2025-08-06,STORE-01,SKU-101,Coca-Cola 330ml Can,Beverage,North,0,2,0,1.9,1.2,0.0,Normal,0,1.26,None,24,7,40
2025-08-07,STORE-01,SKU-101,Coca-Cola 330ml Can,Beverage,North,0,11,0,10.4,1.2,0.0,Normal,0,1.26,None,24,7,40
2025-08-08,STORE-01,SKU-101,Coca-Cola 330ml Can,Beverage,North,0,7,0,6.6,1.2,0.0,Normal,0,1.26,None,24,7,40
2025-08-09,STORE-01,SKU-101,Coca-Cola 330ml Can,Beverage,North,0,6,0,5.7,1.2,0.0,Normal,0,1.26,None,24,7,40
2025-08-10,STORE-01,SKU-101,Coca-Cola 330ml Can,Beverage,North,0,3,0,2.8,1.2,0.0,Normal,0,1.26,None,24,7,40
2025-08-11,STORE-01,SKU-101,Coca-Cola 330ml Can,Beverage,North,0,6,0,5.7,1.2,0.0,Normal,0,1.26,None,24,7,40
2025-08-12,STORE-01,SKU-101,Coca-Cola 330ml Can,Beverage,North,0,5,0,4.8,1.2,0.0,Normal,0,1.26,None,24,7,40
2025-08-13,STORE-01,SKU-101,Coca-Cola 330ml Can,Beverage,North,0,9,0,8.5,1.2,0.0,Normal,0,1.26,None,24,7,40
2025-08-14,STORE-01,SKU-101,Coca-Cola 330ml Can,Beverage,North,0,6,0,5.7,1.2,0.0,Normal,0,1.26,None,24,7,40
2025-08-15,STORE-01,SKU-101,Coca-Cola 330ml Can,Beverage,North,0,5,0,4.8,1.2,0.0,Normal,0,1.26,None,24,7,40
2025-08-16,STORE-01,SKU-101,Coca-Cola 330ml Can,Beverage,North,0,6,0,5.7,1.2,0.0,Normal,0,1.26,None,24,7,40
2025-08-17,STORE-01,SKU-101,Coca-Cola 330ml Can,Beverage,North,0,5,0,4.8,1.2,0.0,Normal,0,1.26,None,24,7,40
2025-08-18,STORE-01,SKU-101,Coca-Cola 330ml Can,Beverage,North,0,6,0,5.7,1.2,0.0,Normal,0,1.26,None,24,7,40
2025-08-19,STORE-01,SKU-101,Coca-Cola 330ml Can,Beverage,North,0,6,0,5.7,1.2,0.0,Normal,0,1.26,None,24,7,40
2025-08-20,STORE-01,SKU-101,Coca-Cola 330ml Can,Beverage,North,0,4,0,3.8,1.2,0.0,Normal,0,1.26,None,24,7,40
2025-08-21,STORE-01,SKU-101,Coca-Cola 330ml Can,Beverage,North,0,7,0,6.6,1.2,0.0,Normal,0,1.26,None,24,7,40
2025-08-22,STORE-01,SKU-101,Coca-Cola 330ml Can,Beverage,North,0,4,0,3.8,1.2,0.0,Normal,0,1.26,None,24,7,40
2025-08-23,STORE-01,SKU-101,Coca-Cola 330ml Can,Beverage,North,0,4,0,3.8,1.2,0.0,Normal,0,1.26,None,24,7,40
2025-08-24,STORE-01,SKU-101,Coca-Cola 330ml Can,Beverage,North,0,8,0,7.6,1.2,0.0,Normal,0,1.26,None,24,7,40
2025-08-25,STORE-01,SKU-101,Coca-Cola 330ml Can,Beverage,North,0,7,0,6.6,1.2,0.0,Normal,0,1.26,None,24,7,40
2025-08-26,STORE-01,SKU-101,Coca-Cola 330ml Can,Beverage,North,0,9,0,8.5,1.2,0.0,Normal,0,1.26,None,24,7,40
2025-08-27,STORE-01,SKU-101,Coca-Cola 330ml Can,Beverage,North,0,3,0,2.8,1.2,0.0,Normal,0,1.26,None,24,7,40
2025-08-28,STORE-01,SKU-101,Coca-Cola 330ml Can,Beverage,North,0,6,0,5.7,1.2,0.0,Normal,0,1.26,None,24,7,40
2025-08-29,STORE-01,SKU-101,Coca-Cola 330ml Can,Beverage,North,0,4,0,3.8,1.2,0.0,Normal,0,1.26,None,24,7,40
2025-08-30,STORE-01,SKU-101,Coca-Cola 330ml Can,Beverage,North,0,5,0,4.8,1.2,0.0,Normal,0,1.26,None,24,7,40
2025-08-31,STORE-01,SKU-101,Coca-Cola 330ml Can,Beverage,North,0,2,0,1.9,1.2,0.0,Normal,0,1.26,None,24,7,40
2025-09-01,STORE-01,SKU-101,Coca-Cola 330ml Can,Beverage,North,0,8,0,7.6,1.2,0.0,Normal,0,1.26,None,24,7,40
2025-09-02,STORE-01,SKU-101,Coca-Cola 330ml Can,Beverage,North,0,5,0,4.8,1.2,0.0,Normal,0,1.26,None,24,7,40
2025-09-03,STORE-01,SKU-101,Coca-Cola 330ml Can,Beverage,North,0,6,0,5.7,1.2,0.0,Normal,0,1.26,None,24,7,40
2025-09-04,STORE-01,SKU-101,Coca-Cola 330ml Can,Beverage,North,0,2,0,1.9,1.2,0.0,Normal,0,1.26,None,24,7,40
2025-09-05,STORE-01,SKU-101,Coca-Cola 330ml Can,Beverage,North,0,5,0,4.8,1.2,0.0,Normal,0,1.26,None,24,7,40
2025-09-06,STORE-01,SKU-101,Coca-Cola 330ml Can,Beverage,North,0,7,0,6.6,1.2,0.0,Normal,0,1.26,None,24,7,40
2025-09-07,STORE-01,SKU-101,Coca-Cola 330ml Can,Beverage,North,0,3,0,2.8,1.2,0.0,Normal,0,1.26,None,24,7,40
2024-09-08,STORE-01,SKU-202,HP LaserJet Drum Unit,Office,North,0,8,0,7.6,89.99,0.0,Normal,0,94.49,None,1,14,8
2024-09-09,STORE-01,SKU-202,HP LaserJet Drum Unit,Office,North,0,5,0,4.8,89.99,0.0,Normal,0,94.49,None,1,14,8
2024-09-10,STORE-01,SKU-202,HP LaserJet Drum Unit,Office,North,0,0,0,0.0,89.99,0.0,Normal,0,94.49,None,1,14,8
2024-09-11,STORE-01,SKU-202,HP LaserJet Drum Unit,Office,North,0,0,0,0.0,89.99,0.0,Normal,0,94.49,None,1,14,8
2024-09-12,STORE-01,SKU-202,HP LaserJet Drum Unit,Office,North,0,8,0,7.6,89.99,0.0,Normal,0,94.49,None,1,14,8
2024-09-13,STORE-01,SKU-202,HP LaserJet Drum Unit,Office,North,0,7,0,6.6,89.99,0.0,Normal,0,94.49,None,1,14,8
2024-09-14,STORE-01,SKU-202,HP LaserJet Drum Unit,Office,North,0,4,0,3.8,89.99,0.0,Normal,0,94.49,None,1,14,8
2024-09-15,STORE-01,SKU-202,HP LaserJet Drum Unit,Office,North,0,0,0,0.0,89.99,0.0,Normal,0,94.49,None,1,14,8
2024-09-16,STORE-01,SKU-202,HP LaserJet Drum Unit,Office,North,0,6,0,5.7,89.99,0.0,Normal,0,94.49,None,1,14,8
2024-09-17,STORE-01,SKU-202,HP LaserJet Drum Unit,Office,North,0,0,0,0.0,89.99,0.0,Normal,0,94.49,None,1,14,8
2024-09-18,STORE-01,SKU-202,HP LaserJet Drum Unit,Office,North,0,0,0,0.0,89.99,0.0,Normal,0,94.49,None,1,14,8
2024-09-19,STORE-01,SKU-202,HP LaserJet Drum Unit,Office,North,0,6,0,5.7,89.99,0.0,Normal,0,94.49,None,1,14,8
2024-09-20,STORE-01,SKU-202,HP LaserJet Drum Unit,Office,North,0,0,0,0.0,89.99,0.0,Normal,0,94.49,None,1,14,8
2024-09-21,STORE-01,SKU-202,HP LaserJet Drum Unit,Office,North,0,0,0,0.0,89.99,0.0,Normal,0,94.49,None,1,14,8
2024-09-22,STORE-01,SKU-202,HP LaserJet Drum Unit,Office,North,0,0,0,0.0,89.99,0.0,Normal,0,94.49,None,1,14,8
2024-09-23,STORE-01,SKU-202,HP LaserJet Drum Unit,Office,North,0,0,0,0.0,89.99,0.0,Normal,0,94.49,None,1,14,8
2024-09-24,STORE-01,SKU-202,HP LaserJet Drum Unit,Office,North,0,0,0,0.0,89.99,0.0,Normal,0,94.49,None,1,14,8
2024-09-25,STORE-01,SKU-202,HP LaserJet Drum Unit,Office,North,0,1,0,1.0,89.99,0.0,Normal,0,94.49,None,1,14,8
2024-09-26,STORE-01,SKU-202,HP LaserJet Drum Unit,Office,North,0,0,0,0.0,89.99,0.0,Normal,0,94.49,None,1,14,8
2024-09-27,STORE-01,SKU-202,HP LaserJet Drum Unit,Office,North,0,0,0,0.0,89.99,0.0,Normal,0,94.49,None,1,14,8
2024-09-28,STORE-01,SKU-202,HP LaserJet Drum Unit,Office,North,0,1,0,1.0,89.99,0.0,Normal,0,94.49,None,1,14,8
2024-09-29,STORE-01,SKU-202,HP LaserJet Drum Unit,Office,North,0,0,0,0.0,89.99,0.0,Normal,0,94.49,None,1,14,8
2024-09-30,STORE-01,SKU-202,HP LaserJet Drum Unit,Office,North,0,0,0,0.0,89.99,0.0,Normal,0,94.49,None,1,14,8
2024-10-01,STORE-01,SKU-202,HP LaserJet Drum Unit,Office,North,0,2,0,1.9,89.99,0.0,Normal,0,94.49,None,1,14,8
2024-10-02,STORE-01,SKU-202,HP LaserJet Drum Unit,Office,North,0,6,0,5.7,89.99,0.0,Normal,0,94.49,None,1,14,8
2024-10-03,STORE-01,SKU-202,HP LaserJet Drum Unit,Office,North,0,0,0,0.0,89.99,0.0,Normal,0,94.49,None,1,14,8
2024-10-04,STORE-01,SKU-202,HP LaserJet Drum Unit,Office,North,0,0,0,0.0,89.99,0.0,Normal,0,94.49,None,1,14,8
2024-10-05,STORE-01,SKU-202,HP LaserJet Drum Unit,Office,North,0,6,0,5.7,89.99,0.0,Normal,0,94.49,None,1,14,8
2024-10-06,STORE-01,SKU-202,HP LaserJet Drum Unit,Office,North,0,0,0,0.0,89.99,0.0,Normal,0,94.49,None,1,14,8
2024-10-07,STORE-01,SKU-202,HP LaserJet Drum Unit,Office,North,0,7,0,6.6,89.99,0.0,Normal,0,94.49,None,1,14,8
2024-10-08,STORE-01,SKU-202,HP LaserJet Drum Unit,Office,North,0,0,0,0.0,89.99,0.0,Normal,0,94.49,None,1,14,8
2024-10-09,STORE-01,SKU-202,HP LaserJet Drum Unit,Office,North,0,0,0,0.0,89.99,0.0,Normal,0,94.49,None,1,14,8
2024-10-10,STORE-01,SKU-202,HP LaserJet Drum Unit,Office,North,0,0,0,0.0,89.99,0.0,Normal,0,94.49,None,1,14,8
2024-10-11,STORE-01,SKU-202,HP LaserJet Drum Unit,Office,North,0,2,0,1.9,89.99,0.0,Normal,0,94.49,None,1,14,8
2024-10-12,STORE-01,SKU-202,HP LaserJet Drum Unit,Office,North,0,0,0,0.0,89.99,0.0,Normal,0,94.49,None,1,14,8
2024-10-13,STORE-01,SKU-202,HP LaserJet Drum Unit,Office,North,0,9,0,8.5,89.99,0.0,Normal,0,94.49,None,1,14,8
2024-10-14,STORE-01,SKU-202,HP LaserJet Drum Unit,Office,North,0,0,0,0.0,89.99,0.0,Normal,0,94.49,None,1,14,8
2024-10-15,STORE-01,SKU-202,HP LaserJet Drum Unit,Office,North,0,0,0,0.0,89.99,0.0,Normal,0,94.49,None,1,14,8
2024-10-16,STORE-01,SKU-202,HP LaserJet Drum Unit,Office,North,0,0,0,0.0,89.99,0.0,Normal,0,94.49,None,1,14,8
2024-10-17,STORE-01,SKU-202,HP LaserJet Drum Unit,Office,North,0,8,0,7.6,89.99,0.0,Normal,0,94.49,None,1,14,8
2024-10-18,STORE-01,SKU-202,HP LaserJet Drum Unit,Office,North,0,3,0,2.8,89.99,0.0,Normal,0,94.49,None,1,14,8
2024-10-19,STORE-01,SKU-202,HP LaserJet Drum Unit,Office,North,0,0,0,0.0,89.99,0.0,Normal,0,94.49,None,1,14,8
2024-10-20,STORE-01,SKU-202,HP LaserJet Drum Unit,Office,North,0,2,0,1.9,89.99,0.0,Normal,0,94.49,None,1,14,8
2024-10-21,STORE-01,SKU-202,HP LaserJet Drum Unit,Office,North,0,5,0,4.8,89.99,0.0,Normal,0,94.49,None,1,14,8
2024-10-22,STORE-01,SKU-202,HP LaserJet Drum Unit,Office,North,0,0,0,0.0,89.99,0.0,Normal,0,94.49,None,1,14,8
2024-10-23,STORE-01,SKU-202,HP LaserJet Drum Unit,Office,North,0,0,0,0.0,89.99,0.0,Normal,0,94.49,None,1,14,8
2024-10-24,STORE-01,SKU-202,HP LaserJet Drum Unit,Office,North,0,8,0,7.6,89.99,0.0,Normal,0,94.49,None,1,14,8
2024-10-25,STORE-01,SKU-202,HP LaserJet Drum Unit,Office,North,0,0,0,0.0,89.99,0.0,Normal,0,94.49,None,1,14,8
2024-10-26,STORE-01,SKU-202,HP LaserJet Drum Unit,Office,North,0,0,0,0.0,89.99,0.0,Normal,0,94.49,None,1,14,8
2024-10-27,STORE-01,SKU-202,HP LaserJet Drum Unit,Office,North,0,0,0,0.0,89.99,0.0,Normal,0,94.49,None,1,14,8
2024-10-28,STORE-01,SKU-202,HP LaserJet Drum Unit,Office,North,0,0,0,0.0,89.99,0.0,Normal,0,94.49,None,1,14,8
2024-10-29,STORE-01,SKU-202,HP LaserJet Drum Unit,Office,North,0,0,0,0.0,89.99,0.0,Normal,0,94.49,None,1,14,8
2024-10-30,STORE-01,SKU-202,HP LaserJet Drum Unit,Office,North,0,0,0,0.0,89.99,0.0,Normal,0,94.49,None,1,14,8
2024-10-31,STORE-01,SKU-202,HP LaserJet Drum Unit,Office,North,0,0,0,0.0,89.99,0.0,Normal,0,94.49,None,1,14,8
2024-11-01,STORE-01,SKU-202,HP LaserJet Drum Unit,Office,North,0,0,0,0.0,89.99,0.0,Normal,0,94.49,None,1,14,8
2024-11-02,STORE-01,SKU-202,HP LaserJet Drum Unit,Office,North,0,4,0,3.8,89.99,0.0,Normal,0,94.49,None,1,14,8
2024-11-03,STORE-01,SKU-202,HP LaserJet Drum Unit,Office,North,0,9,0,8.5,89.99,0.0,Normal,0,94.49,None,1,14,8
2024-11-04,STORE-01,SKU-202,HP LaserJet Drum Unit,Office,North,0,6,0,5.7,89.99,0.0,Normal,0,94.49,None,1,14,8
2024-11-05,STORE-01,SKU-202,HP LaserJet Drum Unit,Office,North,0,0,0,0.0,89.99,0.0,Normal,0,94.49,None,1,14,8
2024-11-06,STORE-01,SKU-202,HP LaserJet Drum Unit,Office,North,0,0,0,0.0,89.99,0.0,Normal,0,94.49,None,1,14,8
2024-11-07,STORE-01,SKU-202,HP LaserJet Drum Unit,Office,North,0,0,0,0.0,89.99,0.0,Normal,0,94.49,None,1,14,8
2024-11-08,STORE-01,SKU-202,HP LaserJet Drum Unit,Office,North,0,0,0,0.0,89.99,0.0,Normal,0,94.49,None,1,14,8
2024-11-09,STORE-01,SKU-202,HP LaserJet Drum Unit,Office,North,0,0,0,0.0,89.99,0.0,Normal,0,94.49,None,1,14,8
2024-11-10,STORE-01,SKU-202,HP LaserJet Drum Unit,Office,North,0,3,0,2.8,89.99,0.0,Normal,0,94.49,None,1,14,8
2024-11-11,STORE-01,SKU-202,HP LaserJet Drum Unit,Office,North,0,0,0,0.0,89.99,0.0,Normal,0,94.49,None,1,14,8
2024-11-12,STORE-01,SKU-202,HP LaserJet Drum Unit,Office,North,0,0,0,0.0,89.99,0.0,Normal,0,94.49,None,1,14,8
2024-11-13,STORE-01,SKU-202,HP LaserJet Drum Unit,Office,North,0,3,0,2.8,89.99,0.0,Normal,0,94.49,None,1,14,8
2024-11-14,STORE-01,SKU-202,HP LaserJet Drum Unit,Office,North,0,0,0,0.0,89.99,0.0,Normal,0,94.49,None,1,14,8
2024-11-15,STORE-01,SKU-202,HP LaserJet Drum Unit,Office,North,0,0,0,0.0,89.99,0.0,Normal,0,94.49,None,1,14,8
2024-11-16,STORE-01,SKU-202,HP LaserJet Drum Unit,Office,North,0,0,0,0.0,89.99,0.0,Normal,0,94.49,None,1,14,8
2024-11-17,STORE-01,SKU-202,HP LaserJet Drum Unit,Office,North,0,0,0,0.0,89.99,0.0,Normal,0,94.49,None,1,14,8
2024-11-18,STORE-01,SKU-202,HP LaserJet Drum Unit,Office,North,0,7,0,6.6,89.99,0.0,Normal,0,94.49,None,1,14,8
2024-11-19,STORE-01,SKU-202,HP LaserJet Drum Unit,Office,North,0,9,0,8.5,89.99,0.0,Normal,0,94.49,None,1,14,8
2024-11-20,STORE-01,SKU-202,HP LaserJet Drum Unit,Office,North,0,9,0,8.5,89.99,0.0,Normal,0,94.49,None,1,14,8
2024-11-21,STORE-01,SKU-202,HP LaserJet Drum Unit,Office,North,0,1,0,1.0,89.99,0.0,Normal,0,94.49,None,1,14,8
2024-11-22,STORE-01,SKU-202,HP LaserJet Drum Unit,Office,North,0,0,0,0.0,89.99,0.0,Normal,0,94.49,None,1,14,8
2024-11-23,STORE-01,SKU-202,HP LaserJet Drum Unit,Office,North,0,0,0,0.0,89.99,0.0,Normal,0,94.49,None,1,14,8
2024-11-24,STORE-01,SKU-202,HP LaserJet Drum Unit,Office,North,0,13,0,12.4,89.99,0.0,Normal,0,94.49,None,1,14,8
2024-11-25,STORE-01,SKU-202,HP LaserJet Drum Unit,Office,North,0,0,0,0.0,89.99,0.0,Normal,0,94.49,None,1,14,8
2024-11-26,STORE-01,SKU-202,HP LaserJet Drum Unit,Office,North,0,0,0,0.0,89.99,0.0,Normal,0,94.49,None,1,14,8
2024-11-27,STORE-01,SKU-202,HP LaserJet Drum Unit,Office,North,0,0,0,0.0,89.99,0.0,Normal,0,94.49,None,1,14,8
2024-11-28,STORE-01,SKU-202,HP LaserJet Drum Unit,Office,North,0,0,0,0.0,89.99,0.0,Normal,0,94.49,None,1,14,8
2024-11-29,STORE-01,SKU-202,HP LaserJet Drum Unit,Office,North,0,0,0,0.0,89.99,0.0,Normal,0,94.49,None,1,14,8
2024-11-30,STORE-01,SKU-202,HP LaserJet Drum Unit,Office,North,0,0,0,0.0,89.99,0.0,Normal,0,94.49,None,1,14,8
2024-12-01,STORE-01,SKU-202,HP LaserJet Drum Unit,Office,North,0,7,0,6.6,89.99,0.0,Normal,0,94.49,None,1,14,8
2024-12-02,STORE-01,SKU-202,HP LaserJet Drum Unit,Office,North,0,0,0,0.0,89.99,0.0,Normal,0,94.49,None,1,14,8
2024-12-03,STORE-01,SKU-202,HP LaserJet Drum Unit,Office,North,0,0,0,0.0,89.99,0.0,Normal,0,94.49,None,1,14,8
2024-12-04,STORE-01,SKU-202,HP LaserJet Drum Unit,Office,North,0,0,0,0.0,89.99,0.0,Normal,0,94.49,None,1,14,8
2024-12-05,STORE-01,SKU-202,HP LaserJet Drum Unit,Office,North,0,0,0,0.0,89.99,0.0,Normal,0,94.49,None,1,14,8
2024-12-06,STORE-01,SKU-202,HP LaserJet Drum Unit,Office,North,0,0,0,0.0,89.99,0.0,Normal,0,94.49,None,1,14,8
2024-12-07,STORE-01,SKU-202,HP LaserJet Drum Unit,Office,North,0,0,0,0.0,89.99,0.0,Normal,0,94.49,None,1,14,8
2024-12-08,STORE-01,SKU-202,HP LaserJet Drum Unit,Office,North,0,0,0,0.0,89.99,0.0,Normal,0,94.49,None,1,14,8
2024-12-09,STORE-01,SKU-202,HP LaserJet Drum Unit,Office,North,0,0,0,0.0,89.99,0.0,Normal,0,94.49,None,1,14,8
2024-12-10,STORE-01,SKU-202,HP LaserJet Drum Unit,Office,North,0,0,0,0.0,89.99,0.0,Normal,0,94.49,None,1,14,8
2024-12-11,STORE-01,SKU-202,HP LaserJet Drum Unit,Office,North,0,0,0,0.0,89.99,0.0,Normal,0,94.49,None,1,14,8
2024-12-12,STORE-01,SKU-202,HP LaserJet Drum Unit,Office,North,0,5,0,4.8,89.99,0.0,Normal,0,94.49,None,1,14,8
2024-12-13,STORE-01,SKU-202,HP LaserJet Drum Unit,Office,North,0,0,0,0.0,89.99,0.0,Normal,0,94.49,None,1,14,8
2024-12-14,STORE-01,SKU-202,HP LaserJet Drum Unit,Office,North,0,3,0,2.8,89.99,0.0,Normal,0,94.49,None,1,14,8
2024-12-15,STORE-01,SKU-202,HP LaserJet Drum Unit,Office,North,0,3,0,2.8,89.99,0.0,Normal,0,94.49,None,1,14,8
2024-12-16,STORE-01,SKU-202,HP LaserJet Drum Unit,Office,North,0,0,0,0.0,89.99,0.0,Normal,0,94.49,None,1,14,8
2024-12-17,STORE-01,SKU-202,HP LaserJet Drum Unit,Office,North,0,0,0,0.0,89.99,0.0,Normal,0,94.49,None,1,14,8
2024-12-18,STORE-01,SKU-202,HP LaserJet Drum Unit,Office,North,0,3,0,2.8,89.99,0.0,Normal,0,94.49,None,1,14,8
2024-12-19,STORE-01,SKU-202,HP LaserJet Drum Unit,Office,North,0,6,0,5.7,89.99,0.0,Normal,0,94.49,None,1,14,8
2024-12-20,STORE-01,SKU-202,HP LaserJet Drum Unit,Office,North,0,4,0,3.8,89.99,0.0,Normal,0,94.49,None,1,14,8
2024-12-21,STORE-01,SKU-202,HP LaserJet Drum Unit,Office,North,0,0,0,0.0,89.99,0.0,Normal,0,94.49,None,1,14,8
2024-12-22,STORE-01,SKU-202,HP LaserJet Drum Unit,Office,North,0,0,0,0.0,89.99,0.0,Normal,0,94.49,None,1,14,8
2024-12-23,STORE-01,SKU-202,HP LaserJet Drum Unit,Office,North,0,3,0,2.8,89.99,0.0,Normal,0,94.49,None,1,14,8
2024-12-24,STORE-01,SKU-202,HP LaserJet Drum Unit,Office,North,0,4,0,3.8,89.99,0.0,Normal,0,94.49,None,1,14,8
2024-12-25,STORE-01,SKU-202,HP LaserJet Drum Unit,Office,North,0,0,0,0.0,89.99,0.0,Normal,0,94.49,None,1,14,8
2024-12-26,STORE-01,SKU-202,HP LaserJet Drum Unit,Office,North,0,1,0,1.0,89.99,0.0,Normal,0,94.49,None,1,14,8
2024-12-27,STORE-01,SKU-202,HP LaserJet Drum Unit,Office,North,0,0,0,0.0,89.99,0.0,Normal,0,94.49,None,1,14,8
2024-12-28,STORE-01,SKU-202,HP LaserJet Drum Unit,Office,North,0,0,0,0.0,89.99,0.0,Normal,0,94.49,None,1,14,8
2024-12-29,STORE-01,SKU-202,HP LaserJet Drum Unit,Office,North,0,0,0,0.0,89.99,0.0,Normal,0,94.49,None,1,14,8
2024-12-30,STORE-01,SKU-202,HP LaserJet Drum Unit,Office,North,0,8,0,7.6,89.99,0.0,Normal,0,94.49,None,1,14,8
2024-12-31,STORE-01,SKU-202,HP LaserJet Drum Unit,Office,North,0,0,0,0.0,89.99,0.0,Normal,0,94.49,None,1,14,8
2025-01-01,STORE-01,SKU-202,HP LaserJet Drum Unit,Office,North,0,4,0,3.8,89.99,0.0,Normal,0,94.49,None,1,14,8
2025-01-02,STORE-01,SKU-202,HP LaserJet Drum Unit,Office,North,0,0,0,0.0,89.99,0.0,Normal,0,94.49,None,1,14,8
2025-01-03,STORE-01,SKU-202,HP LaserJet Drum Unit,Office,North,0,0,0,0.0,89.99,0.0,Normal,0,94.49,None,1,14,8
2025-01-04,STORE-01,SKU-202,HP LaserJet Drum Unit,Office,North,0,0,0,0.0,89.99,0.0,Normal,0,94.49,None,1,14,8
2025-01-05,STORE-01,SKU-202,HP LaserJet Drum Unit,Office,North,0,0,0,0.0,89.99,0.0,Normal,0,94.49,None,1,14,8
2025-01-06,STORE-01,SKU-202,HP LaserJet Drum Unit,Office,North,0,6,0,5.7,89.99,0.0,Normal,0,94.49,None,1,14,8
2025-01-07,STORE-01,SKU-202,HP LaserJet Drum Unit,Office,North,0,0,0,0.0,89.99,0.0,Normal,0,94.49,None,1,14,8
2025-01-08,STORE-01,SKU-202,HP LaserJet Drum Unit,Office,North,0,0,0,0.0,89.99,0.0,Normal,0,94.49,None,1,14,8
2025-01-09,STORE-01,SKU-202,HP LaserJet Drum Unit,Office,North,0,6,0,5.7,89.99,0.0,Normal,0,94.49,None,1,14,8
2025-01-10,STORE-01,SKU-202,HP LaserJet Drum Unit,Office,North,0,0,0,0.0,89.99,0.0,Normal,0,94.49,None,1,14,8
2025-01-11,STORE-01,SKU-202,HP LaserJet Drum Unit,Office,North,0,0,0,0.0,89.99,0.0,Normal,0,94.49,None,1,14,8
2025-01-12,STORE-01,SKU-202,HP LaserJet Drum Unit,Office,North,0,0,0,0.0,89.99,0.0,Normal,0,94.49,None,1,14,8
2025-01-13,STORE-01,SKU-202,HP LaserJet Drum Unit,Office,North,0,0,0,0.0,89.99,0.0,Normal,0,94.49,None,1,14,8
2025-01-14,STORE-01,SKU-202,HP LaserJet Drum Unit,Office,North,0,0,0,0.0,89.99,0.0,Normal,0,94.49,None,1,14,8
2025-01-15,STORE-01,SKU-202,HP LaserJet Drum Unit,Office,North,0,0,0,0.0,89.99,0.0,Normal,0,94.49,None,1,14,8
2025-01-16,STORE-01,SKU-202,HP LaserJet Drum Unit,Office,North,0,10,0,9.5,89.99,0.0,Normal,0,94.49,None,1,14,8
2025-01-17,STORE-01,SKU-202,HP LaserJet Drum Unit,Office,North,0,0,0,0.0,89.99,0.0,Normal,0,94.49,None,1,14,8
2025-01-18,STORE-01,SKU-202,HP LaserJet Drum Unit,Office,North,0,5,0,4.8,89.99,0.0,Normal,0,94.49,None,1,14,8
2025-01-19,STORE-01,SKU-202,HP LaserJet Drum Unit,Office,North,0,0,0,0.0,89.99,0.0,Normal,0,94.49,None,1,14,8
2025-01-20,STORE-01,SKU-202,HP LaserJet Drum Unit,Office,North,0,0,0,0.0,89.99,0.0,Normal,0,94.49,None,1,14,8
2025-01-21,STORE-01,SKU-202,HP LaserJet Drum Unit,Office,North,0,0,0,0.0,89.99,0.0,Normal,0,94.49,None,1,14,8
2025-01-22,STORE-01,SKU-202,HP LaserJet Drum Unit,Office,North,0,2,0,1.9,89.99,0.0,Normal,0,94.49,None,1,14,8
2025-01-23,STORE-01,SKU-202,HP LaserJet Drum Unit,Office,North,0,3,0,2.8,89.99,0.0,Normal,0,94.49,None,1,14,8
2025-01-24,STORE-01,SKU-202,HP LaserJet Drum Unit,Office,North,0,0,0,0.0,89.99,0.0,Normal,0,94.49,None,1,14,8
2025-01-25,STORE-01,SKU-202,HP LaserJet Drum Unit,Office,North,0,6,0,5.7,89.99,0.0,Normal,0,94.49,None,1,14,8
2025-01-26,STORE-01,SKU-202,HP LaserJet Drum Unit,Office,North,0,3,0,2.8,89.99,0.0,Normal,0,94.49,None,1,14,8
2025-01-27,STORE-01,SKU-202,HP LaserJet Drum Unit,Office,North,0,0,0,0.0,89.99,0.0,Normal,0,94.49,None,1,14,8
2025-01-28,STORE-01,SKU-202,HP LaserJet Drum Unit,Office,North,0,0,0,0.0,89.99,0.0,Normal,0,94.49,None,1,14,8
2025-01-29,STORE-01,SKU-202,HP LaserJet Drum Unit,Office,North,0,0,0,0.0,89.99,0.0,Normal,0,94.49,None,1,14,8
2025-01-30,STORE-01,SKU-202,HP LaserJet Drum Unit,Office,North,0,0,0,0.0,89.99,0.0,Normal,0,94.49,None,1,14,8
2025-01-31,STORE-01,SKU-202,HP LaserJet Drum Unit,Office,North,0,0,0,0.0,89.99,0.0,Normal,0,94.49,None,1,14,8
2025-02-01,STORE-01,SKU-202,HP LaserJet Drum Unit,Office,North,0,0,0,0.0,89.99,0.0,Normal,0,94.49,None,1,14,8
2025-02-02,STORE-01,SKU-202,HP LaserJet Drum Unit,Office,North,0,0,0,0.0,89.99,0.0,Normal,0,94.49,None,1,14,8
2025-02-03,STORE-01,SKU-202,HP LaserJet Drum Unit,Office,North,0,0,0,0.0,89.99,0.0,Normal,0,94.49,None,1,14,8
2025-02-04,STORE-01,SKU-202,HP LaserJet Drum Unit,Office,North,0,0,0,0.0,89.99,0.0,Normal,0,94.49,None,1,14,8
2025-02-05,STORE-01,SKU-202,HP LaserJet Drum Unit,Office,North,0,0,0,0.0,89.99,0.0,Normal,0,94.49,None,1,14,8
2025-02-06,STORE-01,SKU-202,HP LaserJet Drum Unit,Office,North,0,0,0,0.0,89.99,0.0,Normal,0,94.49,None,1,14,8
2025-02-07,STORE-01,SKU-202,HP LaserJet Drum Unit,Office,North,0,0,0,0.0,89.99,0.0,Normal,0,94.49,None,1,14,8
2025-02-08,STORE-01,SKU-202,HP LaserJet Drum Unit,Office,North,0,0,0,0.0,89.99,0.0,Normal,0,94.49,None,1,14,8
2025-02-09,STORE-01,SKU-202,HP LaserJet Drum Unit,Office,North,0,0,0,0.0,89.99,0.0,Normal,0,94.49,None,1,14,8
2025-02-10,STORE-01,SKU-202,HP LaserJet Drum Unit,Office,North,0,2,0,1.9,89.99,0.0,Normal,0,94.49,None,1,14,8
2025-02-11,STORE-01,SKU-202,HP LaserJet Drum Unit,Office,North,0,6,0,5.7,89.99,0.0,Normal,0,94.49,None,1,14,8
2025-02-12,STORE-01,SKU-202,HP LaserJet Drum Unit,Office,North,0,0,0,0.0,89.99,0.0,Normal,0,94.49,None,1,14,8
2025-02-13,STORE-01,SKU-202,HP LaserJet Drum Unit,Office,North,0,3,0,2.8,89.99,0.0,Normal,0,94.49,None,1,14,8
2025-02-14,STORE-01,SKU-202,HP LaserJet Drum Unit,Office,North,0,0,0,0.0,89.99,0.0,Normal,0,94.49,None,1,14,8
2025-02-15,STORE-01,SKU-202,HP LaserJet Drum Unit,Office,North,0,0,0,0.0,89.99,0.0,Normal,0,94.49,None,1,14,8
2025-02-16,STORE-01,SKU-202,HP LaserJet Drum Unit,Office,North,0,0,0,0.0,89.99,0.0,Normal,0,94.49,None,1,14,8
2025-02-17,STORE-01,SKU-202,HP LaserJet Drum Unit,Office,North,0,3,0,2.8,89.99,0.0,Normal,0,94.49,None,1,14,8
2025-02-18,STORE-01,SKU-202,HP LaserJet Drum Unit,Office,North,0,0,0,0.0,89.99,0.0,Normal,0,94.49,None,1,14,8
2025-02-19,STORE-01,SKU-202,HP LaserJet Drum Unit,Office,North,0,0,0,0.0,89.99,0.0,Normal,0,94.49,None,1,14,8
2025-02-20,STORE-01,SKU-202,HP LaserJet Drum Unit,Office,North,0,7,0,6.6,89.99,0.0,Normal,0,94.49,None,1,14,8
2025-02-21,STORE-01,SKU-202,HP LaserJet Drum Unit,Office,North,0,5,0,4.8,89.99,0.0,Normal,0,94.49,None,1,14,8
2025-02-22,STORE-01,SKU-202,HP LaserJet Drum Unit,Office,North,0,11,0,10.4,89.99,0.0,Normal,0,94.49,None,1,14,8
2025-02-23,STORE-01,SKU-202,HP LaserJet Drum Unit,Office,North,0,4,0,3.8,89.99,0.0,Normal,0,94.49,None,1,14,8
2025-02-24,STORE-01,SKU-202,HP LaserJet Drum Unit,Office,North,0,6,0,5.7,89.99,0.0,Normal,0,94.49,None,1,14,8
2025-02-25,STORE-01,SKU-202,HP LaserJet Drum Unit,Office,North,0,0,0,0.0,89.99,0.0,Normal,0,94.49,None,1,14,8
2025-02-26,STORE-01,SKU-202,HP LaserJet Drum Unit,Office,North,0,0,0,0.0,89.99,0.0,Normal,0,94.49,None,1,14,8
2025-02-27,STORE-01,SKU-202,HP LaserJet Drum Unit,Office,North,0,7,0,6.6,89.99,0.0,Normal,0,94.49,None,1,14,8
2025-02-28,STORE-01,SKU-202,HP LaserJet Drum Unit,Office,North,0,4,0,3.8,89.99,0.0,Normal,0,94.49,None,1,14,8
2025-03-01,STORE-01,SKU-202,HP LaserJet Drum Unit,Office,North,0,6,0,5.7,89.99,0.0,Normal,0,94.49,None,1,14,8
2025-03-02,STORE-01,SKU-202,HP LaserJet Drum Unit,Office,North,0,0,0,0.0,89.99,0.0,Normal,0,94.49,None,1,14,8
2025-03-03,STORE-01,SKU-202,HP LaserJet Drum Unit,Office,North,0,0,0,0.0,89.99,0.0,Normal,0,94.49,None,1,14,8
2025-03-04,STORE-01,SKU-202,HP LaserJet Drum Unit,Office,North,0,0,0,0.0,89.99,0.0,Normal,0,94.49,None,1,14,8
2025-03-05,STORE-01,SKU-202,HP LaserJet Drum Unit,Office,North,0,9,0,8.5,89.99,0.0,Normal,0,94.49,None,1,14,8
2025-03-06,STORE-01,SKU-202,HP LaserJet Drum Unit,Office,North,0,6,0,5.7,89.99,0.0,Normal,0,94.49,None,1,14,8
2025-03-07,STORE-01,SKU-202,HP LaserJet Drum Unit,Office,North,0,0,0,0.0,89.99,0.0,Normal,0,94.49,None,1,14,8
2025-03-08,STORE-01,SKU-202,HP LaserJet Drum Unit,Office,North,0,6,0,5.7,89.99,0.0,Normal,0,94.49,None,1,14,8
2025-03-09,STORE-01,SKU-202,HP LaserJet Drum Unit,Office,North,0,1,0,1.0,89.99,0.0,Normal,0,94.49,None,1,14,8
2025-03-10,STORE-01,SKU-202,HP LaserJet Drum Unit,Office,North,0,3,0,2.8,89.99,0.0,Normal,0,94.49,None,1,14,8
2025-03-11,STORE-01,SKU-202,HP LaserJet Drum Unit,Office,North,0,0,0,0.0,89.99,0.0,Normal,0,94.49,None,1,14,8
2025-03-12,STORE-01,SKU-202,HP LaserJet Drum Unit,Office,North,0,0,0,0.0,89.99,0.0,Normal,0,94.49,None,1,14,8
2025-03-13,STORE-01,SKU-202,HP LaserJet Drum Unit,Office,North,0,0,0,0.0,89.99,0.0,Normal,0,94.49,None,1,14,8
2025-03-14,STORE-01,SKU-202,HP LaserJet Drum Unit,Office,North,0,0,0,0.0,89.99,0.0,Normal,0,94.49,None,1,14,8
2025-03-15,STORE-01,SKU-202,HP LaserJet Drum Unit,Office,North,0,5,0,4.8,89.99,0.0,Normal,0,94.49,None,1,14,8
2025-03-16,STORE-01,SKU-202,HP LaserJet Drum Unit,Office,North,0,0,0,0.0,89.99,0.0,Normal,0,94.49,None,1,14,8
2025-03-17,STORE-01,SKU-202,HP LaserJet Drum Unit,Office,North,0,5,0,4.8,89.99,0.0,Normal,0,94.49,None,1,14,8
2025-03-18,STORE-01,SKU-202,HP LaserJet Drum Unit,Office,North,0,0,0,0.0,89.99,0.0,Normal,0,94.49,None,1,14,8
2025-03-19,STORE-01,SKU-202,HP LaserJet Drum Unit,Office,North,0,0,0,0.0,89.99,0.0,Normal,0,94.49,None,1,14,8
2025-03-20,STORE-01,SKU-202,HP LaserJet Drum Unit,Office,North,0,0,0,0.0,89.99,0.0,Normal,0,94.49,None,1,14,8
2025-03-21,STORE-01,SKU-202,HP LaserJet Drum Unit,Office,North,0,0,0,0.0,89.99,0.0,Normal,0,94.49,None,1,14,8
2025-03-22,STORE-01,SKU-202,HP LaserJet Drum Unit,Office,North,0,4,0,3.8,89.99,0.0,Normal,0,94.49,None,1,14,8
2025-03-23,STORE-01,SKU-202,HP LaserJet Drum Unit,Office,North,0,0,0,0.0,89.99,0.0,Normal,0,94.49,None,1,14,8
2025-03-24,STORE-01,SKU-202,HP LaserJet Drum Unit,Office,North,0,0,0,0.0,89.99,0.0,Normal,0,94.49,None,1,14,8
2025-03-25,STORE-01,SKU-202,HP LaserJet Drum Unit,Office,North,0,0,0,0.0,89.99,0.0,Normal,0,94.49,None,1,14,8
2025-03-26,STORE-01,SKU-202,HP LaserJet Drum Unit,Office,North,0,0,0,0.0,89.99,0.0,Normal,0,94.49,None,1,14,8
2025-03-27,STORE-01,SKU-202,HP LaserJet Drum Unit,Office,North,0,4,0,3.8,89.99,0.0,Normal,0,94.49,None,1,14,8
2025-03-28,STORE-01,SKU-202,HP LaserJet Drum Unit,Office,North,0,0,0,0.0,89.99,0.0,Normal,0,94.49,None,1,14,8
2025-03-29,STORE-01,SKU-202,HP LaserJet Drum Unit,Office,North,0,0,0,0.0,89.99,0.0,Normal,0,94.49,None,1,14,8
2025-03-30,STORE-01,SKU-202,HP LaserJet Drum Unit,Office,North,0,0,0,0.0,89.99,0.0,Normal,0,94.49,None,1,14,8
2025-03-31,STORE-01,SKU-202,HP LaserJet Drum Unit,Office,North,0,4,0,3.8,89.99,0.0,Normal,0,94.49,None,1,14,8
2025-04-01,STORE-01,SKU-202,HP LaserJet Drum Unit,Office,North,0,0,0,0.0,89.99,0.0,Normal,0,94.49,None,1,14,8
2025-04-02,STORE-01,SKU-202,HP LaserJet Drum Unit,Office,North,0,0,0,0.0,89.99,0.0,Normal,0,94.49,None,1,14,8
2025-04-03,STORE-01,SKU-202,HP LaserJet Drum Unit,Office,North,0,0,0,0.0,89.99,0.0,Normal,0,94.49,None,1,14,8
2025-04-04,STORE-01,SKU-202,HP LaserJet Drum Unit,Office,North,0,7,0,6.6,89.99,0.0,Normal,0,94.49,None,1,14,8
2025-04-05,STORE-01,SKU-202,HP LaserJet Drum Unit,Office,North,0,6,0,5.7,89.99,0.0,Normal,0,94.49,None,1,14,8
2025-04-06,STORE-01,SKU-202,HP LaserJet Drum Unit,Office,North,0,0,0,0.0,89.99,0.0,Normal,0,94.49,None,1,14,8
2025-04-07,STORE-01,SKU-202,HP LaserJet Drum Unit,Office,North,0,8,0,7.6,89.99,0.0,Normal,0,94.49,None,1,14,8
2025-04-08,STORE-01,SKU-202,HP LaserJet Drum Unit,Office,North,0,0,0,0.0,89.99,0.0,Normal,0,94.49,None,1,14,8
2025-04-09,STORE-01,SKU-202,HP LaserJet Drum Unit,Office,North,0,0,0,0.0,89.99,0.0,Normal,0,94.49,None,1,14,8
2025-04-10,STORE-01,SKU-202,HP LaserJet Drum Unit,Office,North,0,3,0,2.8,89.99,0.0,Normal,0,94.49,None,1,14,8
2025-04-11,STORE-01,SKU-202,HP LaserJet Drum Unit,Office,North,0,3,0,2.8,89.99,0.0,Normal,0,94.49,None,1,14,8
2025-04-12,STORE-01,SKU-202,HP LaserJet Drum Unit,Office,North,0,0,0,0.0,89.99,0.0,Normal,0,94.49,None,1,14,8
2025-04-13,STORE-01,SKU-202,HP LaserJet Drum Unit,Office,North,0,4,0,3.8,89.99,0.0,Normal,0,94.49,None,1,14,8
2025-04-14,STORE-01,SKU-202,HP LaserJet Drum Unit,Office,North,0,0,0,0.0,89.99,0.0,Normal,0,94.49,None,1,14,8
2025-04-15,STORE-01,SKU-202,HP LaserJet Drum Unit,Office,North,0,0,0,0.0,89.99,0.0,Normal,0,94.49,None,1,14,8
2025-04-16,STORE-01,SKU-202,HP LaserJet Drum Unit,Office,North,0,0,0,0.0,89.99,0.0,Normal,0,94.49,None,1,14,8
2025-04-17,STORE-01,SKU-202,HP LaserJet Drum Unit,Office,North,0,0,0,0.0,89.99,0.0,Normal,0,94.49,None,1,14,8
2025-04-18,STORE-01,SKU-202,HP LaserJet Drum Unit,Office,North,0,0,0,0.0,89.99,0.0,Normal,0,94.49,None,1,14,8
2025-04-19,STORE-01,SKU-202,HP LaserJet Drum Unit,Office,North,0,0,0,0.0,89.99,0.0,Normal,0,94.49,None,1,14,8
2025-04-20,STORE-01,SKU-202,HP LaserJet Drum Unit,Office,North,0,5,0,4.8,89.99,0.0,Normal,0,94.49,None,1,14,8
2025-04-21,STORE-01,SKU-202,HP LaserJet Drum Unit,Office,North,0,0,0,0.0,89.99,0.0,Normal,0,94.49,None,1,14,8
2025-04-22,STORE-01,SKU-202,HP LaserJet Drum Unit,Office,North,0,0,0,0.0,89.99,0.0,Normal,0,94.49,None,1,14,8
2025-04-23,STORE-01,SKU-202,HP LaserJet Drum Unit,Office,North,0,0,0,0.0,89.99,0.0,Normal,0,94.49,None,1,14,8
2025-04-24,STORE-01,SKU-202,HP LaserJet Drum Unit,Office,North,0,0,0,0.0,89.99,0.0,Normal,0,94.49,None,1,14,8
2025-04-25,STORE-01,SKU-202,HP LaserJet Drum Unit,Office,North,0,0,0,0.0,89.99,0.0,Normal,0,94.49,None,1,14,8
2025-04-26,STORE-01,SKU-202,HP LaserJet Drum Unit,Office,North,0,4,0,3.8,89.99,0.0,Normal,0,94.49,None,1,14,8
2025-04-27,STORE-01,SKU-202,HP LaserJet Drum Unit,Office,North,0,3,0,2.8,89.99,0.0,Normal,0,94.49,None,1,14,8
2025-04-28,STORE-01,SKU-202,HP LaserJet Drum Unit,Office,North,0,2,0,1.9,89.99,0.0,Normal,0,94.49,None,1,14,8
2025-04-29,STORE-01,SKU-202,HP LaserJet Drum Unit,Office,North,0,0,0,0.0,89.99,0.0,Normal,0,94.49,None,1,14,8
2025-04-30,STORE-01,SKU-202,HP LaserJet Drum Unit,Office,North,0,2,0,1.9,89.99,0.0,Normal,0,94.49,None,1,14,8
2025-05-01,STORE-01,SKU-202,HP LaserJet Drum Unit,Office,North,0,0,0,0.0,89.99,0.0,Normal,0,94.49,None,1,14,8
2025-05-02,STORE-01,SKU-202,HP LaserJet Drum Unit,Office,North,0,5,0,4.8,89.99,0.0,Normal,0,94.49,None,1,14,8
2025-05-03,STORE-01,SKU-202,HP LaserJet Drum Unit,Office,North,0,3,0,2.8,89.99,0.0,Normal,0,94.49,None,1,14,8
2025-05-04,STORE-01,SKU-202,HP LaserJet Drum Unit,Office,North,0,0,0,0.0,89.99,0.0,Normal,0,94.49,None,1,14,8
2025-05-05,STORE-01,SKU-202,HP LaserJet Drum Unit,Office,North,0,0,0,0.0,89.99,0.0,Normal,0,94.49,None,1,14,8
2025-05-06,STORE-01,SKU-202,HP LaserJet Drum Unit,Office,North,0,0,0,0.0,89.99,0.0,Normal,0,94.49,None,1,14,8
2025-05-07,STORE-01,SKU-202,HP LaserJet Drum Unit,Office,North,0,0,0,0.0,89.99,0.0,Normal,0,94.49,None,1,14,8
2025-05-08,STORE-01,SKU-202,HP LaserJet Drum Unit,Office,North,0,0,0,0.0,89.99,0.0,Normal,0,94.49,None,1,14,8
2025-05-09,STORE-01,SKU-202,HP LaserJet Drum Unit,Office,North,0,4,0,3.8,89.99,0.0,Normal,0,94.49,None,1,14,8
2025-05-10,STORE-01,SKU-202,HP LaserJet Drum Unit,Office,North,0,0,0,0.0,89.99,0.0,Normal,0,94.49,None,1,14,8
2025-05-11,STORE-01,SKU-202,HP LaserJet Drum Unit,Office,North,0,4,0,3.8,89.99,0.0,Normal,0,94.49,None,1,14,8
2025-05-12,STORE-01,SKU-202,HP LaserJet Drum Unit,Office,North,0,0,0,0.0,89.99,0.0,Normal,0,94.49,None,1,14,8
2025-05-13,STORE-01,SKU-202,HP LaserJet Drum Unit,Office,North,0,0,0,0.0,89.99,0.0,Normal,0,94.49,None,1,14,8
2025-05-14,STORE-01,SKU-202,HP LaserJet Drum Unit,Office,North,0,0,0,0.0,89.99,0.0,Normal,0,94.49,None,1,14,8
2025-05-15,STORE-01,SKU-202,HP LaserJet Drum Unit,Office,North,0,9,0,8.5,89.99,0.0,Normal,0,94.49,None,1,14,8
2025-05-16,STORE-01,SKU-202,HP LaserJet Drum Unit,Office,North,0,4,0,3.8,89.99,0.0,Normal,0,94.49,None,1,14,8
2025-05-17,STORE-01,SKU-202,HP LaserJet Drum Unit,Office,North,0,4,0,3.8,89.99,0.0,Normal,0,94.49,None,1,14,8
2025-05-18,STORE-01,SKU-202,HP LaserJet Drum Unit,Office,North,0,0,0,0.0,89.99,0.0,Normal,0,94.49,None,1,14,8
2025-05-19,STORE-01,SKU-202,HP LaserJet Drum Unit,Office,North,0,0,0,0.0,89.99,0.0,Normal,0,94.49,None,1,14,8
2025-05-20,STORE-01,SKU-202,HP LaserJet Drum Unit,Office,North,0,0,0,0.0,89.99,0.0,Normal,0,94.49,None,1,14,8
2025-05-21,STORE-01,SKU-202,HP LaserJet Drum Unit,Office,North,0,5,0,4.8,89.99,0.0,Normal,0,94.49,None,1,14,8
2025-05-22,STORE-01,SKU-202,HP LaserJet Drum Unit,Office,North,0,0,0,0.0,89.99,0.0,Normal,0,94.49,None,1,14,8
2025-05-23,STORE-01,SKU-202,HP LaserJet Drum Unit,Office,North,0,4,0,3.8,89.99,0.0,Normal,0,94.49,None,1,14,8
2025-05-24,STORE-01,SKU-202,HP LaserJet Drum Unit,Office,North,0,0,0,0.0,89.99,0.0,Normal,0,94.49,None,1,14,8
2025-05-25,STORE-01,SKU-202,HP LaserJet Drum Unit,Office,North,0,0,0,0.0,89.99,0.0,Normal,0,94.49,None,1,14,8
2025-05-26,STORE-01,SKU-202,HP LaserJet Drum Unit,Office,North,0,12,0,11.4,89.99,0.0,Normal,0,94.49,None,1,14,8
2025-05-27,STORE-01,SKU-202,HP LaserJet Drum Unit,Office,North,0,0,0,0.0,89.99,0.0,Normal,0,94.49,None,1,14,8
2025-05-28,STORE-01,SKU-202,HP LaserJet Drum Unit,Office,North,0,9,0,8.5,89.99,0.0,Normal,0,94.49,None,1,14,8
2025-05-29,STORE-01,SKU-202,HP LaserJet Drum Unit,Office,North,0,0,0,0.0,89.99,0.0,Normal,0,94.49,None,1,14,8
2025-05-30,STORE-01,SKU-202,HP LaserJet Drum Unit,Office,North,0,0,0,0.0,89.99,0.0,Normal,0,94.49,None,1,14,8
2025-05-31,STORE-01,SKU-202,HP LaserJet Drum Unit,Office,North,0,6,0,5.7,89.99,0.0,Normal,0,94.49,None,1,14,8
2025-06-01,STORE-01,SKU-202,HP LaserJet Drum Unit,Office,North,0,0,0,0.0,89.99,0.0,Normal,0,94.49,None,1,14,8
2025-06-02,STORE-01,SKU-202,HP LaserJet Drum Unit,Office,North,0,0,0,0.0,89.99,0.0,Normal,0,94.49,None,1,14,8
2025-06-03,STORE-01,SKU-202,HP LaserJet Drum Unit,Office,North,0,0,0,0.0,89.99,0.0,Normal,0,94.49,None,1,14,8
2025-06-04,STORE-01,SKU-202,HP LaserJet Drum Unit,Office,North,0,0,0,0.0,89.99,0.0,Normal,0,94.49,None,1,14,8
2025-06-05,STORE-01,SKU-202,HP LaserJet Drum Unit,Office,North,0,0,0,0.0,89.99,0.0,Normal,0,94.49,None,1,14,8
2025-06-06,STORE-01,SKU-202,HP LaserJet Drum Unit,Office,North,0,0,0,0.0,89.99,0.0,Normal,0,94.49,None,1,14,8
2025-06-07,STORE-01,SKU-202,HP LaserJet Drum Unit,Office,North,0,0,0,0.0,89.99,0.0,Normal,0,94.49,None,1,14,8
2025-06-08,STORE-01,SKU-202,HP LaserJet Drum Unit,Office,North,0,0,0,0.0,89.99,0.0,Normal,0,94.49,None,1,14,8
2025-06-09,STORE-01,SKU-202,HP LaserJet Drum Unit,Office,North,0,6,0,5.7,89.99,0.0,Normal,0,94.49,None,1,14,8
2025-06-10,STORE-01,SKU-202,HP LaserJet Drum Unit,Office,North,0,2,0,1.9,89.99,0.0,Normal,0,94.49,None,1,14,8
2025-06-11,STORE-01,SKU-202,HP LaserJet Drum Unit,Office,North,0,0,0,0.0,89.99,0.0,Normal,0,94.49,None,1,14,8
2025-06-12,STORE-01,SKU-202,HP LaserJet Drum Unit,Office,North,0,3,0,2.8,89.99,0.0,Normal,0,94.49,None,1,14,8
2025-06-13,STORE-01,SKU-202,HP LaserJet Drum Unit,Office,North,0,9,0,8.5,89.99,0.0,Normal,0,94.49,None,1,14,8
2025-06-14,STORE-01,SKU-202,HP LaserJet Drum Unit,Office,North,0,9,0,8.5,89.99,0.0,Normal,0,94.49,None,1,14,8
2025-06-15,STORE-01,SKU-202,HP LaserJet Drum Unit,Office,North,0,0,0,0.0,89.99,0.0,Normal,0,94.49,None,1,14,8
2025-06-16,STORE-01,SKU-202,HP LaserJet Drum Unit,Office,North,0,2,0,1.9,89.99,0.0,Normal,0,94.49,None,1,14,8
2025-06-17,STORE-01,SKU-202,HP LaserJet Drum Unit,Office,North,0,0,0,0.0,89.99,0.0,Normal,0,94.49,None,1,14,8
2025-06-18,STORE-01,SKU-202,HP LaserJet Drum Unit,Office,North,0,0,0,0.0,89.99,0.0,Normal,0,94.49,None,1,14,8
2025-06-19,STORE-01,SKU-202,HP LaserJet Drum Unit,Office,North,0,0,0,0.0,89.99,0.0,Normal,0,94.49,None,1,14,8
2025-06-20,STORE-01,SKU-202,HP LaserJet Drum Unit,Office,North,0,6,0,5.7,89.99,0.0,Normal,0,94.49,None,1,14,8
2025-06-21,STORE-01,SKU-202,HP LaserJet Drum Unit,Office,North,0,0,0,0.0,89.99,0.0,Normal,0,94.49,None,1,14,8
2025-06-22,STORE-01,SKU-202,HP LaserJet Drum Unit,Office,North,0,0,0,0.0,89.99,0.0,Normal,0,94.49,None,1,14,8
2025-06-23,STORE-01,SKU-202,HP LaserJet Drum Unit,Office,North,0,0,0,0.0,89.99,0.0,Normal,0,94.49,None,1,14,8
2025-06-24,STORE-01,SKU-202,HP LaserJet Drum Unit,Office,North,0,0,0,0.0,89.99,0.0,Normal,0,94.49,None,1,14,8
2025-06-25,STORE-01,SKU-202,HP LaserJet Drum Unit,Office,North,0,7,0,6.6,89.99,0.0,Normal,0,94.49,None,1,14,8
2025-06-26,STORE-01,SKU-202,HP LaserJet Drum Unit,Office,North,0,0,0,0.0,89.99,0.0,Normal,0,94.49,None,1,14,8
2025-06-27,STORE-01,SKU-202,HP LaserJet Drum Unit,Office,North,0,4,0,3.8,89.99,0.0,Normal,0,94.49,None,1,14,8
2025-06-28,STORE-01,SKU-202,HP LaserJet Drum Unit,Office,North,0,0,0,0.0,89.99,0.0,Normal,0,94.49,None,1,14,8
2025-06-29,STORE-01,SKU-202,HP LaserJet Drum Unit,Office,North,0,0,0,0.0,89.99,0.0,Normal,0,94.49,None,1,14,8
2025-06-30,STORE-01,SKU-202,HP LaserJet Drum Unit,Office,North,0,9,0,8.5,89.99,0.0,Normal,0,94.49,None,1,14,8
2025-07-01,STORE-01,SKU-202,HP LaserJet Drum Unit,Office,North,0,0,0,0.0,89.99,0.0,Normal,0,94.49,None,1,14,8
2025-07-02,STORE-01,SKU-202,HP LaserJet Drum Unit,Office,North,0,4,0,3.8,89.99,0.0,Normal,0,94.49,None,1,14,8
2025-07-03,STORE-01,SKU-202,HP LaserJet Drum Unit,Office,North,0,0,0,0.0,89.99,0.0,Normal,0,94.49,None,1,14,8
2025-07-04,STORE-01,SKU-202,HP LaserJet Drum Unit,Office,North,0,0,0,0.0,89.99,0.0,Normal,0,94.49,None,1,14,8
2025-07-05,STORE-01,SKU-202,HP LaserJet Drum Unit,Office,North,0,3,0,2.8,89.99,0.0,Normal,0,94.49,None,1,14,8
2025-07-06,STORE-01,SKU-202,HP LaserJet Drum Unit,Office,North,0,6,0,5.7,89.99,0.0,Normal,0,94.49,None,1,14,8
2025-07-07,STORE-01,SKU-202,HP LaserJet Drum Unit,Office,North,0,0,0,0.0,89.99,0.0,Normal,0,94.49,None,1,14,8
2025-07-08,STORE-01,SKU-202,HP LaserJet Drum Unit,Office,North,0,6,0,5.7,89.99,0.0,Normal,0,94.49,None,1,14,8
2025-07-09,STORE-01,SKU-202,HP LaserJet Drum Unit,Office,North,0,0,0,0.0,89.99,0.0,Normal,0,94.49,None,1,14,8
2025-07-10,STORE-01,SKU-202,HP LaserJet Drum Unit,Office,North,0,0,0,0.0,89.99,0.0,Normal,0,94.49,None,1,14,8
2025-07-11,STORE-01,SKU-202,HP LaserJet Drum Unit,Office,North,0,0,0,0.0,89.99,0.0,Normal,0,94.49,None,1,14,8
2025-07-12,STORE-01,SKU-202,HP LaserJet Drum Unit,Office,North,0,5,0,4.8,89.99,0.0,Normal,0,94.49,None,1,14,8
2025-07-13,STORE-01,SKU-202,HP LaserJet Drum Unit,Office,North,0,0,0,0.0,89.99,0.0,Normal,0,94.49,None,1,14,8
2025-07-14,STORE-01,SKU-202,HP LaserJet Drum Unit,Office,North,0,0,0,0.0,89.99,0.0,Normal,0,94.49,None,1,14,8
2025-07-15,STORE-01,SKU-202,HP LaserJet Drum Unit,Office,North,0,5,0,4.8,89.99,0.0,Normal,0,94.49,None,1,14,8
2025-07-16,STORE-01,SKU-202,HP LaserJet Drum Unit,Office,North,0,0,0,0.0,89.99,0.0,Normal,0,94.49,None,1,14,8
2025-07-17,STORE-01,SKU-202,HP LaserJet Drum Unit,Office,North,0,6,0,5.7,89.99,0.0,Normal,0,94.49,None,1,14,8
2025-07-18,STORE-01,SKU-202,HP LaserJet Drum Unit,Office,North,0,0,0,0.0,89.99,0.0,Normal,0,94.49,None,1,14,8
2025-07-19,STORE-01,SKU-202,HP LaserJet Drum Unit,Office,North,0,0,0,0.0,89.99,0.0,Normal,0,94.49,None,1,14,8
2025-07-20,STORE-01,SKU-202,HP LaserJet Drum Unit,Office,North,0,0,0,0.0,89.99,0.0,Normal,0,94.49,None,1,14,8
2025-07-21,STORE-01,SKU-202,HP LaserJet Drum Unit,Office,North,0,0,0,0.0,89.99,0.0,Normal,0,94.49,None,1,14,8
2025-07-22,STORE-01,SKU-202,HP LaserJet Drum Unit,Office,North,0,8,0,7.6,89.99,0.0,Normal,0,94.49,None,1,14,8
2025-07-23,STORE-01,SKU-202,HP LaserJet Drum Unit,Office,North,0,5,0,4.8,89.99,0.0,Normal,0,94.49,None,1,14,8
2025-07-24,STORE-01,SKU-202,HP LaserJet Drum Unit,Office,North,0,7,0,6.6,89.99,0.0,Normal,0,94.49,None,1,14,8
2025-07-25,STORE-01,SKU-202,HP LaserJet Drum Unit,Office,North,0,0,0,0.0,89.99,0.0,Normal,0,94.49,None,1,14,8
2025-07-26,STORE-01,SKU-202,HP LaserJet Drum Unit,Office,North,0,0,0,0.0,89.99,0.0,Normal,0,94.49,None,1,14,8
2025-07-27,STORE-01,SKU-202,HP LaserJet Drum Unit,Office,North,0,0,0,0.0,89.99,0.0,Normal,0,94.49,None,1,14,8
2025-07-28,STORE-01,SKU-202,HP LaserJet Drum Unit,Office,North,0,0,0,0.0,89.99,0.0,Normal,0,94.49,None,1,14,8
2025-07-29,STORE-01,SKU-202,HP LaserJet Drum Unit,Office,North,0,1,0,1.0,89.99,0.0,Normal,0,94.49,None,1,14,8
2025-07-30,STORE-01,SKU-202,HP LaserJet Drum Unit,Office,North,0,2,0,1.9,89.99,0.0,Normal,0,94.49,None,1,14,8
2025-07-31,STORE-01,SKU-202,HP LaserJet Drum Unit,Office,North,0,5,0,4.8,89.99,0.0,Normal,0,94.49,None,1,14,8
2025-08-01,STORE-01,SKU-202,HP LaserJet Drum Unit,Office,North,0,0,0,0.0,89.99,0.0,Normal,0,94.49,None,1,14,8
2025-08-02,STORE-01,SKU-202,HP LaserJet Drum Unit,Office,North,0,0,0,0.0,89.99,0.0,Normal,0,94.49,None,1,14,8
2025-08-03,STORE-01,SKU-202,HP LaserJet Drum Unit,Office,North,0,0,0,0.0,89.99,0.0,Normal,0,94.49,None,1,14,8
2025-08-04,STORE-01,SKU-202,HP LaserJet Drum Unit,Office,North,0,5,0,4.8,89.99,0.0,Normal,0,94.49,None,1,14,8
2025-08-05,STORE-01,SKU-202,HP LaserJet Drum Unit,Office,North,0,6,0,5.7,89.99,0.0,Normal,0,94.49,None,1,14,8
2025-08-06,STORE-01,SKU-202,HP LaserJet Drum Unit,Office,North,0,0,0,0.0,89.99,0.0,Normal,0,94.49,None,1,14,8
2025-08-07,STORE-01,SKU-202,HP LaserJet Drum Unit,Office,North,0,0,0,0.0,89.99,0.0,Normal,0,94.49,None,1,14,8
2025-08-08,STORE-01,SKU-202,HP LaserJet Drum Unit,Office,North,0,0,0,0.0,89.99,0.0,Normal,0,94.49,None,1,14,8
2025-08-09,STORE-01,SKU-202,HP LaserJet Drum Unit,Office,North,0,0,0,0.0,89.99,0.0,Normal,0,94.49,None,1,14,8
2025-08-10,STORE-01,SKU-202,HP LaserJet Drum Unit,Office,North,0,0,0,0.0,89.99,0.0,Normal,0,94.49,None,1,14,8
2025-08-11,STORE-01,SKU-202,HP LaserJet Drum Unit,Office,North,0,0,0,0.0,89.99,0.0,Normal,0,94.49,None,1,14,8
2025-08-12,STORE-01,SKU-202,HP LaserJet Drum Unit,Office,North,0,0,0,0.0,89.99,0.0,Normal,0,94.49,None,1,14,8
2025-08-13,STORE-01,SKU-202,HP LaserJet Drum Unit,Office,North,0,0,0,0.0,89.99,0.0,Normal,0,94.49,None,1,14,8
2025-08-14,STORE-01,SKU-202,HP LaserJet Drum Unit,Office,North,0,0,0,0.0,89.99,0.0,Normal,0,94.49,None,1,14,8
2025-08-15,STORE-01,SKU-202,HP LaserJet Drum Unit,Office,North,0,0,0,0.0,89.99,0.0,Normal,0,94.49,None,1,14,8
2025-08-16,STORE-01,SKU-202,HP LaserJet Drum Unit,Office,North,0,3,0,2.8,89.99,0.0,Normal,0,94.49,None,1,14,8
2025-08-17,STORE-01,SKU-202,HP LaserJet Drum Unit,Office,North,0,0,0,0.0,89.99,0.0,Normal,0,94.49,None,1,14,8
2025-08-18,STORE-01,SKU-202,HP LaserJet Drum Unit,Office,North,0,6,0,5.7,89.99,0.0,Normal,0,94.49,None,1,14,8
2025-08-19,STORE-01,SKU-202,HP LaserJet Drum Unit,Office,North,0,0,0,0.0,89.99,0.0,Normal,0,94.49,None,1,14,8
2025-08-20,STORE-01,SKU-202,HP LaserJet Drum Unit,Office,North,0,0,0,0.0,89.99,0.0,Normal,0,94.49,None,1,14,8
2025-08-21,STORE-01,SKU-202,HP LaserJet Drum Unit,Office,North,0,0,0,0.0,89.99,0.0,Normal,0,94.49,None,1,14,8
2025-08-22,STORE-01,SKU-202,HP LaserJet Drum Unit,Office,North,0,0,0,0.0,89.99,0.0,Normal,0,94.49,None,1,14,8
2025-08-23,STORE-01,SKU-202,HP LaserJet Drum Unit,Office,North,0,0,0,0.0,89.99,0.0,Normal,0,94.49,None,1,14,8
2025-08-24,STORE-01,SKU-202,HP LaserJet Drum Unit,Office,North,0,5,0,4.8,89.99,0.0,Normal,0,94.49,None,1,14,8
2025-08-25,STORE-01,SKU-202,HP LaserJet Drum Unit,Office,North,0,3,0,2.8,89.99,0.0,Normal,0,94.49,None,1,14,8
2025-08-26,STORE-01,SKU-202,HP LaserJet Drum Unit,Office,North,0,5,0,4.8,89.99,0.0,Normal,0,94.49,None,1,14,8
2025-08-27,STORE-01,SKU-202,HP LaserJet Drum Unit,Office,North,0,0,0,0.0,89.99,0.0,Normal,0,94.49,None,1,14,8
2025-08-28,STORE-01,SKU-202,HP LaserJet Drum Unit,Office,North,0,0,0,0.0,89.99,0.0,Normal,0,94.49,None,1,14,8
2025-08-29,STORE-01,SKU-202,HP LaserJet Drum Unit,Office,North,0,8,0,7.6,89.99,0.0,Normal,0,94.49,None,1,14,8
2025-08-30,STORE-01,SKU-202,HP LaserJet Drum Unit,Office,North,0,0,0,0.0,89.99,0.0,Normal,0,94.49,None,1,14,8
2025-08-31,STORE-01,SKU-202,HP LaserJet Drum Unit,Office,North,0,0,0,0.0,89.99,0.0,Normal,0,94.49,None,1,14,8
2025-09-01,STORE-01,SKU-202,HP LaserJet Drum Unit,Office,North,0,0,0,0.0,89.99,0.0,Normal,0,94.49,None,1,14,8
2025-09-02,STORE-01,SKU-202,HP LaserJet Drum Unit,Office,North,0,0,0,0.0,89.99,0.0,Normal,0,94.49,None,1,14,8
2025-09-03,STORE-01,SKU-202,HP LaserJet Drum Unit,Office,North,0,4,0,3.8,89.99,0.0,Normal,0,94.49,None,1,14,8
2025-09-04,STORE-01,SKU-202,HP LaserJet Drum Unit,Office,North,0,0,0,0.0,89.99,0.0,Normal,0,94.49,None,1,14,8
2025-09-05,STORE-01,SKU-202,HP LaserJet Drum Unit,Office,North,0,0,0,0.0,89.99,0.0,Normal,0,94.49,None,1,14,8
2025-09-06,STORE-01,SKU-202,HP LaserJet Drum Unit,Office,North,0,4,0,3.8,89.99,0.0,Normal,0,94.49,None,1,14,8
2025-09-07,STORE-01,SKU-202,HP LaserJet Drum Unit,Office,North,0,0,0,0.0,89.99,0.0,Normal,0,94.49,None,1,14,8
2024-09-08,STORE-01,SKU-303,DeWalt 18V Cordless Drill,Hardware,North,26,2,0,1.9,149.0,0.0,Normal,0,156.45,None,4,21,28
2024-09-09,STORE-01,SKU-303,DeWalt 18V Cordless Drill,Hardware,North,0,26,0,24.7,149.0,0.0,Normal,0,156.45,None,4,21,28
2024-09-10,STORE-01,SKU-303,DeWalt 18V Cordless Drill,Hardware,North,0,2,0,1.9,149.0,0.0,Normal,0,156.45,None,4,21,28
2024-09-11,STORE-01,SKU-303,DeWalt 18V Cordless Drill,Hardware,North,0,2,0,1.9,149.0,0.0,Normal,0,156.45,None,4,21,28
2024-09-12,STORE-01,SKU-303,DeWalt 18V Cordless Drill,Hardware,North,0,2,0,1.9,149.0,0.0,Normal,0,156.45,None,4,21,28
2024-09-13,STORE-01,SKU-303,DeWalt 18V Cordless Drill,Hardware,North,0,2,0,1.9,149.0,0.0,Normal,0,156.45,None,4,21,28
2024-09-14,STORE-01,SKU-303,DeWalt 18V Cordless Drill,Hardware,North,0,33,0,31.4,149.0,0.0,Normal,0,156.45,None,4,21,28
2024-09-15,STORE-01,SKU-303,DeWalt 18V Cordless Drill,Hardware,North,0,35,0,33.2,149.0,0.0,Normal,0,156.45,None,4,21,28
2024-09-16,STORE-01,SKU-303,DeWalt 18V Cordless Drill,Hardware,North,0,0,0,0.0,149.0,0.0,Normal,0,156.45,None,4,21,28
2024-09-17,STORE-01,SKU-303,DeWalt 18V Cordless Drill,Hardware,North,0,4,0,3.8,149.0,0.0,Normal,0,156.45,None,4,21,28
2024-09-18,STORE-01,SKU-303,DeWalt 18V Cordless Drill,Hardware,North,0,5,0,4.8,149.0,0.0,Normal,0,156.45,None,4,21,28
2024-09-19,STORE-01,SKU-303,DeWalt 18V Cordless Drill,Hardware,North,0,1,0,1.0,149.0,0.0,Normal,0,156.45,None,4,21,28
2024-09-20,STORE-01,SKU-303,DeWalt 18V Cordless Drill,Hardware,North,0,4,0,3.8,149.0,0.0,Normal,0,156.45,None,4,21,28
2024-09-21,STORE-01,SKU-303,DeWalt 18V Cordless Drill,Hardware,North,0,3,0,2.8,149.0,0.0,Normal,0,156.45,None,4,21,28
2024-09-22,STORE-01,SKU-303,DeWalt 18V Cordless Drill,Hardware,North,0,4,0,3.8,149.0,0.0,Normal,0,156.45,None,4,21,28
2024-09-23,STORE-01,SKU-303,DeWalt 18V Cordless Drill,Hardware,North,0,3,0,2.8,149.0,0.0,Normal,0,156.45,None,4,21,28
2024-09-24,STORE-01,SKU-303,DeWalt 18V Cordless Drill,Hardware,North,0,4,0,3.8,149.0,0.0,Normal,0,156.45,None,4,21,28
2024-09-25,STORE-01,SKU-303,DeWalt 18V Cordless Drill,Hardware,North,0,3,0,2.8,149.0,0.0,Normal,0,156.45,None,4,21,28
2024-09-26,STORE-01,SKU-303,DeWalt 18V Cordless Drill,Hardware,North,0,2,0,1.9,149.0,0.0,Normal,0,156.45,None,4,21,28
2024-09-27,STORE-01,SKU-303,DeWalt 18V Cordless Drill,Hardware,North,0,41,0,38.9,149.0,0.0,Normal,0,156.45,None,4,21,28
2024-09-28,STORE-01,SKU-303,DeWalt 18V Cordless Drill,Hardware,North,0,0,0,0.0,149.0,0.0,Normal,0,156.45,None,4,21,28
2024-09-29,STORE-01,SKU-303,DeWalt 18V Cordless Drill,Hardware,North,0,1,0,1.0,149.0,0.0,Normal,0,156.45,None,4,21,28
2024-09-30,STORE-01,SKU-303,DeWalt 18V Cordless Drill,Hardware,North,0,5,0,4.8,149.0,0.0,Normal,0,156.45,None,4,21,28
2024-10-01,STORE-01,SKU-303,DeWalt 18V Cordless Drill,Hardware,North,0,2,0,1.9,149.0,0.0,Normal,0,156.45,None,4,21,28
2024-10-02,STORE-01,SKU-303,DeWalt 18V Cordless Drill,Hardware,North,0,3,0,2.8,149.0,0.0,Normal,0,156.45,None,4,21,28
2024-10-03,STORE-01,SKU-303,DeWalt 18V Cordless Drill,Hardware,North,0,0,0,0.0,149.0,0.0,Normal,0,156.45,None,4,21,28
2024-10-04,STORE-01,SKU-303,DeWalt 18V Cordless Drill,Hardware,North,0,0,0,0.0,149.0,0.0,Normal,0,156.45,None,4,21,28
2024-10-05,STORE-01,SKU-303,DeWalt 18V Cordless Drill,Hardware,North,0,1,0,1.0,149.0,0.0,Normal,0,156.45,None,4,21,28
2024-10-06,STORE-01,SKU-303,DeWalt 18V Cordless Drill,Hardware,North,0,2,0,1.9,149.0,0.0,Normal,0,156.45,None,4,21,28
2024-10-07,STORE-01,SKU-303,DeWalt 18V Cordless Drill,Hardware,North,0,6,0,5.7,149.0,0.0,Normal,0,156.45,None,4,21,28
2024-10-08,STORE-01,SKU-303,DeWalt 18V Cordless Drill,Hardware,North,0,4,0,3.8,149.0,0.0,Normal,0,156.45,None,4,21,28
2024-10-09,STORE-01,SKU-303,DeWalt 18V Cordless Drill,Hardware,North,0,5,0,4.8,149.0,0.0,Normal,0,156.45,None,4,21,28
2024-10-10,STORE-01,SKU-303,DeWalt 18V Cordless Drill,Hardware,North,0,2,0,1.9,149.0,0.0,Normal,0,156.45,None,4,21,28
2024-10-11,STORE-01,SKU-303,DeWalt 18V Cordless Drill,Hardware,North,0,1,0,1.0,149.0,0.0,Normal,0,156.45,None,4,21,28
2024-10-12,STORE-01,SKU-303,DeWalt 18V Cordless Drill,Hardware,North,0,3,0,2.8,149.0,0.0,Normal,0,156.45,None,4,21,28
2024-10-13,STORE-01,SKU-303,DeWalt 18V Cordless Drill,Hardware,North,0,4,0,3.8,149.0,0.0,Normal,0,156.45,None,4,21,28
2024-10-14,STORE-01,SKU-303,DeWalt 18V Cordless Drill,Hardware,North,0,2,0,1.9,149.0,0.0,Normal,0,156.45,None,4,21,28
2024-10-15,STORE-01,SKU-303,DeWalt 18V Cordless Drill,Hardware,North,0,2,0,1.9,149.0,0.0,Normal,0,156.45,None,4,21,28
2024-10-16,STORE-01,SKU-303,DeWalt 18V Cordless Drill,Hardware,North,0,5,0,4.8,149.0,0.0,Normal,0,156.45,None,4,21,28
2024-10-17,STORE-01,SKU-303,DeWalt 18V Cordless Drill,Hardware,North,0,5,0,4.8,149.0,0.0,Normal,0,156.45,None,4,21,28
2024-10-18,STORE-01,SKU-303,DeWalt 18V Cordless Drill,Hardware,North,0,3,0,2.8,149.0,0.0,Normal,0,156.45,None,4,21,28
2024-10-19,STORE-01,SKU-303,DeWalt 18V Cordless Drill,Hardware,North,0,2,0,1.9,149.0,0.0,Normal,0,156.45,None,4,21,28
2024-10-20,STORE-01,SKU-303,DeWalt 18V Cordless Drill,Hardware,North,0,2,0,1.9,149.0,0.0,Normal,0,156.45,None,4,21,28
2024-10-21,STORE-01,SKU-303,DeWalt 18V Cordless Drill,Hardware,North,0,5,0,4.8,149.0,0.0,Normal,0,156.45,None,4,21,28
2024-10-22,STORE-01,SKU-303,DeWalt 18V Cordless Drill,Hardware,North,0,0,0,0.0,149.0,0.0,Normal,0,156.45,None,4,21,28
2024-10-23,STORE-01,SKU-303,DeWalt 18V Cordless Drill,Hardware,North,0,8,0,7.6,149.0,0.0,Normal,0,156.45,None,4,21,28
2024-10-24,STORE-01,SKU-303,DeWalt 18V Cordless Drill,Hardware,North,0,4,0,3.8,149.0,0.0,Normal,0,156.45,None,4,21,28
2024-10-25,STORE-01,SKU-303,DeWalt 18V Cordless Drill,Hardware,North,0,3,0,2.8,149.0,0.0,Normal,0,156.45,None,4,21,28
2024-10-26,STORE-01,SKU-303,DeWalt 18V Cordless Drill,Hardware,North,0,2,0,1.9,149.0,0.0,Normal,0,156.45,None,4,21,28
2024-10-27,STORE-01,SKU-303,DeWalt 18V Cordless Drill,Hardware,North,0,1,0,1.0,149.0,0.0,Normal,0,156.45,None,4,21,28
2024-10-28,STORE-01,SKU-303,DeWalt 18V Cordless Drill,Hardware,North,0,33,0,31.4,149.0,0.0,Normal,0,156.45,None,4,21,28
2024-10-29,STORE-01,SKU-303,DeWalt 18V Cordless Drill,Hardware,North,0,3,0,2.8,149.0,0.0,Normal,0,156.45,None,4,21,28
2024-10-30,STORE-01,SKU-303,DeWalt 18V Cordless Drill,Hardware,North,0,29,0,27.6,149.0,0.0,Normal,0,156.45,None,4,21,28
2024-10-31,STORE-01,SKU-303,DeWalt 18V Cordless Drill,Hardware,North,0,1,0,1.0,149.0,0.0,Normal,0,156.45,None,4,21,28
2024-11-01,STORE-01,SKU-303,DeWalt 18V Cordless Drill,Hardware,North,0,3,0,2.8,149.0,0.0,Normal,0,156.45,None,4,21,28
2024-11-02,STORE-01,SKU-303,DeWalt 18V Cordless Drill,Hardware,North,0,8,0,7.6,149.0,0.0,Normal,0,156.45,None,4,21,28
2024-11-03,STORE-01,SKU-303,DeWalt 18V Cordless Drill,Hardware,North,0,3,0,2.8,149.0,0.0,Normal,0,156.45,None,4,21,28
2024-11-04,STORE-01,SKU-303,DeWalt 18V Cordless Drill,Hardware,North,0,3,0,2.8,149.0,0.0,Normal,0,156.45,None,4,21,28
2024-11-05,STORE-01,SKU-303,DeWalt 18V Cordless Drill,Hardware,North,0,5,0,4.8,149.0,0.0,Normal,0,156.45,None,4,21,28
2024-11-06,STORE-01,SKU-303,DeWalt 18V Cordless Drill,Hardware,North,0,5,0,4.8,149.0,0.0,Normal,0,156.45,None,4,21,28
2024-11-07,STORE-01,SKU-303,DeWalt 18V Cordless Drill,Hardware,North,0,2,0,1.9,149.0,0.0,Normal,0,156.45,None,4,21,28
2024-11-08,STORE-01,SKU-303,DeWalt 18V Cordless Drill,Hardware,North,0,5,0,4.8,149.0,0.0,Normal,0,156.45,None,4,21,28
2024-11-09,STORE-01,SKU-303,DeWalt 18V Cordless Drill,Hardware,North,0,5,0,4.8,149.0,0.0,Normal,0,156.45,None,4,21,28
2024-11-10,STORE-01,SKU-303,DeWalt 18V Cordless Drill,Hardware,North,0,2,0,1.9,149.0,0.0,Normal,0,156.45,None,4,21,28
2024-11-11,STORE-01,SKU-303,DeWalt 18V Cordless Drill,Hardware,North,0,4,0,3.8,149.0,0.0,Normal,0,156.45,None,4,21,28
2024-11-12,STORE-01,SKU-303,DeWalt 18V Cordless Drill,Hardware,North,0,3,0,2.8,149.0,0.0,Normal,0,156.45,None,4,21,28
2024-11-13,STORE-01,SKU-303,DeWalt 18V Cordless Drill,Hardware,North,0,3,0,2.8,149.0,0.0,Normal,0,156.45,None,4,21,28
2024-11-14,STORE-01,SKU-303,DeWalt 18V Cordless Drill,Hardware,North,0,2,0,1.9,149.0,0.0,Normal,0,156.45,None,4,21,28
2024-11-15,STORE-01,SKU-303,DeWalt 18V Cordless Drill,Hardware,North,0,4,0,3.8,149.0,0.0,Normal,0,156.45,None,4,21,28
2024-11-16,STORE-01,SKU-303,DeWalt 18V Cordless Drill,Hardware,North,0,4,0,3.8,149.0,0.0,Normal,0,156.45,None,4,21,28
2024-11-17,STORE-01,SKU-303,DeWalt 18V Cordless Drill,Hardware,North,0,1,0,1.0,149.0,0.0,Normal,0,156.45,None,4,21,28
2024-11-18,STORE-01,SKU-303,DeWalt 18V Cordless Drill,Hardware,North,0,4,0,3.8,149.0,0.0,Normal,0,156.45,None,4,21,28
2024-11-19,STORE-01,SKU-303,DeWalt 18V Cordless Drill,Hardware,North,0,1,0,1.0,149.0,0.0,Normal,0,156.45,None,4,21,28
2024-11-20,STORE-01,SKU-303,DeWalt 18V Cordless Drill,Hardware,North,0,6,0,5.7,149.0,0.0,Normal,0,156.45,None,4,21,28
2024-11-21,STORE-01,SKU-303,DeWalt 18V Cordless Drill,Hardware,North,0,2,0,1.9,149.0,0.0,Normal,0,156.45,None,4,21,28
2024-11-22,STORE-01,SKU-303,DeWalt 18V Cordless Drill,Hardware,North,0,1,0,1.0,149.0,0.0,Normal,0,156.45,None,4,21,28
2024-11-23,STORE-01,SKU-303,DeWalt 18V Cordless Drill,Hardware,North,0,2,0,1.9,149.0,0.0,Normal,0,156.45,None,4,21,28
2024-11-24,STORE-01,SKU-303,DeWalt 18V Cordless Drill,Hardware,North,0,2,0,1.9,149.0,0.0,Normal,0,156.45,None,4,21,28
2024-11-25,STORE-01,SKU-303,DeWalt 18V Cordless Drill,Hardware,North,0,4,0,3.8,149.0,0.0,Normal,0,156.45,None,4,21,28
2024-11-26,STORE-01,SKU-303,DeWalt 18V Cordless Drill,Hardware,North,0,1,0,1.0,149.0,0.0,Normal,0,156.45,None,4,21,28
2024-11-27,STORE-01,SKU-303,DeWalt 18V Cordless Drill,Hardware,North,0,1,0,1.0,149.0,0.0,Normal,0,156.45,None,4,21,28
2024-11-28,STORE-01,SKU-303,DeWalt 18V Cordless Drill,Hardware,North,0,0,0,0.0,149.0,0.0,Normal,0,156.45,None,4,21,28
2024-11-29,STORE-01,SKU-303,DeWalt 18V Cordless Drill,Hardware,North,0,2,0,1.9,149.0,0.0,Normal,0,156.45,None,4,21,28
2024-11-30,STORE-01,SKU-303,DeWalt 18V Cordless Drill,Hardware,North,0,0,0,0.0,149.0,0.0,Normal,0,156.45,None,4,21,28
2024-12-01,STORE-01,SKU-303,DeWalt 18V Cordless Drill,Hardware,North,0,2,0,1.9,149.0,0.0,Normal,0,156.45,None,4,21,28
2024-12-02,STORE-01,SKU-303,DeWalt 18V Cordless Drill,Hardware,North,0,3,0,2.8,149.0,0.0,Normal,0,156.45,None,4,21,28
2024-12-03,STORE-01,SKU-303,DeWalt 18V Cordless Drill,Hardware,North,0,3,0,2.8,149.0,0.0,Normal,0,156.45,None,4,21,28
2024-12-04,STORE-01,SKU-303,DeWalt 18V Cordless Drill,Hardware,North,0,3,0,2.8,149.0,0.0,Normal,0,156.45,None,4,21,28
2024-12-05,STORE-01,SKU-303,DeWalt 18V Cordless Drill,Hardware,North,0,28,0,26.6,149.0,0.0,Normal,0,156.45,None,4,21,28
2024-12-06,STORE-01,SKU-303,DeWalt 18V Cordless Drill,Hardware,North,0,1,0,1.0,149.0,0.0,Normal,0,156.45,None,4,21,28
2024-12-07,STORE-01,SKU-303,DeWalt 18V Cordless Drill,Hardware,North,0,3,0,2.8,149.0,0.0,Normal,0,156.45,None,4,21,28
2024-12-08,STORE-01,SKU-303,DeWalt 18V Cordless Drill,Hardware,North,0,3,0,2.8,149.0,0.0,Normal,0,156.45,None,4,21,28
2024-12-09,STORE-01,SKU-303,DeWalt 18V Cordless Drill,Hardware,North,0,26,0,24.7,149.0,0.0,Normal,0,156.45,None,4,21,28
2024-12-10,STORE-01,SKU-303,DeWalt 18V Cordless Drill,Hardware,North,0,0,0,0.0,149.0,0.0,Normal,0,156.45,None,4,21,28
2024-12-11,STORE-01,SKU-303,DeWalt 18V Cordless Drill,Hardware,North,0,43,0,40.8,149.0,0.0,Normal,0,156.45,None,4,21,28
2024-12-12,STORE-01,SKU-303,DeWalt 18V Cordless Drill,Hardware,North,0,0,0,0.0,149.0,0.0,Normal,0,156.45,None,4,21,28
2024-12-13,STORE-01,SKU-303,DeWalt 18V Cordless Drill,Hardware,North,0,1,0,1.0,149.0,0.0,Normal,0,156.45,None,4,21,28
2024-12-14,STORE-01,SKU-303,DeWalt 18V Cordless Drill,Hardware,North,0,4,0,3.8,149.0,0.0,Normal,0,156.45,None,4,21,28
2024-12-15,STORE-01,SKU-303,DeWalt 18V Cordless Drill,Hardware,North,0,1,0,1.0,149.0,0.0,Normal,0,156.45,None,4,21,28
2024-12-16,STORE-01,SKU-303,DeWalt 18V Cordless Drill,Hardware,North,0,3,0,2.8,149.0,0.0,Normal,0,156.45,None,4,21,28
2024-12-17,STORE-01,SKU-303,DeWalt 18V Cordless Drill,Hardware,North,0,2,0,1.9,149.0,0.0,Normal,0,156.45,None,4,21,28
2024-12-18,STORE-01,SKU-303,DeWalt 18V Cordless Drill,Hardware,North,0,2,0,1.9,149.0,0.0,Normal,0,156.45,None,4,21,28
2024-12-19,STORE-01,SKU-303,DeWalt 18V Cordless Drill,Hardware,North,0,3,0,2.8,149.0,0.0,Normal,0,156.45,None,4,21,28
2024-12-20,STORE-01,SKU-303,DeWalt 18V Cordless Drill,Hardware,North,0,3,0,2.8,149.0,0.0,Normal,0,156.45,None,4,21,28
2024-12-21,STORE-01,SKU-303,DeWalt 18V Cordless Drill,Hardware,North,0,5,0,4.8,149.0,0.0,Normal,0,156.45,None,4,21,28
2024-12-22,STORE-01,SKU-303,DeWalt 18V Cordless Drill,Hardware,North,0,3,0,2.8,149.0,0.0,Normal,0,156.45,None,4,21,28
2024-12-23,STORE-01,SKU-303,DeWalt 18V Cordless Drill,Hardware,North,0,4,0,3.8,149.0,0.0,Normal,0,156.45,None,4,21,28
2024-12-24,STORE-01,SKU-303,DeWalt 18V Cordless Drill,Hardware,North,0,3,0,2.8,149.0,0.0,Normal,0,156.45,None,4,21,28
2024-12-25,STORE-01,SKU-303,DeWalt 18V Cordless Drill,Hardware,North,0,8,0,7.6,149.0,0.0,Normal,0,156.45,None,4,21,28
2024-12-26,STORE-01,SKU-303,DeWalt 18V Cordless Drill,Hardware,North,0,0,0,0.0,149.0,0.0,Normal,0,156.45,None,4,21,28
2024-12-27,STORE-01,SKU-303,DeWalt 18V Cordless Drill,Hardware,North,0,35,0,33.2,149.0,0.0,Normal,0,156.45,None,4,21,28
2024-12-28,STORE-01,SKU-303,DeWalt 18V Cordless Drill,Hardware,North,0,7,0,6.6,149.0,0.0,Normal,0,156.45,None,4,21,28
2024-12-29,STORE-01,SKU-303,DeWalt 18V Cordless Drill,Hardware,North,0,2,0,1.9,149.0,0.0,Normal,0,156.45,None,4,21,28
2024-12-30,STORE-01,SKU-303,DeWalt 18V Cordless Drill,Hardware,North,0,6,0,5.7,149.0,0.0,Normal,0,156.45,None,4,21,28
2024-12-31,STORE-01,SKU-303,DeWalt 18V Cordless Drill,Hardware,North,0,4,0,3.8,149.0,0.0,Normal,0,156.45,None,4,21,28
2025-01-01,STORE-01,SKU-303,DeWalt 18V Cordless Drill,Hardware,North,0,3,0,2.8,149.0,0.0,Normal,0,156.45,None,4,21,28
2025-01-02,STORE-01,SKU-303,DeWalt 18V Cordless Drill,Hardware,North,0,1,0,1.0,149.0,0.0,Normal,0,156.45,None,4,21,28
2025-01-03,STORE-01,SKU-303,DeWalt 18V Cordless Drill,Hardware,North,0,5,0,4.8,149.0,0.0,Normal,0,156.45,None,4,21,28
2025-01-04,STORE-01,SKU-303,DeWalt 18V Cordless Drill,Hardware,North,0,1,0,1.0,149.0,0.0,Normal,0,156.45,None,4,21,28
2025-01-05,STORE-01,SKU-303,DeWalt 18V Cordless Drill,Hardware,North,0,0,0,0.0,149.0,0.0,Normal,0,156.45,None,4,21,28
2025-01-06,STORE-01,SKU-303,DeWalt 18V Cordless Drill,Hardware,North,0,3,0,2.8,149.0,0.0,Normal,0,156.45,None,4,21,28
2025-01-07,STORE-01,SKU-303,DeWalt 18V Cordless Drill,Hardware,North,0,2,0,1.9,149.0,0.0,Normal,0,156.45,None,4,21,28
2025-01-08,STORE-01,SKU-303,DeWalt 18V Cordless Drill,Hardware,North,0,1,0,1.0,149.0,0.0,Normal,0,156.45,None,4,21,28
2025-01-09,STORE-01,SKU-303,DeWalt 18V Cordless Drill,Hardware,North,0,4,0,3.8,149.0,0.0,Normal,0,156.45,None,4,21,28
2025-01-10,STORE-01,SKU-303,DeWalt 18V Cordless Drill,Hardware,North,0,2,0,1.9,149.0,0.0,Normal,0,156.45,None,4,21,28
2025-01-11,STORE-01,SKU-303,DeWalt 18V Cordless Drill,Hardware,North,0,3,0,2.8,149.0,0.0,Normal,0,156.45,None,4,21,28
2025-01-12,STORE-01,SKU-303,DeWalt 18V Cordless Drill,Hardware,North,0,1,0,1.0,149.0,0.0,Normal,0,156.45,None,4,21,28
2025-01-13,STORE-01,SKU-303,DeWalt 18V Cordless Drill,Hardware,North,0,1,0,1.0,149.0,0.0,Normal,0,156.45,None,4,21,28
2025-01-14,STORE-01,SKU-303,DeWalt 18V Cordless Drill,Hardware,North,0,1,0,1.0,149.0,0.0,Normal,0,156.45,None,4,21,28
2025-01-15,STORE-01,SKU-303,DeWalt 18V Cordless Drill,Hardware,North,0,3,0,2.8,149.0,0.0,Normal,0,156.45,None,4,21,28
2025-01-16,STORE-01,SKU-303,DeWalt 18V Cordless Drill,Hardware,North,0,0,0,0.0,149.0,0.0,Normal,0,156.45,None,4,21,28
2025-01-17,STORE-01,SKU-303,DeWalt 18V Cordless Drill,Hardware,North,0,2,0,1.9,149.0,0.0,Normal,0,156.45,None,4,21,28
2025-01-18,STORE-01,SKU-303,DeWalt 18V Cordless Drill,Hardware,North,0,1,0,1.0,149.0,0.0,Normal,0,156.45,None,4,21,28
2025-01-19,STORE-01,SKU-303,DeWalt 18V Cordless Drill,Hardware,North,0,2,0,1.9,149.0,0.0,Normal,0,156.45,None,4,21,28
2025-01-20,STORE-01,SKU-303,DeWalt 18V Cordless Drill,Hardware,North,0,3,0,2.8,149.0,0.0,Normal,0,156.45,None,4,21,28
2025-01-21,STORE-01,SKU-303,DeWalt 18V Cordless Drill,Hardware,North,0,2,0,1.9,149.0,0.0,Normal,0,156.45,None,4,21,28
2025-01-22,STORE-01,SKU-303,DeWalt 18V Cordless Drill,Hardware,North,0,2,0,1.9,149.0,0.0,Normal,0,156.45,None,4,21,28
2025-01-23,STORE-01,SKU-303,DeWalt 18V Cordless Drill,Hardware,North,0,2,0,1.9,149.0,0.0,Normal,0,156.45,None,4,21,28
2025-01-24,STORE-01,SKU-303,DeWalt 18V Cordless Drill,Hardware,North,0,4,0,3.8,149.0,0.0,Normal,0,156.45,None,4,21,28
2025-01-25,STORE-01,SKU-303,DeWalt 18V Cordless Drill,Hardware,North,0,3,0,2.8,149.0,0.0,Normal,0,156.45,None,4,21,28
2025-01-26,STORE-01,SKU-303,DeWalt 18V Cordless Drill,Hardware,North,0,0,0,0.0,149.0,0.0,Normal,0,156.45,None,4,21,28
2025-01-27,STORE-01,SKU-303,DeWalt 18V Cordless Drill,Hardware,North,0,4,0,3.8,149.0,0.0,Normal,0,156.45,None,4,21,28
2025-01-28,STORE-01,SKU-303,DeWalt 18V Cordless Drill,Hardware,North,0,2,0,1.9,149.0,0.0,Normal,0,156.45,None,4,21,28
2025-01-29,STORE-01,SKU-303,DeWalt 18V Cordless Drill,Hardware,North,0,1,0,1.0,149.0,0.0,Normal,0,156.45,None,4,21,28
2025-01-30,STORE-01,SKU-303,DeWalt 18V Cordless Drill,Hardware,North,0,2,0,1.9,149.0,0.0,Normal,0,156.45,None,4,21,28
2025-01-31,STORE-01,SKU-303,DeWalt 18V Cordless Drill,Hardware,North,0,2,0,1.9,149.0,0.0,Normal,0,156.45,None,4,21,28
2025-02-01,STORE-01,SKU-303,DeWalt 18V Cordless Drill,Hardware,North,0,2,0,1.9,149.0,0.0,Normal,0,156.45,None,4,21,28
2025-02-02,STORE-01,SKU-303,DeWalt 18V Cordless Drill,Hardware,North,0,3,0,2.8,149.0,0.0,Normal,0,156.45,None,4,21,28
2025-02-03,STORE-01,SKU-303,DeWalt 18V Cordless Drill,Hardware,North,0,2,0,1.9,149.0,0.0,Normal,0,156.45,None,4,21,28
2025-02-04,STORE-01,SKU-303,DeWalt 18V Cordless Drill,Hardware,North,0,2,0,1.9,149.0,0.0,Normal,0,156.45,None,4,21,28
2025-02-05,STORE-01,SKU-303,DeWalt 18V Cordless Drill,Hardware,North,0,1,0,1.0,149.0,0.0,Normal,0,156.45,None,4,21,28
2025-02-06,STORE-01,SKU-303,DeWalt 18V Cordless Drill,Hardware,North,0,6,0,5.7,149.0,0.0,Normal,0,156.45,None,4,21,28
2025-02-07,STORE-01,SKU-303,DeWalt 18V Cordless Drill,Hardware,North,0,4,0,3.8,149.0,0.0,Normal,0,156.45,None,4,21,28
2025-02-08,STORE-01,SKU-303,DeWalt 18V Cordless Drill,Hardware,North,0,1,0,1.0,149.0,0.0,Normal,0,156.45,None,4,21,28
2025-02-09,STORE-01,SKU-303,DeWalt 18V Cordless Drill,Hardware,North,0,1,0,1.0,149.0,0.0,Normal,0,156.45,None,4,21,28
2025-02-10,STORE-01,SKU-303,DeWalt 18V Cordless Drill,Hardware,North,0,1,0,1.0,149.0,0.0,Normal,0,156.45,None,4,21,28
2025-02-11,STORE-01,SKU-303,DeWalt 18V Cordless Drill,Hardware,North,0,6,0,5.7,149.0,0.0,Normal,0,156.45,None,4,21,28
2025-02-12,STORE-01,SKU-303,DeWalt 18V Cordless Drill,Hardware,North,0,5,0,4.8,149.0,0.0,Normal,0,156.45,None,4,21,28
2025-02-13,STORE-01,SKU-303,DeWalt 18V Cordless Drill,Hardware,North,0,32,0,30.4,149.0,0.0,Normal,0,156.45,None,4,21,28
2025-02-14,STORE-01,SKU-303,DeWalt 18V Cordless Drill,Hardware,North,0,2,0,1.9,149.0,0.0,Normal,0,156.45,None,4,21,28
2025-02-15,STORE-01,SKU-303,DeWalt 18V Cordless Drill,Hardware,North,0,4,0,3.8,149.0,0.0,Normal,0,156.45,None,4,21,28
2025-02-16,STORE-01,SKU-303,DeWalt 18V Cordless Drill,Hardware,North,0,5,0,4.8,149.0,0.0,Normal,0,156.45,None,4,21,28
2025-02-17,STORE-01,SKU-303,DeWalt 18V Cordless Drill,Hardware,North,0,2,0,1.9,149.0,0.0,Normal,0,156.45,None,4,21,28
2025-02-18,STORE-01,SKU-303,DeWalt 18V Cordless Drill,Hardware,North,0,0,0,0.0,149.0,0.0,Normal,0,156.45,None,4,21,28
2025-02-19,STORE-01,SKU-303,DeWalt 18V Cordless Drill,Hardware,North,0,47,0,44.6,149.0,0.0,Normal,0,156.45,None,4,21,28
2025-02-20,STORE-01,SKU-303,DeWalt 18V Cordless Drill,Hardware,North,0,2,0,1.9,149.0,0.0,Normal,0,156.45,None,4,21,28
2025-02-21,STORE-01,SKU-303,DeWalt 18V Cordless Drill,Hardware,North,0,1,0,1.0,149.0,0.0,Normal,0,156.45,None,4,21,28
2025-02-22,STORE-01,SKU-303,DeWalt 18V Cordless Drill,Hardware,North,0,1,0,1.0,149.0,0.0,Normal,0,156.45,None,4,21,28
2025-02-23,STORE-01,SKU-303,DeWalt 18V Cordless Drill,Hardware,North,0,0,0,0.0,149.0,0.0,Normal,0,156.45,None,4,21,28
2025-02-24,STORE-01,SKU-303,DeWalt 18V Cordless Drill,Hardware,North,0,3,0,2.8,149.0,0.0,Normal,0,156.45,None,4,21,28
2025-02-25,STORE-01,SKU-303,DeWalt 18V Cordless Drill,Hardware,North,0,2,0,1.9,149.0,0.0,Normal,0,156.45,None,4,21,28
2025-02-26,STORE-01,SKU-303,DeWalt 18V Cordless Drill,Hardware,North,0,2,0,1.9,149.0,0.0,Normal,0,156.45,None,4,21,28
2025-02-27,STORE-01,SKU-303,DeWalt 18V Cordless Drill,Hardware,North,0,2,0,1.9,149.0,0.0,Normal,0,156.45,None,4,21,28
2025-02-28,STORE-01,SKU-303,DeWalt 18V Cordless Drill,Hardware,North,0,25,0,23.8,149.0,0.0,Normal,0,156.45,None,4,21,28
2025-03-01,STORE-01,SKU-303,DeWalt 18V Cordless Drill,Hardware,North,0,1,0,1.0,149.0,0.0,Normal,0,156.45,None,4,21,28
2025-03-02,STORE-01,SKU-303,DeWalt 18V Cordless Drill,Hardware,North,0,5,0,4.8,149.0,0.0,Normal,0,156.45,None,4,21,28
2025-03-03,STORE-01,SKU-303,DeWalt 18V Cordless Drill,Hardware,North,0,1,0,1.0,149.0,0.0,Normal,0,156.45,None,4,21,28
2025-03-04,STORE-01,SKU-303,DeWalt 18V Cordless Drill,Hardware,North,0,2,0,1.9,149.0,0.0,Normal,0,156.45,None,4,21,28
2025-03-05,STORE-01,SKU-303,DeWalt 18V Cordless Drill,Hardware,North,0,0,0,0.0,149.0,0.0,Normal,0,156.45,None,4,21,28
2025-03-06,STORE-01,SKU-303,DeWalt 18V Cordless Drill,Hardware,North,0,5,0,4.8,149.0,0.0,Normal,0,156.45,None,4,21,28
2025-03-07,STORE-01,SKU-303,DeWalt 18V Cordless Drill,Hardware,North,0,3,0,2.8,149.0,0.0,Normal,0,156.45,None,4,21,28
2025-03-08,STORE-01,SKU-303,DeWalt 18V Cordless Drill,Hardware,North,0,1,0,1.0,149.0,0.0,Normal,0,156.45,None,4,21,28
2025-03-09,STORE-01,SKU-303,DeWalt 18V Cordless Drill,Hardware,North,0,2,0,1.9,149.0,0.0,Normal,0,156.45,None,4,21,28
2025-03-10,STORE-01,SKU-303,DeWalt 18V Cordless Drill,Hardware,North,0,1,0,1.0,149.0,0.0,Normal,0,156.45,None,4,21,28
2025-03-11,STORE-01,SKU-303,DeWalt 18V Cordless Drill,Hardware,North,0,0,0,0.0,149.0,0.0,Normal,0,156.45,None,4,21,28
2025-03-12,STORE-01,SKU-303,DeWalt 18V Cordless Drill,Hardware,North,0,3,0,2.8,149.0,0.0,Normal,0,156.45,None,4,21,28
2025-03-13,STORE-01,SKU-303,DeWalt 18V Cordless Drill,Hardware,North,0,1,0,1.0,149.0,0.0,Normal,0,156.45,None,4,21,28
2025-03-14,STORE-01,SKU-303,DeWalt 18V Cordless Drill,Hardware,North,0,4,0,3.8,149.0,0.0,Normal,0,156.45,None,4,21,28
2025-03-15,STORE-01,SKU-303,DeWalt 18V Cordless Drill,Hardware,North,0,3,0,2.8,149.0,0.0,Normal,0,156.45,None,4,21,28
2025-03-16,STORE-01,SKU-303,DeWalt 18V Cordless Drill,Hardware,North,0,6,0,5.7,149.0,0.0,Normal,0,156.45,None,4,21,28
2025-03-17,STORE-01,SKU-303,DeWalt 18V Cordless Drill,Hardware,North,0,6,0,5.7,149.0,0.0,Normal,0,156.45,None,4,21,28
2025-03-18,STORE-01,SKU-303,DeWalt 18V Cordless Drill,Hardware,North,0,44,0,41.8,149.0,0.0,Normal,0,156.45,None,4,21,28
2025-03-19,STORE-01,SKU-303,DeWalt 18V Cordless Drill,Hardware,North,0,3,0,2.8,149.0,0.0,Normal,0,156.45,None,4,21,28
2025-03-20,STORE-01,SKU-303,DeWalt 18V Cordless Drill,Hardware,North,0,4,0,3.8,149.0,0.0,Normal,0,156.45,None,4,21,28
2025-03-21,STORE-01,SKU-303,DeWalt 18V Cordless Drill,Hardware,North,0,4,0,3.8,149.0,0.0,Normal,0,156.45,None,4,21,28
2025-03-22,STORE-01,SKU-303,DeWalt 18V Cordless Drill,Hardware,North,0,4,0,3.8,149.0,0.0,Normal,0,156.45,None,4,21,28
2025-03-23,STORE-01,SKU-303,DeWalt 18V Cordless Drill,Hardware,North,0,31,0,29.4,149.0,0.0,Normal,0,156.45,None,4,21,28
2025-03-24,STORE-01,SKU-303,DeWalt 18V Cordless Drill,Hardware,North,0,4,0,3.8,149.0,0.0,Normal,0,156.45,None,4,21,28
2025-03-25,STORE-01,SKU-303,DeWalt 18V Cordless Drill,Hardware,North,0,4,0,3.8,149.0,0.0,Normal,0,156.45,None,4,21,28
2025-03-26,STORE-01,SKU-303,DeWalt 18V Cordless Drill,Hardware,North,0,3,0,2.8,149.0,0.0,Normal,0,156.45,None,4,21,28
2025-03-27,STORE-01,SKU-303,DeWalt 18V Cordless Drill,Hardware,North,0,5,0,4.8,149.0,0.0,Normal,0,156.45,None,4,21,28
2025-03-28,STORE-01,SKU-303,DeWalt 18V Cordless Drill,Hardware,North,0,5,0,4.8,149.0,0.0,Normal,0,156.45,None,4,21,28
2025-03-29,STORE-01,SKU-303,DeWalt 18V Cordless Drill,Hardware,North,0,0,0,0.0,149.0,0.0,Normal,0,156.45,None,4,21,28
2025-03-30,STORE-01,SKU-303,DeWalt 18V Cordless Drill,Hardware,North,0,4,0,3.8,149.0,0.0,Normal,0,156.45,None,4,21,28
2025-03-31,STORE-01,SKU-303,DeWalt 18V Cordless Drill,Hardware,North,0,31,0,29.4,149.0,0.0,Normal,0,156.45,None,4,21,28
2025-04-01,STORE-01,SKU-303,DeWalt 18V Cordless Drill,Hardware,North,0,0,0,0.0,149.0,0.0,Normal,0,156.45,None,4,21,28
2025-04-02,STORE-01,SKU-303,DeWalt 18V Cordless Drill,Hardware,North,0,3,0,2.8,149.0,0.0,Normal,0,156.45,None,4,21,28
2025-04-03,STORE-01,SKU-303,DeWalt 18V Cordless Drill,Hardware,North,0,3,0,2.8,149.0,0.0,Normal,0,156.45,None,4,21,28
2025-04-04,STORE-01,SKU-303,DeWalt 18V Cordless Drill,Hardware,North,0,3,0,2.8,149.0,0.0,Normal,0,156.45,None,4,21,28
2025-04-05,STORE-01,SKU-303,DeWalt 18V Cordless Drill,Hardware,North,0,5,0,4.8,149.0,0.0,Normal,0,156.45,None,4,21,28
2025-04-06,STORE-01,SKU-303,DeWalt 18V Cordless Drill,Hardware,North,0,1,0,1.0,149.0,0.0,Normal,0,156.45,None,4,21,28
2025-04-07,STORE-01,SKU-303,DeWalt 18V Cordless Drill,Hardware,North,0,2,0,1.9,149.0,0.0,Normal,0,156.45,None,4,21,28
2025-04-08,STORE-01,SKU-303,DeWalt 18V Cordless Drill,Hardware,North,0,2,0,1.9,149.0,0.0,Normal,0,156.45,None,4,21,28
2025-04-09,STORE-01,SKU-303,DeWalt 18V Cordless Drill,Hardware,North,0,4,0,3.8,149.0,0.0,Normal,0,156.45,None,4,21,28
2025-04-10,STORE-01,SKU-303,DeWalt 18V Cordless Drill,Hardware,North,0,2,0,1.9,149.0,0.0,Normal,0,156.45,None,4,21,28
2025-04-11,STORE-01,SKU-303,DeWalt 18V Cordless Drill,Hardware,North,0,40,0,38.0,149.0,0.0,Normal,0,156.45,None,4,21,28
2025-04-12,STORE-01,SKU-303,DeWalt 18V Cordless Drill,Hardware,North,0,4,0,3.8,149.0,0.0,Normal,0,156.45,None,4,21,28
2025-04-13,STORE-01,SKU-303,DeWalt 18V Cordless Drill,Hardware,North,0,2,0,1.9,149.0,0.0,Normal,0,156.45,None,4,21,28
2025-04-14,STORE-01,SKU-303,DeWalt 18V Cordless Drill,Hardware,North,0,4,0,3.8,149.0,0.0,Normal,0,156.45,None,4,21,28
2025-04-15,STORE-01,SKU-303,DeWalt 18V Cordless Drill,Hardware,North,0,4,0,3.8,149.0,0.0,Normal,0,156.45,None,4,21,28
2025-04-16,STORE-01,SKU-303,DeWalt 18V Cordless Drill,Hardware,North,0,3,0,2.8,149.0,0.0,Normal,0,156.45,None,4,21,28
2025-04-17,STORE-01,SKU-303,DeWalt 18V Cordless Drill,Hardware,North,0,1,0,1.0,149.0,0.0,Normal,0,156.45,None,4,21,28
2025-04-18,STORE-01,SKU-303,DeWalt 18V Cordless Drill,Hardware,North,0,1,0,1.0,149.0,0.0,Normal,0,156.45,None,4,21,28
2025-04-19,STORE-01,SKU-303,DeWalt 18V Cordless Drill,Hardware,North,0,2,0,1.9,149.0,0.0,Normal,0,156.45,None,4,21,28
2025-04-20,STORE-01,SKU-303,DeWalt 18V Cordless Drill,Hardware,North,0,1,0,1.0,149.0,0.0,Normal,0,156.45,None,4,21,28
2025-04-21,STORE-01,SKU-303,DeWalt 18V Cordless Drill,Hardware,North,0,4,0,3.8,149.0,0.0,Normal,0,156.45,None,4,21,28
2025-04-22,STORE-01,SKU-303,DeWalt 18V Cordless Drill,Hardware,North,0,6,0,5.7,149.0,0.0,Normal,0,156.45,None,4,21,28
2025-04-23,STORE-01,SKU-303,DeWalt 18V Cordless Drill,Hardware,North,0,2,0,1.9,149.0,0.0,Normal,0,156.45,None,4,21,28
2025-04-24,STORE-01,SKU-303,DeWalt 18V Cordless Drill,Hardware,North,0,3,0,2.8,149.0,0.0,Normal,0,156.45,None,4,21,28
2025-04-25,STORE-01,SKU-303,DeWalt 18V Cordless Drill,Hardware,North,0,4,0,3.8,149.0,0.0,Normal,0,156.45,None,4,21,28
2025-04-26,STORE-01,SKU-303,DeWalt 18V Cordless Drill,Hardware,North,0,0,0,0.0,149.0,0.0,Normal,0,156.45,None,4,21,28
2025-04-27,STORE-01,SKU-303,DeWalt 18V Cordless Drill,Hardware,North,0,4,0,3.8,149.0,0.0,Normal,0,156.45,None,4,21,28
2025-04-28,STORE-01,SKU-303,DeWalt 18V Cordless Drill,Hardware,North,0,7,0,6.6,149.0,0.0,Normal,0,156.45,None,4,21,28
2025-04-29,STORE-01,SKU-303,DeWalt 18V Cordless Drill,Hardware,North,0,1,0,1.0,149.0,0.0,Normal,0,156.45,None,4,21,28
2025-04-30,STORE-01,SKU-303,DeWalt 18V Cordless Drill,Hardware,North,0,3,0,2.8,149.0,0.0,Normal,0,156.45,None,4,21,28
2025-05-01,STORE-01,SKU-303,DeWalt 18V Cordless Drill,Hardware,North,0,6,0,5.7,149.0,0.0,Normal,0,156.45,None,4,21,28
2025-05-02,STORE-01,SKU-303,DeWalt 18V Cordless Drill,Hardware,North,0,1,0,1.0,149.0,0.0,Normal,0,156.45,None,4,21,28
2025-05-03,STORE-01,SKU-303,DeWalt 18V Cordless Drill,Hardware,North,0,0,0,0.0,149.0,0.0,Normal,0,156.45,None,4,21,28
2025-05-04,STORE-01,SKU-303,DeWalt 18V Cordless Drill,Hardware,North,0,1,0,1.0,149.0,0.0,Normal,0,156.45,None,4,21,28
2025-05-05,STORE-01,SKU-303,DeWalt 18V Cordless Drill,Hardware,North,0,0,0,0.0,149.0,0.0,Normal,0,156.45,None,4,21,28
2025-05-06,STORE-01,SKU-303,DeWalt 18V Cordless Drill,Hardware,North,0,5,0,4.8,149.0,0.0,Normal,0,156.45,None,4,21,28
2025-05-07,STORE-01,SKU-303,DeWalt 18V Cordless Drill,Hardware,North,0,0,0,0.0,149.0,0.0,Normal,0,156.45,None,4,21,28
2025-05-08,STORE-01,SKU-303,DeWalt 18V Cordless Drill,Hardware,North,0,3,0,2.8,149.0,0.0,Normal,0,156.45,None,4,21,28
2025-05-09,STORE-01,SKU-303,DeWalt 18V Cordless Drill,Hardware,North,0,2,0,1.9,149.0,0.0,Normal,0,156.45,None,4,21,28
2025-05-10,STORE-01,SKU-303,DeWalt 18V Cordless Drill,Hardware,North,0,37,0,35.2,149.0,0.0,Normal,0,156.45,None,4,21,28
2025-05-11,STORE-01,SKU-303,DeWalt 18V Cordless Drill,Hardware,North,0,3,0,2.8,149.0,0.0,Normal,0,156.45,None,4,21,28
2025-05-12,STORE-01,SKU-303,DeWalt 18V Cordless Drill,Hardware,North,0,3,0,2.8,149.0,0.0,Normal,0,156.45,None,4,21,28
2025-05-13,STORE-01,SKU-303,DeWalt 18V Cordless Drill,Hardware,North,0,1,0,1.0,149.0,0.0,Normal,0,156.45,None,4,21,28
2025-05-14,STORE-01,SKU-303,DeWalt 18V Cordless Drill,Hardware,North,0,22,0,20.9,149.0,0.0,Normal,0,156.45,None,4,21,28
2025-05-15,STORE-01,SKU-303,DeWalt 18V Cordless Drill,Hardware,North,0,3,0,2.8,149.0,0.0,Normal,0,156.45,None,4,21,28
2025-05-16,STORE-01,SKU-303,DeWalt 18V Cordless Drill,Hardware,North,0,2,0,1.9,149.0,0.0,Normal,0,156.45,None,4,21,28
2025-05-17,STORE-01,SKU-303,DeWalt 18V Cordless Drill,Hardware,North,0,0,0,0.0,149.0,0.0,Normal,0,156.45,None,4,21,28
2025-05-18,STORE-01,SKU-303,DeWalt 18V Cordless Drill,Hardware,North,0,38,0,36.1,149.0,0.0,Normal,0,156.45,None,4,21,28
2025-05-19,STORE-01,SKU-303,DeWalt 18V Cordless Drill,Hardware,North,0,4,0,3.8,149.0,0.0,Normal,0,156.45,None,4,21,28
2025-05-20,STORE-01,SKU-303,DeWalt 18V Cordless Drill,Hardware,North,0,31,0,29.4,149.0,0.0,Normal,0,156.45,None,4,21,28
2025-05-21,STORE-01,SKU-303,DeWalt 18V Cordless Drill,Hardware,North,0,2,0,1.9,149.0,0.0,Normal,0,156.45,None,4,21,28
2025-05-22,STORE-01,SKU-303,DeWalt 18V Cordless Drill,Hardware,North,0,3,0,2.8,149.0,0.0,Normal,0,156.45,None,4,21,28
2025-05-23,STORE-01,SKU-303,DeWalt 18V Cordless Drill,Hardware,North,0,0,0,0.0,149.0,0.0,Normal,0,156.45,None,4,21,28
2025-05-24,STORE-01,SKU-303,DeWalt 18V Cordless Drill,Hardware,North,0,6,0,5.7,149.0,0.0,Normal,0,156.45,None,4,21,28
2025-05-25,STORE-01,SKU-303,DeWalt 18V Cordless Drill,Hardware,North,0,4,0,3.8,149.0,0.0,Normal,0,156.45,None,4,21,28
2025-05-26,STORE-01,SKU-303,DeWalt 18V Cordless Drill,Hardware,North,0,6,0,5.7,149.0,0.0,Normal,0,156.45,None,4,21,28
2025-05-27,STORE-01,SKU-303,DeWalt 18V Cordless Drill,Hardware,North,0,47,0,44.6,149.0,0.0,Normal,0,156.45,None,4,21,28
2025-05-28,STORE-01,SKU-303,DeWalt 18V Cordless Drill,Hardware,North,0,5,0,4.8,149.0,0.0,Normal,0,156.45,None,4,21,28
2025-05-29,STORE-01,SKU-303,DeWalt 18V Cordless Drill,Hardware,North,0,4,0,3.8,149.0,0.0,Normal,0,156.45,None,4,21,28
2025-05-30,STORE-01,SKU-303,DeWalt 18V Cordless Drill,Hardware,North,0,1,0,1.0,149.0,0.0,Normal,0,156.45,None,4,21,28
2025-05-31,STORE-01,SKU-303,DeWalt 18V Cordless Drill,Hardware,North,0,1,0,1.0,149.0,0.0,Normal,0,156.45,None,4,21,28
2025-06-01,STORE-01,SKU-303,DeWalt 18V Cordless Drill,Hardware,North,0,1,0,1.0,149.0,0.0,Normal,0,156.45,None,4,21,28
2025-06-02,STORE-01,SKU-303,DeWalt 18V Cordless Drill,Hardware,North,0,0,0,0.0,149.0,0.0,Normal,0,156.45,None,4,21,28
2025-06-03,STORE-01,SKU-303,DeWalt 18V Cordless Drill,Hardware,North,0,2,0,1.9,149.0,0.0,Normal,0,156.45,None,4,21,28
2025-06-04,STORE-01,SKU-303,DeWalt 18V Cordless Drill,Hardware,North,0,1,0,1.0,149.0,0.0,Normal,0,156.45,None,4,21,28
2025-06-05,STORE-01,SKU-303,DeWalt 18V Cordless Drill,Hardware,North,0,3,0,2.8,149.0,0.0,Normal,0,156.45,None,4,21,28
2025-06-06,STORE-01,SKU-303,DeWalt 18V Cordless Drill,Hardware,North,0,3,0,2.8,149.0,0.0,Normal,0,156.45,None,4,21,28
2025-06-07,STORE-01,SKU-303,DeWalt 18V Cordless Drill,Hardware,North,0,3,0,2.8,149.0,0.0,Normal,0,156.45,None,4,21,28
2025-06-08,STORE-01,SKU-303,DeWalt 18V Cordless Drill,Hardware,North,0,1,0,1.0,149.0,0.0,Normal,0,156.45,None,4,21,28
2025-06-09,STORE-01,SKU-303,DeWalt 18V Cordless Drill,Hardware,North,0,1,0,1.0,149.0,0.0,Normal,0,156.45,None,4,21,28
2025-06-10,STORE-01,SKU-303,DeWalt 18V Cordless Drill,Hardware,North,0,4,0,3.8,149.0,0.0,Normal,0,156.45,None,4,21,28
2025-06-11,STORE-01,SKU-303,DeWalt 18V Cordless Drill,Hardware,North,0,1,0,1.0,149.0,0.0,Normal,0,156.45,None,4,21,28
2025-06-12,STORE-01,SKU-303,DeWalt 18V Cordless Drill,Hardware,North,0,4,0,3.8,149.0,0.0,Normal,0,156.45,None,4,21,28
2025-06-13,STORE-01,SKU-303,DeWalt 18V Cordless Drill,Hardware,North,0,3,0,2.8,149.0,0.0,Normal,0,156.45,None,4,21,28
2025-06-14,STORE-01,SKU-303,DeWalt 18V Cordless Drill,Hardware,North,0,3,0,2.8,149.0,0.0,Normal,0,156.45,None,4,21,28
2025-06-15,STORE-01,SKU-303,DeWalt 18V Cordless Drill,Hardware,North,0,1,0,1.0,149.0,0.0,Normal,0,156.45,None,4,21,28
2025-06-16,STORE-01,SKU-303,DeWalt 18V Cordless Drill,Hardware,North,0,1,0,1.0,149.0,0.0,Normal,0,156.45,None,4,21,28
2025-06-17,STORE-01,SKU-303,DeWalt 18V Cordless Drill,Hardware,North,0,6,0,5.7,149.0,0.0,Normal,0,156.45,None,4,21,28
2025-06-18,STORE-01,SKU-303,DeWalt 18V Cordless Drill,Hardware,North,0,5,0,4.8,149.0,0.0,Normal,0,156.45,None,4,21,28
2025-06-19,STORE-01,SKU-303,DeWalt 18V Cordless Drill,Hardware,North,0,3,0,2.8,149.0,0.0,Normal,0,156.45,None,4,21,28
2025-06-20,STORE-01,SKU-303,DeWalt 18V Cordless Drill,Hardware,North,0,0,0,0.0,149.0,0.0,Normal,0,156.45,None,4,21,28
2025-06-21,STORE-01,SKU-303,DeWalt 18V Cordless Drill,Hardware,North,0,39,0,37.0,149.0,0.0,Normal,0,156.45,None,4,21,28
2025-06-22,STORE-01,SKU-303,DeWalt 18V Cordless Drill,Hardware,North,0,2,0,1.9,149.0,0.0,Normal,0,156.45,None,4,21,28
2025-06-23,STORE-01,SKU-303,DeWalt 18V Cordless Drill,Hardware,North,0,1,0,1.0,149.0,0.0,Normal,0,156.45,None,4,21,28
2025-06-24,STORE-01,SKU-303,DeWalt 18V Cordless Drill,Hardware,North,0,5,0,4.8,149.0,0.0,Normal,0,156.45,None,4,21,28
2025-06-25,STORE-01,SKU-303,DeWalt 18V Cordless Drill,Hardware,North,0,5,0,4.8,149.0,0.0,Normal,0,156.45,None,4,21,28
2025-06-26,STORE-01,SKU-303,DeWalt 18V Cordless Drill,Hardware,North,0,2,0,1.9,149.0,0.0,Normal,0,156.45,None,4,21,28
2025-06-27,STORE-01,SKU-303,DeWalt 18V Cordless Drill,Hardware,North,0,0,0,0.0,149.0,0.0,Normal,0,156.45,None,4,21,28
2025-06-28,STORE-01,SKU-303,DeWalt 18V Cordless Drill,Hardware,North,0,2,0,1.9,149.0,0.0,Normal,0,156.45,None,4,21,28
2025-06-29,STORE-01,SKU-303,DeWalt 18V Cordless Drill,Hardware,North,0,3,0,2.8,149.0,0.0,Normal,0,156.45,None,4,21,28
2025-06-30,STORE-01,SKU-303,DeWalt 18V Cordless Drill,Hardware,North,0,26,0,24.7,149.0,0.0,Normal,0,156.45,None,4,21,28
2025-07-01,STORE-01,SKU-303,DeWalt 18V Cordless Drill,Hardware,North,0,3,0,2.8,149.0,0.0,Normal,0,156.45,None,4,21,28
2025-07-02,STORE-01,SKU-303,DeWalt 18V Cordless Drill,Hardware,North,0,7,0,6.6,149.0,0.0,Normal,0,156.45,None,4,21,28
2025-07-03,STORE-01,SKU-303,DeWalt 18V Cordless Drill,Hardware,North,0,0,0,0.0,149.0,0.0,Normal,0,156.45,None,4,21,28
2025-07-04,STORE-01,SKU-303,DeWalt 18V Cordless Drill,Hardware,North,0,2,0,1.9,149.0,0.0,Normal,0,156.45,None,4,21,28
2025-07-05,STORE-01,SKU-303,DeWalt 18V Cordless Drill,Hardware,North,0,1,0,1.0,149.0,0.0,Normal,0,156.45,None,4,21,28
2025-07-06,STORE-01,SKU-303,DeWalt 18V Cordless Drill,Hardware,North,0,5,0,4.8,149.0,0.0,Normal,0,156.45,None,4,21,28
2025-07-07,STORE-01,SKU-303,DeWalt 18V Cordless Drill,Hardware,North,0,3,0,2.8,149.0,0.0,Normal,0,156.45,None,4,21,28
2025-07-08,STORE-01,SKU-303,DeWalt 18V Cordless Drill,Hardware,North,0,4,0,3.8,149.0,0.0,Normal,0,156.45,None,4,21,28
2025-07-09,STORE-01,SKU-303,DeWalt 18V Cordless Drill,Hardware,North,0,1,0,1.0,149.0,0.0,Normal,0,156.45,None,4,21,28
2025-07-10,STORE-01,SKU-303,DeWalt 18V Cordless Drill,Hardware,North,0,1,0,1.0,149.0,0.0,Normal,0,156.45,None,4,21,28
2025-07-11,STORE-01,SKU-303,DeWalt 18V Cordless Drill,Hardware,North,0,4,0,3.8,149.0,0.0,Normal,0,156.45,None,4,21,28
2025-07-12,STORE-01,SKU-303,DeWalt 18V Cordless Drill,Hardware,North,0,4,0,3.8,149.0,0.0,Normal,0,156.45,None,4,21,28
2025-07-13,STORE-01,SKU-303,DeWalt 18V Cordless Drill,Hardware,North,0,4,0,3.8,149.0,0.0,Normal,0,156.45,None,4,21,28
2025-07-14,STORE-01,SKU-303,DeWalt 18V Cordless Drill,Hardware,North,0,0,0,0.0,149.0,0.0,Normal,0,156.45,None,4,21,28
2025-07-15,STORE-01,SKU-303,DeWalt 18V Cordless Drill,Hardware,North,0,43,0,40.8,149.0,0.0,Normal,0,156.45,None,4,21,28
2025-07-16,STORE-01,SKU-303,DeWalt 18V Cordless Drill,Hardware,North,0,4,0,3.8,149.0,0.0,Normal,0,156.45,None,4,21,28
2025-07-17,STORE-01,SKU-303,DeWalt 18V Cordless Drill,Hardware,North,0,3,0,2.8,149.0,0.0,Normal,0,156.45,None,4,21,28
2025-07-18,STORE-01,SKU-303,DeWalt 18V Cordless Drill,Hardware,North,0,1,0,1.0,149.0,0.0,Normal,0,156.45,None,4,21,28
2025-07-19,STORE-01,SKU-303,DeWalt 18V Cordless Drill,Hardware,North,0,6,0,5.7,149.0,0.0,Normal,0,156.45,None,4,21,28
2025-07-20,STORE-01,SKU-303,DeWalt 18V Cordless Drill,Hardware,North,0,4,0,3.8,149.0,0.0,Normal,0,156.45,None,4,21,28
2025-07-21,STORE-01,SKU-303,DeWalt 18V Cordless Drill,Hardware,North,0,3,0,2.8,149.0,0.0,Normal,0,156.45,None,4,21,28
2025-07-22,STORE-01,SKU-303,DeWalt 18V Cordless Drill,Hardware,North,0,4,0,3.8,149.0,0.0,Normal,0,156.45,None,4,21,28
2025-07-23,STORE-01,SKU-303,DeWalt 18V Cordless Drill,Hardware,North,0,5,0,4.8,149.0,0.0,Normal,0,156.45,None,4,21,28
2025-07-24,STORE-01,SKU-303,DeWalt 18V Cordless Drill,Hardware,North,0,2,0,1.9,149.0,0.0,Normal,0,156.45,None,4,21,28
2025-07-25,STORE-01,SKU-303,DeWalt 18V Cordless Drill,Hardware,North,0,3,0,2.8,149.0,0.0,Normal,0,156.45,None,4,21,28
2025-07-26,STORE-01,SKU-303,DeWalt 18V Cordless Drill,Hardware,North,0,4,0,3.8,149.0,0.0,Normal,0,156.45,None,4,21,28
2025-07-27,STORE-01,SKU-303,DeWalt 18V Cordless Drill,Hardware,North,0,1,0,1.0,149.0,0.0,Normal,0,156.45,None,4,21,28
2025-07-28,STORE-01,SKU-303,DeWalt 18V Cordless Drill,Hardware,North,0,2,0,1.9,149.0,0.0,Normal,0,156.45,None,4,21,28
2025-07-29,STORE-01,SKU-303,DeWalt 18V Cordless Drill,Hardware,North,0,5,0,4.8,149.0,0.0,Normal,0,156.45,None,4,21,28
2025-07-30,STORE-01,SKU-303,DeWalt 18V Cordless Drill,Hardware,North,0,3,0,2.8,149.0,0.0,Normal,0,156.45,None,4,21,28
2025-07-31,STORE-01,SKU-303,DeWalt 18V Cordless Drill,Hardware,North,0,8,0,7.6,149.0,0.0,Normal,0,156.45,None,4,21,28
2025-08-01,STORE-01,SKU-303,DeWalt 18V Cordless Drill,Hardware,North,0,2,0,1.9,149.0,0.0,Normal,0,156.45,None,4,21,28
2025-08-02,STORE-01,SKU-303,DeWalt 18V Cordless Drill,Hardware,North,0,0,0,0.0,149.0,0.0,Normal,0,156.45,None,4,21,28
2025-08-03,STORE-01,SKU-303,DeWalt 18V Cordless Drill,Hardware,North,0,2,0,1.9,149.0,0.0,Normal,0,156.45,None,4,21,28
2025-08-04,STORE-01,SKU-303,DeWalt 18V Cordless Drill,Hardware,North,0,1,0,1.0,149.0,0.0,Normal,0,156.45,None,4,21,28
2025-08-05,STORE-01,SKU-303,DeWalt 18V Cordless Drill,Hardware,North,0,2,0,1.9,149.0,0.0,Normal,0,156.45,None,4,21,28
2025-08-06,STORE-01,SKU-303,DeWalt 18V Cordless Drill,Hardware,North,0,28,0,26.6,149.0,0.0,Normal,0,156.45,None,4,21,28
2025-08-07,STORE-01,SKU-303,DeWalt 18V Cordless Drill,Hardware,North,0,1,0,1.0,149.0,0.0,Normal,0,156.45,None,4,21,28
2025-08-08,STORE-01,SKU-303,DeWalt 18V Cordless Drill,Hardware,North,0,5,0,4.8,149.0,0.0,Normal,0,156.45,None,4,21,28
2025-08-09,STORE-01,SKU-303,DeWalt 18V Cordless Drill,Hardware,North,0,2,0,1.9,149.0,0.0,Normal,0,156.45,None,4,21,28
2025-08-10,STORE-01,SKU-303,DeWalt 18V Cordless Drill,Hardware,North,0,2,0,1.9,149.0,0.0,Normal,0,156.45,None,4,21,28
2025-08-11,STORE-01,SKU-303,DeWalt 18V Cordless Drill,Hardware,North,0,1,0,1.0,149.0,0.0,Normal,0,156.45,None,4,21,28
2025-08-12,STORE-01,SKU-303,DeWalt 18V Cordless Drill,Hardware,North,0,0,0,0.0,149.0,0.0,Normal,0,156.45,None,4,21,28
2025-08-13,STORE-01,SKU-303,DeWalt 18V Cordless Drill,Hardware,North,0,31,0,29.4,149.0,0.0,Normal,0,156.45,None,4,21,28
2025-08-14,STORE-01,SKU-303,DeWalt 18V Cordless Drill,Hardware,North,0,1,0,1.0,149.0,0.0,Normal,0,156.45,None,4,21,28
2025-08-15,STORE-01,SKU-303,DeWalt 18V Cordless Drill,Hardware,North,0,0,0,0.0,149.0,0.0,Normal,0,156.45,None,4,21,28
2025-08-16,STORE-01,SKU-303,DeWalt 18V Cordless Drill,Hardware,North,0,5,0,4.8,149.0,0.0,Normal,0,156.45,None,4,21,28
2025-08-17,STORE-01,SKU-303,DeWalt 18V Cordless Drill,Hardware,North,0,7,0,6.6,149.0,0.0,Normal,0,156.45,None,4,21,28
2025-08-18,STORE-01,SKU-303,DeWalt 18V Cordless Drill,Hardware,North,0,6,0,5.7,149.0,0.0,Normal,0,156.45,None,4,21,28
2025-08-19,STORE-01,SKU-303,DeWalt 18V Cordless Drill,Hardware,North,0,5,0,4.8,149.0,0.0,Normal,0,156.45,None,4,21,28
2025-08-20,STORE-01,SKU-303,DeWalt 18V Cordless Drill,Hardware,North,0,1,0,1.0,149.0,0.0,Normal,0,156.45,None,4,21,28
2025-08-21,STORE-01,SKU-303,DeWalt 18V Cordless Drill,Hardware,North,0,4,0,3.8,149.0,0.0,Normal,0,156.45,None,4,21,28
2025-08-22,STORE-01,SKU-303,DeWalt 18V Cordless Drill,Hardware,North,0,6,0,5.7,149.0,0.0,Normal,0,156.45,None,4,21,28
2025-08-23,STORE-01,SKU-303,DeWalt 18V Cordless Drill,Hardware,North,0,4,0,3.8,149.0,0.0,Normal,0,156.45,None,4,21,28
2025-08-24,STORE-01,SKU-303,DeWalt 18V Cordless Drill,Hardware,North,0,8,0,7.6,149.0,0.0,Normal,0,156.45,None,4,21,28
2025-08-25,STORE-01,SKU-303,DeWalt 18V Cordless Drill,Hardware,North,0,4,0,3.8,149.0,0.0,Normal,0,156.45,None,4,21,28
2025-08-26,STORE-01,SKU-303,DeWalt 18V Cordless Drill,Hardware,North,0,3,0,2.8,149.0,0.0,Normal,0,156.45,None,4,21,28
2025-08-27,STORE-01,SKU-303,DeWalt 18V Cordless Drill,Hardware,North,0,0,0,0.0,149.0,0.0,Normal,0,156.45,None,4,21,28
2025-08-28,STORE-01,SKU-303,DeWalt 18V Cordless Drill,Hardware,North,0,3,0,2.8,149.0,0.0,Normal,0,156.45,None,4,21,28
2025-08-29,STORE-01,SKU-303,DeWalt 18V Cordless Drill,Hardware,North,0,3,0,2.8,149.0,0.0,Normal,0,156.45,None,4,21,28
2025-08-30,STORE-01,SKU-303,DeWalt 18V Cordless Drill,Hardware,North,0,2,0,1.9,149.0,0.0,Normal,0,156.45,None,4,21,28
2025-08-31,STORE-01,SKU-303,DeWalt 18V Cordless Drill,Hardware,North,0,6,0,5.7,149.0,0.0,Normal,0,156.45,None,4,21,28
2025-09-01,STORE-01,SKU-303,DeWalt 18V Cordless Drill,Hardware,North,0,4,0,3.8,149.0,0.0,Normal,0,156.45,None,4,21,28
2025-09-02,STORE-01,SKU-303,DeWalt 18V Cordless Drill,Hardware,North,0,0,0,0.0,149.0,0.0,Normal,0,156.45,None,4,21,28
2025-09-03,STORE-01,SKU-303,DeWalt 18V Cordless Drill,Hardware,North,0,1,0,1.0,149.0,0.0,Normal,0,156.45,None,4,21,28
2025-09-04,STORE-01,SKU-303,DeWalt 18V Cordless Drill,Hardware,North,0,6,0,5.7,149.0,0.0,Normal,0,156.45,None,4,21,28
2025-09-05,STORE-01,SKU-303,DeWalt 18V Cordless Drill,Hardware,North,0,8,0,7.6,149.0,0.0,Normal,0,156.45,None,4,21,28
2025-09-06,STORE-01,SKU-303,DeWalt 18V Cordless Drill,Hardware,North,0,1,0,1.0,149.0,0.0,Normal,0,156.45,None,4,21,28
2025-09-07,STORE-01,SKU-303,DeWalt 18V Cordless Drill,Hardware,North,0,1,0,1.0,149.0,0.0,Normal,0,156.45,None,4,21,28
2024-09-08,STORE-01,SKU-404,Industrial 4-Inch Gate Valve,MRO / Parts,North,5,0,0,0.0,320.0,0.0,Normal,0,336.0,None,1,30,5
2024-09-09,STORE-01,SKU-404,Industrial 4-Inch Gate Valve,MRO / Parts,North,5,0,0,0.0,320.0,0.0,Normal,0,336.0,None,1,30,5
2024-09-10,STORE-01,SKU-404,Industrial 4-Inch Gate Valve,MRO / Parts,North,4,1,0,1.0,320.0,0.0,Normal,0,336.0,None,1,30,5
2024-09-11,STORE-01,SKU-404,Industrial 4-Inch Gate Valve,MRO / Parts,North,3,1,0,1.0,320.0,0.0,Normal,0,336.0,None,1,30,5
2024-09-12,STORE-01,SKU-404,Industrial 4-Inch Gate Valve,MRO / Parts,North,3,0,0,0.0,320.0,0.0,Normal,0,336.0,None,1,30,5
2024-09-13,STORE-01,SKU-404,Industrial 4-Inch Gate Valve,MRO / Parts,North,3,0,0,0.0,320.0,0.0,Normal,0,336.0,None,1,30,5
2024-09-14,STORE-01,SKU-404,Industrial 4-Inch Gate Valve,MRO / Parts,North,3,0,0,0.0,320.0,0.0,Normal,0,336.0,None,1,30,5
2024-09-15,STORE-01,SKU-404,Industrial 4-Inch Gate Valve,MRO / Parts,North,2,1,0,1.0,320.0,0.0,Normal,0,336.0,None,1,30,5
2024-09-16,STORE-01,SKU-404,Industrial 4-Inch Gate Valve,MRO / Parts,North,2,0,0,0.0,320.0,0.0,Normal,0,336.0,None,1,30,5
2024-09-17,STORE-01,SKU-404,Industrial 4-Inch Gate Valve,MRO / Parts,North,2,0,0,0.0,320.0,0.0,Normal,0,336.0,None,1,30,5
2024-09-18,STORE-01,SKU-404,Industrial 4-Inch Gate Valve,MRO / Parts,North,2,0,0,0.0,320.0,0.0,Normal,0,336.0,None,1,30,5
2024-09-19,STORE-01,SKU-404,Industrial 4-Inch Gate Valve,MRO / Parts,North,2,0,0,0.0,320.0,0.0,Normal,0,336.0,None,1,30,5
2024-09-20,STORE-01,SKU-404,Industrial 4-Inch Gate Valve,MRO / Parts,North,2,0,0,0.0,320.0,0.0,Normal,0,336.0,None,1,30,5
2024-09-21,STORE-01,SKU-404,Industrial 4-Inch Gate Valve,MRO / Parts,North,0,3,0,2.8,320.0,0.0,Normal,0,336.0,None,1,30,5
2024-09-22,STORE-01,SKU-404,Industrial 4-Inch Gate Valve,MRO / Parts,North,0,0,0,0.0,320.0,0.0,Normal,0,336.0,None,1,30,5
2024-09-23,STORE-01,SKU-404,Industrial 4-Inch Gate Valve,MRO / Parts,North,0,1,0,1.0,320.0,0.0,Normal,0,336.0,None,1,30,5
2024-09-24,STORE-01,SKU-404,Industrial 4-Inch Gate Valve,MRO / Parts,North,0,0,0,0.0,320.0,0.0,Normal,0,336.0,None,1,30,5
2024-09-25,STORE-01,SKU-404,Industrial 4-Inch Gate Valve,MRO / Parts,North,0,0,0,0.0,320.0,0.0,Normal,0,336.0,None,1,30,5
2024-09-26,STORE-01,SKU-404,Industrial 4-Inch Gate Valve,MRO / Parts,North,0,3,0,2.8,320.0,0.0,Normal,0,336.0,None,1,30,5
2024-09-27,STORE-01,SKU-404,Industrial 4-Inch Gate Valve,MRO / Parts,North,0,1,0,1.0,320.0,0.0,Normal,0,336.0,None,1,30,5
2024-09-28,STORE-01,SKU-404,Industrial 4-Inch Gate Valve,MRO / Parts,North,0,0,0,0.0,320.0,0.0,Normal,0,336.0,None,1,30,5
2024-09-29,STORE-01,SKU-404,Industrial 4-Inch Gate Valve,MRO / Parts,North,0,1,0,1.0,320.0,0.0,Normal,0,336.0,None,1,30,5
2024-09-30,STORE-01,SKU-404,Industrial 4-Inch Gate Valve,MRO / Parts,North,0,0,0,0.0,320.0,0.0,Normal,0,336.0,None,1,30,5
2024-10-01,STORE-01,SKU-404,Industrial 4-Inch Gate Valve,MRO / Parts,North,0,5,0,4.8,320.0,0.0,Normal,0,336.0,None,1,30,5
2024-10-02,STORE-01,SKU-404,Industrial 4-Inch Gate Valve,MRO / Parts,North,0,0,0,0.0,320.0,0.0,Normal,0,336.0,None,1,30,5
2024-10-03,STORE-01,SKU-404,Industrial 4-Inch Gate Valve,MRO / Parts,North,0,0,0,0.0,320.0,0.0,Normal,0,336.0,None,1,30,5
2024-10-04,STORE-01,SKU-404,Industrial 4-Inch Gate Valve,MRO / Parts,North,0,0,0,0.0,320.0,0.0,Normal,0,336.0,None,1,30,5
2024-10-05,STORE-01,SKU-404,Industrial 4-Inch Gate Valve,MRO / Parts,North,0,13,0,12.4,320.0,0.0,Normal,0,336.0,None,1,30,5
2024-10-06,STORE-01,SKU-404,Industrial 4-Inch Gate Valve,MRO / Parts,North,0,0,0,0.0,320.0,0.0,Normal,0,336.0,None,1,30,5
2024-10-07,STORE-01,SKU-404,Industrial 4-Inch Gate Valve,MRO / Parts,North,0,0,0,0.0,320.0,0.0,Normal,0,336.0,None,1,30,5
2024-10-08,STORE-01,SKU-404,Industrial 4-Inch Gate Valve,MRO / Parts,North,0,0,0,0.0,320.0,0.0,Normal,0,336.0,None,1,30,5
2024-10-09,STORE-01,SKU-404,Industrial 4-Inch Gate Valve,MRO / Parts,North,0,0,0,0.0,320.0,0.0,Normal,0,336.0,None,1,30,5
2024-10-10,STORE-01,SKU-404,Industrial 4-Inch Gate Valve,MRO / Parts,North,0,0,0,0.0,320.0,0.0,Normal,0,336.0,None,1,30,5
2024-10-11,STORE-01,SKU-404,Industrial 4-Inch Gate Valve,MRO / Parts,North,0,0,0,0.0,320.0,0.0,Normal,0,336.0,None,1,30,5
2024-10-12,STORE-01,SKU-404,Industrial 4-Inch Gate Valve,MRO / Parts,North,0,0,0,0.0,320.0,0.0,Normal,0,336.0,None,1,30,5
2024-10-13,STORE-01,SKU-404,Industrial 4-Inch Gate Valve,MRO / Parts,North,0,0,0,0.0,320.0,0.0,Normal,0,336.0,None,1,30,5
2024-10-14,STORE-01,SKU-404,Industrial 4-Inch Gate Valve,MRO / Parts,North,0,0,0,0.0,320.0,0.0,Normal,0,336.0,None,1,30,5
2024-10-15,STORE-01,SKU-404,Industrial 4-Inch Gate Valve,MRO / Parts,North,0,0,0,0.0,320.0,0.0,Normal,0,336.0,None,1,30,5
2024-10-16,STORE-01,SKU-404,Industrial 4-Inch Gate Valve,MRO / Parts,North,0,0,0,0.0,320.0,0.0,Normal,0,336.0,None,1,30,5
2024-10-17,STORE-01,SKU-404,Industrial 4-Inch Gate Valve,MRO / Parts,North,0,0,0,0.0,320.0,0.0,Normal,0,336.0,None,1,30,5
2024-10-18,STORE-01,SKU-404,Industrial 4-Inch Gate Valve,MRO / Parts,North,0,0,0,0.0,320.0,0.0,Normal,0,336.0,None,1,30,5
2024-10-19,STORE-01,SKU-404,Industrial 4-Inch Gate Valve,MRO / Parts,North,0,0,0,0.0,320.0,0.0,Normal,0,336.0,None,1,30,5
2024-10-20,STORE-01,SKU-404,Industrial 4-Inch Gate Valve,MRO / Parts,North,0,0,0,0.0,320.0,0.0,Normal,0,336.0,None,1,30,5
2024-10-21,STORE-01,SKU-404,Industrial 4-Inch Gate Valve,MRO / Parts,North,0,0,0,0.0,320.0,0.0,Normal,0,336.0,None,1,30,5
2024-10-22,STORE-01,SKU-404,Industrial 4-Inch Gate Valve,MRO / Parts,North,0,0,0,0.0,320.0,0.0,Normal,0,336.0,None,1,30,5
2024-10-23,STORE-01,SKU-404,Industrial 4-Inch Gate Valve,MRO / Parts,North,0,0,0,0.0,320.0,0.0,Normal,0,336.0,None,1,30,5
2024-10-24,STORE-01,SKU-404,Industrial 4-Inch Gate Valve,MRO / Parts,North,0,0,0,0.0,320.0,0.0,Normal,0,336.0,None,1,30,5
2024-10-25,STORE-01,SKU-404,Industrial 4-Inch Gate Valve,MRO / Parts,North,0,0,0,0.0,320.0,0.0,Normal,0,336.0,None,1,30,5
2024-10-26,STORE-01,SKU-404,Industrial 4-Inch Gate Valve,MRO / Parts,North,0,1,0,1.0,320.0,0.0,Normal,0,336.0,None,1,30,5
2024-10-27,STORE-01,SKU-404,Industrial 4-Inch Gate Valve,MRO / Parts,North,0,0,0,0.0,320.0,0.0,Normal,0,336.0,None,1,30,5
2024-10-28,STORE-01,SKU-404,Industrial 4-Inch Gate Valve,MRO / Parts,North,0,0,0,0.0,320.0,0.0,Normal,0,336.0,None,1,30,5
2024-10-29,STORE-01,SKU-404,Industrial 4-Inch Gate Valve,MRO / Parts,North,0,0,0,0.0,320.0,0.0,Normal,0,336.0,None,1,30,5
2024-10-30,STORE-01,SKU-404,Industrial 4-Inch Gate Valve,MRO / Parts,North,0,0,0,0.0,320.0,0.0,Normal,0,336.0,None,1,30,5
2024-10-31,STORE-01,SKU-404,Industrial 4-Inch Gate Valve,MRO / Parts,North,0,0,0,0.0,320.0,0.0,Normal,0,336.0,None,1,30,5
2024-11-01,STORE-01,SKU-404,Industrial 4-Inch Gate Valve,MRO / Parts,North,0,0,0,0.0,320.0,0.0,Normal,0,336.0,None,1,30,5
2024-11-02,STORE-01,SKU-404,Industrial 4-Inch Gate Valve,MRO / Parts,North,0,0,0,0.0,320.0,0.0,Normal,0,336.0,None,1,30,5
2024-11-03,STORE-01,SKU-404,Industrial 4-Inch Gate Valve,MRO / Parts,North,0,0,0,0.0,320.0,0.0,Normal,0,336.0,None,1,30,5
2024-11-04,STORE-01,SKU-404,Industrial 4-Inch Gate Valve,MRO / Parts,North,0,4,0,3.8,320.0,0.0,Normal,0,336.0,None,1,30,5
2024-11-05,STORE-01,SKU-404,Industrial 4-Inch Gate Valve,MRO / Parts,North,0,0,0,0.0,320.0,0.0,Normal,0,336.0,None,1,30,5
2024-11-06,STORE-01,SKU-404,Industrial 4-Inch Gate Valve,MRO / Parts,North,0,0,0,0.0,320.0,0.0,Normal,0,336.0,None,1,30,5
2024-11-07,STORE-01,SKU-404,Industrial 4-Inch Gate Valve,MRO / Parts,North,0,0,0,0.0,320.0,0.0,Normal,0,336.0,None,1,30,5
2024-11-08,STORE-01,SKU-404,Industrial 4-Inch Gate Valve,MRO / Parts,North,0,0,0,0.0,320.0,0.0,Normal,0,336.0,None,1,30,5
2024-11-09,STORE-01,SKU-404,Industrial 4-Inch Gate Valve,MRO / Parts,North,0,0,0,0.0,320.0,0.0,Normal,0,336.0,None,1,30,5
2024-11-10,STORE-01,SKU-404,Industrial 4-Inch Gate Valve,MRO / Parts,North,0,9,0,8.5,320.0,0.0,Normal,0,336.0,None,1,30,5
2024-11-11,STORE-01,SKU-404,Industrial 4-Inch Gate Valve,MRO / Parts,North,0,1,0,1.0,320.0,0.0,Normal,0,336.0,None,1,30,5
2024-11-12,STORE-01,SKU-404,Industrial 4-Inch Gate Valve,MRO / Parts,North,0,0,0,0.0,320.0,0.0,Normal,0,336.0,None,1,30,5
2024-11-13,STORE-01,SKU-404,Industrial 4-Inch Gate Valve,MRO / Parts,North,0,1,0,1.0,320.0,0.0,Normal,0,336.0,None,1,30,5
2024-11-14,STORE-01,SKU-404,Industrial 4-Inch Gate Valve,MRO / Parts,North,0,0,0,0.0,320.0,0.0,Normal,0,336.0,None,1,30,5
2024-11-15,STORE-01,SKU-404,Industrial 4-Inch Gate Valve,MRO / Parts,North,0,0,0,0.0,320.0,0.0,Normal,0,336.0,None,1,30,5
2024-11-16,STORE-01,SKU-404,Industrial 4-Inch Gate Valve,MRO / Parts,North,0,1,0,1.0,320.0,0.0,Normal,0,336.0,None,1,30,5
2024-11-17,STORE-01,SKU-404,Industrial 4-Inch Gate Valve,MRO / Parts,North,0,0,0,0.0,320.0,0.0,Normal,0,336.0,None,1,30,5
2024-11-18,STORE-01,SKU-404,Industrial 4-Inch Gate Valve,MRO / Parts,North,0,0,0,0.0,320.0,0.0,Normal,0,336.0,None,1,30,5
2024-11-19,STORE-01,SKU-404,Industrial 4-Inch Gate Valve,MRO / Parts,North,0,0,0,0.0,320.0,0.0,Normal,0,336.0,None,1,30,5
2024-11-20,STORE-01,SKU-404,Industrial 4-Inch Gate Valve,MRO / Parts,North,0,0,0,0.0,320.0,0.0,Normal,0,336.0,None,1,30,5
2024-11-21,STORE-01,SKU-404,Industrial 4-Inch Gate Valve,MRO / Parts,North,0,0,0,0.0,320.0,0.0,Normal,0,336.0,None,1,30,5
2024-11-22,STORE-01,SKU-404,Industrial 4-Inch Gate Valve,MRO / Parts,North,0,15,0,14.2,320.0,0.0,Normal,0,336.0,None,1,30,5
2024-11-23,STORE-01,SKU-404,Industrial 4-Inch Gate Valve,MRO / Parts,North,0,1,0,1.0,320.0,0.0,Normal,0,336.0,None,1,30,5
2024-11-24,STORE-01,SKU-404,Industrial 4-Inch Gate Valve,MRO / Parts,North,0,0,0,0.0,320.0,0.0,Normal,0,336.0,None,1,30,5
2024-11-25,STORE-01,SKU-404,Industrial 4-Inch Gate Valve,MRO / Parts,North,0,0,0,0.0,320.0,0.0,Normal,0,336.0,None,1,30,5
2024-11-26,STORE-01,SKU-404,Industrial 4-Inch Gate Valve,MRO / Parts,North,0,0,0,0.0,320.0,0.0,Normal,0,336.0,None,1,30,5
2024-11-27,STORE-01,SKU-404,Industrial 4-Inch Gate Valve,MRO / Parts,North,0,0,0,0.0,320.0,0.0,Normal,0,336.0,None,1,30,5
2024-11-28,STORE-01,SKU-404,Industrial 4-Inch Gate Valve,MRO / Parts,North,0,4,0,3.8,320.0,0.0,Normal,0,336.0,None,1,30,5
2024-11-29,STORE-01,SKU-404,Industrial 4-Inch Gate Valve,MRO / Parts,North,0,0,0,0.0,320.0,0.0,Normal,0,336.0,None,1,30,5
2024-11-30,STORE-01,SKU-404,Industrial 4-Inch Gate Valve,MRO / Parts,North,0,0,0,0.0,320.0,0.0,Normal,0,336.0,None,1,30,5
2024-12-01,STORE-01,SKU-404,Industrial 4-Inch Gate Valve,MRO / Parts,North,0,0,0,0.0,320.0,0.0,Normal,0,336.0,None,1,30,5
2024-12-02,STORE-01,SKU-404,Industrial 4-Inch Gate Valve,MRO / Parts,North,0,0,0,0.0,320.0,0.0,Normal,0,336.0,None,1,30,5
2024-12-03,STORE-01,SKU-404,Industrial 4-Inch Gate Valve,MRO / Parts,North,0,14,0,13.3,320.0,0.0,Normal,0,336.0,None,1,30,5
2024-12-04,STORE-01,SKU-404,Industrial 4-Inch Gate Valve,MRO / Parts,North,0,1,0,1.0,320.0,0.0,Normal,0,336.0,None,1,30,5
2024-12-05,STORE-01,SKU-404,Industrial 4-Inch Gate Valve,MRO / Parts,North,0,0,0,0.0,320.0,0.0,Normal,0,336.0,None,1,30,5
2024-12-06,STORE-01,SKU-404,Industrial 4-Inch Gate Valve,MRO / Parts,North,0,0,0,0.0,320.0,0.0,Normal,0,336.0,None,1,30,5
2024-12-07,STORE-01,SKU-404,Industrial 4-Inch Gate Valve,MRO / Parts,North,0,0,0,0.0,320.0,0.0,Normal,0,336.0,None,1,30,5
2024-12-08,STORE-01,SKU-404,Industrial 4-Inch Gate Valve,MRO / Parts,North,0,0,0,0.0,320.0,0.0,Normal,0,336.0,None,1,30,5
2024-12-09,STORE-01,SKU-404,Industrial 4-Inch Gate Valve,MRO / Parts,North,0,3,0,2.8,320.0,0.0,Normal,0,336.0,None,1,30,5
2024-12-10,STORE-01,SKU-404,Industrial 4-Inch Gate Valve,MRO / Parts,North,0,0,0,0.0,320.0,0.0,Normal,0,336.0,None,1,30,5
2024-12-11,STORE-01,SKU-404,Industrial 4-Inch Gate Valve,MRO / Parts,North,0,10,0,9.5,320.0,0.0,Normal,0,336.0,None,1,30,5
2024-12-12,STORE-01,SKU-404,Industrial 4-Inch Gate Valve,MRO / Parts,North,0,6,0,5.7,320.0,0.0,Normal,0,336.0,None,1,30,5
2024-12-13,STORE-01,SKU-404,Industrial 4-Inch Gate Valve,MRO / Parts,North,0,0,0,0.0,320.0,0.0,Normal,0,336.0,None,1,30,5
2024-12-14,STORE-01,SKU-404,Industrial 4-Inch Gate Valve,MRO / Parts,North,0,0,0,0.0,320.0,0.0,Normal,0,336.0,None,1,30,5
2024-12-15,STORE-01,SKU-404,Industrial 4-Inch Gate Valve,MRO / Parts,North,0,0,0,0.0,320.0,0.0,Normal,0,336.0,None,1,30,5
2024-12-16,STORE-01,SKU-404,Industrial 4-Inch Gate Valve,MRO / Parts,North,0,1,0,1.0,320.0,0.0,Normal,0,336.0,None,1,30,5
2024-12-17,STORE-01,SKU-404,Industrial 4-Inch Gate Valve,MRO / Parts,North,0,0,0,0.0,320.0,0.0,Normal,0,336.0,None,1,30,5
2024-12-18,STORE-01,SKU-404,Industrial 4-Inch Gate Valve,MRO / Parts,North,0,0,0,0.0,320.0,0.0,Normal,0,336.0,None,1,30,5
2024-12-19,STORE-01,SKU-404,Industrial 4-Inch Gate Valve,MRO / Parts,North,0,0,0,0.0,320.0,0.0,Normal,0,336.0,None,1,30,5
2024-12-20,STORE-01,SKU-404,Industrial 4-Inch Gate Valve,MRO / Parts,North,0,0,0,0.0,320.0,0.0,Normal,0,336.0,None,1,30,5
2024-12-21,STORE-01,SKU-404,Industrial 4-Inch Gate Valve,MRO / Parts,North,0,0,0,0.0,320.0,0.0,Normal,0,336.0,None,1,30,5
2024-12-22,STORE-01,SKU-404,Industrial 4-Inch Gate Valve,MRO / Parts,North,0,9,0,8.5,320.0,0.0,Normal,0,336.0,None,1,30,5
2024-12-23,STORE-01,SKU-404,Industrial 4-Inch Gate Valve,MRO / Parts,North,0,0,0,0.0,320.0,0.0,Normal,0,336.0,None,1,30,5
2024-12-24,STORE-01,SKU-404,Industrial 4-Inch Gate Valve,MRO / Parts,North,0,0,0,0.0,320.0,0.0,Normal,0,336.0,None,1,30,5
2024-12-25,STORE-01,SKU-404,Industrial 4-Inch Gate Valve,MRO / Parts,North,0,0,0,0.0,320.0,0.0,Normal,0,336.0,None,1,30,5
2024-12-26,STORE-01,SKU-404,Industrial 4-Inch Gate Valve,MRO / Parts,North,0,0,0,0.0,320.0,0.0,Normal,0,336.0,None,1,30,5
2024-12-27,STORE-01,SKU-404,Industrial 4-Inch Gate Valve,MRO / Parts,North,0,0,0,0.0,320.0,0.0,Normal,0,336.0,None,1,30,5
2024-12-28,STORE-01,SKU-404,Industrial 4-Inch Gate Valve,MRO / Parts,North,0,0,0,0.0,320.0,0.0,Normal,0,336.0,None,1,30,5
2024-12-29,STORE-01,SKU-404,Industrial 4-Inch Gate Valve,MRO / Parts,North,0,3,0,2.8,320.0,0.0,Normal,0,336.0,None,1,30,5
2024-12-30,STORE-01,SKU-404,Industrial 4-Inch Gate Valve,MRO / Parts,North,0,0,0,0.0,320.0,0.0,Normal,0,336.0,None,1,30,5
2024-12-31,STORE-01,SKU-404,Industrial 4-Inch Gate Valve,MRO / Parts,North,0,0,0,0.0,320.0,0.0,Normal,0,336.0,None,1,30,5
2025-01-01,STORE-01,SKU-404,Industrial 4-Inch Gate Valve,MRO / Parts,North,0,0,0,0.0,320.0,0.0,Normal,0,336.0,None,1,30,5
2025-01-02,STORE-01,SKU-404,Industrial 4-Inch Gate Valve,MRO / Parts,North,0,0,0,0.0,320.0,0.0,Normal,0,336.0,None,1,30,5
2025-01-03,STORE-01,SKU-404,Industrial 4-Inch Gate Valve,MRO / Parts,North,0,13,0,12.4,320.0,0.0,Normal,0,336.0,None,1,30,5
2025-01-04,STORE-01,SKU-404,Industrial 4-Inch Gate Valve,MRO / Parts,North,0,0,0,0.0,320.0,0.0,Normal,0,336.0,None,1,30,5
2025-01-05,STORE-01,SKU-404,Industrial 4-Inch Gate Valve,MRO / Parts,North,0,0,0,0.0,320.0,0.0,Normal,0,336.0,None,1,30,5
2025-01-06,STORE-01,SKU-404,Industrial 4-Inch Gate Valve,MRO / Parts,North,0,0,0,0.0,320.0,0.0,Normal,0,336.0,None,1,30,5
2025-01-07,STORE-01,SKU-404,Industrial 4-Inch Gate Valve,MRO / Parts,North,0,0,0,0.0,320.0,0.0,Normal,0,336.0,None,1,30,5
2025-01-08,STORE-01,SKU-404,Industrial 4-Inch Gate Valve,MRO / Parts,North,0,0,0,0.0,320.0,0.0,Normal,0,336.0,None,1,30,5
2025-01-09,STORE-01,SKU-404,Industrial 4-Inch Gate Valve,MRO / Parts,North,0,0,0,0.0,320.0,0.0,Normal,0,336.0,None,1,30,5
2025-01-10,STORE-01,SKU-404,Industrial 4-Inch Gate Valve,MRO / Parts,North,0,0,0,0.0,320.0,0.0,Normal,0,336.0,None,1,30,5
2025-01-11,STORE-01,SKU-404,Industrial 4-Inch Gate Valve,MRO / Parts,North,0,2,0,1.9,320.0,0.0,Normal,0,336.0,None,1,30,5
2025-01-12,STORE-01,SKU-404,Industrial 4-Inch Gate Valve,MRO / Parts,North,0,0,0,0.0,320.0,0.0,Normal,0,336.0,None,1,30,5
2025-01-13,STORE-01,SKU-404,Industrial 4-Inch Gate Valve,MRO / Parts,North,0,0,0,0.0,320.0,0.0,Normal,0,336.0,None,1,30,5
2025-01-14,STORE-01,SKU-404,Industrial 4-Inch Gate Valve,MRO / Parts,North,0,0,0,0.0,320.0,0.0,Normal,0,336.0,None,1,30,5
2025-01-15,STORE-01,SKU-404,Industrial 4-Inch Gate Valve,MRO / Parts,North,0,0,0,0.0,320.0,0.0,Normal,0,336.0,None,1,30,5
2025-01-16,STORE-01,SKU-404,Industrial 4-Inch Gate Valve,MRO / Parts,North,0,0,0,0.0,320.0,0.0,Normal,0,336.0,None,1,30,5
2025-01-17,STORE-01,SKU-404,Industrial 4-Inch Gate Valve,MRO / Parts,North,0,6,0,5.7,320.0,0.0,Normal,0,336.0,None,1,30,5
2025-01-18,STORE-01,SKU-404,Industrial 4-Inch Gate Valve,MRO / Parts,North,0,0,0,0.0,320.0,0.0,Normal,0,336.0,None,1,30,5
2025-01-19,STORE-01,SKU-404,Industrial 4-Inch Gate Valve,MRO / Parts,North,0,0,0,0.0,320.0,0.0,Normal,0,336.0,None,1,30,5
2025-01-20,STORE-01,SKU-404,Industrial 4-Inch Gate Valve,MRO / Parts,North,0,1,0,1.0,320.0,0.0,Normal,0,336.0,None,1,30,5
2025-01-21,STORE-01,SKU-404,Industrial 4-Inch Gate Valve,MRO / Parts,North,0,1,0,1.0,320.0,0.0,Normal,0,336.0,None,1,30,5
2025-01-22,STORE-01,SKU-404,Industrial 4-Inch Gate Valve,MRO / Parts,North,0,0,0,0.0,320.0,0.0,Normal,0,336.0,None,1,30,5
2025-01-23,STORE-01,SKU-404,Industrial 4-Inch Gate Valve,MRO / Parts,North,0,0,0,0.0,320.0,0.0,Normal,0,336.0,None,1,30,5
2025-01-24,STORE-01,SKU-404,Industrial 4-Inch Gate Valve,MRO / Parts,North,0,0,0,0.0,320.0,0.0,Normal,0,336.0,None,1,30,5
2025-01-25,STORE-01,SKU-404,Industrial 4-Inch Gate Valve,MRO / Parts,North,0,2,0,1.9,320.0,0.0,Normal,0,336.0,None,1,30,5
2025-01-26,STORE-01,SKU-404,Industrial 4-Inch Gate Valve,MRO / Parts,North,0,0,0,0.0,320.0,0.0,Normal,0,336.0,None,1,30,5
2025-01-27,STORE-01,SKU-404,Industrial 4-Inch Gate Valve,MRO / Parts,North,0,18,0,17.1,320.0,0.0,Normal,0,336.0,None,1,30,5
2025-01-28,STORE-01,SKU-404,Industrial 4-Inch Gate Valve,MRO / Parts,North,0,0,0,0.0,320.0,0.0,Normal,0,336.0,None,1,30,5
2025-01-29,STORE-01,SKU-404,Industrial 4-Inch Gate Valve,MRO / Parts,North,0,0,0,0.0,320.0,0.0,Normal,0,336.0,None,1,30,5
2025-01-30,STORE-01,SKU-404,Industrial 4-Inch Gate Valve,MRO / Parts,North,0,0,0,0.0,320.0,0.0,Normal,0,336.0,None,1,30,5
2025-01-31,STORE-01,SKU-404,Industrial 4-Inch Gate Valve,MRO / Parts,North,0,0,0,0.0,320.0,0.0,Normal,0,336.0,None,1,30,5
2025-02-01,STORE-01,SKU-404,Industrial 4-Inch Gate Valve,MRO / Parts,North,0,0,0,0.0,320.0,0.0,Normal,0,336.0,None,1,30,5
2025-02-02,STORE-01,SKU-404,Industrial 4-Inch Gate Valve,MRO / Parts,North,0,4,0,3.8,320.0,0.0,Normal,0,336.0,None,1,30,5
2025-02-03,STORE-01,SKU-404,Industrial 4-Inch Gate Valve,MRO / Parts,North,0,0,0,0.0,320.0,0.0,Normal,0,336.0,None,1,30,5
2025-02-04,STORE-01,SKU-404,Industrial 4-Inch Gate Valve,MRO / Parts,North,0,0,0,0.0,320.0,0.0,Normal,0,336.0,None,1,30,5
2025-02-05,STORE-01,SKU-404,Industrial 4-Inch Gate Valve,MRO / Parts,North,0,0,0,0.0,320.0,0.0,Normal,0,336.0,None,1,30,5
2025-02-06,STORE-01,SKU-404,Industrial 4-Inch Gate Valve,MRO / Parts,North,0,0,0,0.0,320.0,0.0,Normal,0,336.0,None,1,30,5
2025-02-07,STORE-01,SKU-404,Industrial 4-Inch Gate Valve,MRO / Parts,North,0,0,0,0.0,320.0,0.0,Normal,0,336.0,None,1,30,5
2025-02-08,STORE-01,SKU-404,Industrial 4-Inch Gate Valve,MRO / Parts,North,0,0,0,0.0,320.0,0.0,Normal,0,336.0,None,1,30,5
2025-02-09,STORE-01,SKU-404,Industrial 4-Inch Gate Valve,MRO / Parts,North,0,24,0,22.8,320.0,0.0,Normal,0,336.0,None,1,30,5
2025-02-10,STORE-01,SKU-404,Industrial 4-Inch Gate Valve,MRO / Parts,North,0,1,0,1.0,320.0,0.0,Normal,0,336.0,None,1,30,5
2025-02-11,STORE-01,SKU-404,Industrial 4-Inch Gate Valve,MRO / Parts,North,0,1,0,1.0,320.0,0.0,Normal,0,336.0,None,1,30,5
2025-02-12,STORE-01,SKU-404,Industrial 4-Inch Gate Valve,MRO / Parts,North,0,0,0,0.0,320.0,0.0,Normal,0,336.0,None,1,30,5
2025-02-13,STORE-01,SKU-404,Industrial 4-Inch Gate Valve,MRO / Parts,North,0,0,0,0.0,320.0,0.0,Normal,0,336.0,None,1,30,5
2025-02-14,STORE-01,SKU-404,Industrial 4-Inch Gate Valve,MRO / Parts,North,0,0,0,0.0,320.0,0.0,Normal,0,336.0,None,1,30,5
2025-02-15,STORE-01,SKU-404,Industrial 4-Inch Gate Valve,MRO / Parts,North,0,0,0,0.0,320.0,0.0,Normal,0,336.0,None,1,30,5
2025-02-16,STORE-01,SKU-404,Industrial 4-Inch Gate Valve,MRO / Parts,North,0,1,0,1.0,320.0,0.0,Normal,0,336.0,None,1,30,5
2025-02-17,STORE-01,SKU-404,Industrial 4-Inch Gate Valve,MRO / Parts,North,0,0,0,0.0,320.0,0.0,Normal,0,336.0,None,1,30,5
2025-02-18,STORE-01,SKU-404,Industrial 4-Inch Gate Valve,MRO / Parts,North,0,4,0,3.8,320.0,0.0,Normal,0,336.0,None,1,30,5
2025-02-19,STORE-01,SKU-404,Industrial 4-Inch Gate Valve,MRO / Parts,North,0,0,0,0.0,320.0,0.0,Normal,0,336.0,None,1,30,5
2025-02-20,STORE-01,SKU-404,Industrial 4-Inch Gate Valve,MRO / Parts,North,0,0,0,0.0,320.0,0.0,Normal,0,336.0,None,1,30,5
2025-02-21,STORE-01,SKU-404,Industrial 4-Inch Gate Valve,MRO / Parts,North,0,0,0,0.0,320.0,0.0,Normal,0,336.0,None,1,30,5
2025-02-22,STORE-01,SKU-404,Industrial 4-Inch Gate Valve,MRO / Parts,North,0,3,0,2.8,320.0,0.0,Normal,0,336.0,None,1,30,5
2025-02-23,STORE-01,SKU-404,Industrial 4-Inch Gate Valve,MRO / Parts,North,0,1,0,1.0,320.0,0.0,Normal,0,336.0,None,1,30,5
2025-02-24,STORE-01,SKU-404,Industrial 4-Inch Gate Valve,MRO / Parts,North,0,0,0,0.0,320.0,0.0,Normal,0,336.0,None,1,30,5
2025-02-25,STORE-01,SKU-404,Industrial 4-Inch Gate Valve,MRO / Parts,North,0,3,0,2.8,320.0,0.0,Normal,0,336.0,None,1,30,5
2025-02-26,STORE-01,SKU-404,Industrial 4-Inch Gate Valve,MRO / Parts,North,0,0,0,0.0,320.0,0.0,Normal,0,336.0,None,1,30,5
2025-02-27,STORE-01,SKU-404,Industrial 4-Inch Gate Valve,MRO / Parts,North,0,0,0,0.0,320.0,0.0,Normal,0,336.0,None,1,30,5
2025-02-28,STORE-01,SKU-404,Industrial 4-Inch Gate Valve,MRO / Parts,North,0,0,0,0.0,320.0,0.0,Normal,0,336.0,None,1,30,5
2025-03-01,STORE-01,SKU-404,Industrial 4-Inch Gate Valve,MRO / Parts,North,0,1,0,1.0,320.0,0.0,Normal,0,336.0,None,1,30,5
2025-03-02,STORE-01,SKU-404,Industrial 4-Inch Gate Valve,MRO / Parts,North,0,0,0,0.0,320.0,0.0,Normal,0,336.0,None,1,30,5
2025-03-03,STORE-01,SKU-404,Industrial 4-Inch Gate Valve,MRO / Parts,North,0,0,0,0.0,320.0,0.0,Normal,0,336.0,None,1,30,5
2025-03-04,STORE-01,SKU-404,Industrial 4-Inch Gate Valve,MRO / Parts,North,0,0,0,0.0,320.0,0.0,Normal,0,336.0,None,1,30,5
2025-03-05,STORE-01,SKU-404,Industrial 4-Inch Gate Valve,MRO / Parts,North,0,0,0,0.0,320.0,0.0,Normal,0,336.0,None,1,30,5
2025-03-06,STORE-01,SKU-404,Industrial 4-Inch Gate Valve,MRO / Parts,North,0,8,0,7.6,320.0,0.0,Normal,0,336.0,None,1,30,5
2025-03-07,STORE-01,SKU-404,Industrial 4-Inch Gate Valve,MRO / Parts,North,0,0,0,0.0,320.0,0.0,Normal,0,336.0,None,1,30,5
2025-03-08,STORE-01,SKU-404,Industrial 4-Inch Gate Valve,MRO / Parts,North,0,0,0,0.0,320.0,0.0,Normal,0,336.0,None,1,30,5
2025-03-09,STORE-01,SKU-404,Industrial 4-Inch Gate Valve,MRO / Parts,North,0,0,0,0.0,320.0,0.0,Normal,0,336.0,None,1,30,5
2025-03-10,STORE-01,SKU-404,Industrial 4-Inch Gate Valve,MRO / Parts,North,0,0,0,0.0,320.0,0.0,Normal,0,336.0,None,1,30,5
2025-03-11,STORE-01,SKU-404,Industrial 4-Inch Gate Valve,MRO / Parts,North,0,0,0,0.0,320.0,0.0,Normal,0,336.0,None,1,30,5
2025-03-12,STORE-01,SKU-404,Industrial 4-Inch Gate Valve,MRO / Parts,North,0,0,0,0.0,320.0,0.0,Normal,0,336.0,None,1,30,5
2025-03-13,STORE-01,SKU-404,Industrial 4-Inch Gate Valve,MRO / Parts,North,0,0,0,0.0,320.0,0.0,Normal,0,336.0,None,1,30,5
2025-03-14,STORE-01,SKU-404,Industrial 4-Inch Gate Valve,MRO / Parts,North,0,0,0,0.0,320.0,0.0,Normal,0,336.0,None,1,30,5
2025-03-15,STORE-01,SKU-404,Industrial 4-Inch Gate Valve,MRO / Parts,North,0,0,0,0.0,320.0,0.0,Normal,0,336.0,None,1,30,5
2025-03-16,STORE-01,SKU-404,Industrial 4-Inch Gate Valve,MRO / Parts,North,0,7,0,6.6,320.0,0.0,Normal,0,336.0,None,1,30,5
2025-03-17,STORE-01,SKU-404,Industrial 4-Inch Gate Valve,MRO / Parts,North,0,0,0,0.0,320.0,0.0,Normal,0,336.0,None,1,30,5
2025-03-18,STORE-01,SKU-404,Industrial 4-Inch Gate Valve,MRO / Parts,North,0,0,0,0.0,320.0,0.0,Normal,0,336.0,None,1,30,5
2025-03-19,STORE-01,SKU-404,Industrial 4-Inch Gate Valve,MRO / Parts,North,0,11,0,10.4,320.0,0.0,Normal,0,336.0,None,1,30,5
2025-03-20,STORE-01,SKU-404,Industrial 4-Inch Gate Valve,MRO / Parts,North,0,0,0,0.0,320.0,0.0,Normal,0,336.0,None,1,30,5
2025-03-21,STORE-01,SKU-404,Industrial 4-Inch Gate Valve,MRO / Parts,North,0,0,0,0.0,320.0,0.0,Normal,0,336.0,None,1,30,5
2025-03-22,STORE-01,SKU-404,Industrial 4-Inch Gate Valve,MRO / Parts,North,0,0,0,0.0,320.0,0.0,Normal,0,336.0,None,1,30,5
2025-03-23,STORE-01,SKU-404,Industrial 4-Inch Gate Valve,MRO / Parts,North,0,0,0,0.0,320.0,0.0,Normal,0,336.0,None,1,30,5
2025-03-24,STORE-01,SKU-404,Industrial 4-Inch Gate Valve,MRO / Parts,North,0,1,0,1.0,320.0,0.0,Normal,0,336.0,None,1,30,5
2025-03-25,STORE-01,SKU-404,Industrial 4-Inch Gate Valve,MRO / Parts,North,0,2,0,1.9,320.0,0.0,Normal,0,336.0,None,1,30,5
2025-03-26,STORE-01,SKU-404,Industrial 4-Inch Gate Valve,MRO / Parts,North,0,0,0,0.0,320.0,0.0,Normal,0,336.0,None,1,30,5
2025-03-27,STORE-01,SKU-404,Industrial 4-Inch Gate Valve,MRO / Parts,North,0,0,0,0.0,320.0,0.0,Normal,0,336.0,None,1,30,5
2025-03-28,STORE-01,SKU-404,Industrial 4-Inch Gate Valve,MRO / Parts,North,0,0,0,0.0,320.0,0.0,Normal,0,336.0,None,1,30,5
2025-03-29,STORE-01,SKU-404,Industrial 4-Inch Gate Valve,MRO / Parts,North,0,0,0,0.0,320.0,0.0,Normal,0,336.0,None,1,30,5
2025-03-30,STORE-01,SKU-404,Industrial 4-Inch Gate Valve,MRO / Parts,North,0,1,0,1.0,320.0,0.0,Normal,0,336.0,None,1,30,5
2025-03-31,STORE-01,SKU-404,Industrial 4-Inch Gate Valve,MRO / Parts,North,0,1,0,1.0,320.0,0.0,Normal,0,336.0,None,1,30,5
2025-04-01,STORE-01,SKU-404,Industrial 4-Inch Gate Valve,MRO / Parts,North,0,0,0,0.0,320.0,0.0,Normal,0,336.0,None,1,30,5
2025-04-02,STORE-01,SKU-404,Industrial 4-Inch Gate Valve,MRO / Parts,North,0,1,0,1.0,320.0,0.0,Normal,0,336.0,None,1,30,5
2025-04-03,STORE-01,SKU-404,Industrial 4-Inch Gate Valve,MRO / Parts,North,0,0,0,0.0,320.0,0.0,Normal,0,336.0,None,1,30,5
2025-04-04,STORE-01,SKU-404,Industrial 4-Inch Gate Valve,MRO / Parts,North,0,0,0,0.0,320.0,0.0,Normal,0,336.0,None,1,30,5
2025-04-05,STORE-01,SKU-404,Industrial 4-Inch Gate Valve,MRO / Parts,North,0,0,0,0.0,320.0,0.0,Normal,0,336.0,None,1,30,5
2025-04-06,STORE-01,SKU-404,Industrial 4-Inch Gate Valve,MRO / Parts,North,0,0,0,0.0,320.0,0.0,Normal,0,336.0,None,1,30,5
2025-04-07,STORE-01,SKU-404,Industrial 4-Inch Gate Valve,MRO / Parts,North,0,29,0,27.6,320.0,0.0,Normal,0,336.0,None,1,30,5
2025-04-08,STORE-01,SKU-404,Industrial 4-Inch Gate Valve,MRO / Parts,North,0,2,0,1.9,320.0,0.0,Normal,0,336.0,None,1,30,5
2025-04-09,STORE-01,SKU-404,Industrial 4-Inch Gate Valve,MRO / Parts,North,0,14,0,13.3,320.0,0.0,Normal,0,336.0,None,1,30,5
2025-04-10,STORE-01,SKU-404,Industrial 4-Inch Gate Valve,MRO / Parts,North,0,0,0,0.0,320.0,0.0,Normal,0,336.0,None,1,30,5
2025-04-11,STORE-01,SKU-404,Industrial 4-Inch Gate Valve,MRO / Parts,North,0,0,0,0.0,320.0,0.0,Normal,0,336.0,None,1,30,5
2025-04-12,STORE-01,SKU-404,Industrial 4-Inch Gate Valve,MRO / Parts,North,0,0,0,0.0,320.0,0.0,Normal,0,336.0,None,1,30,5
2025-04-13,STORE-01,SKU-404,Industrial 4-Inch Gate Valve,MRO / Parts,North,0,3,0,2.8,320.0,0.0,Normal,0,336.0,None,1,30,5
2025-04-14,STORE-01,SKU-404,Industrial 4-Inch Gate Valve,MRO / Parts,North,0,0,0,0.0,320.0,0.0,Normal,0,336.0,None,1,30,5
2025-04-15,STORE-01,SKU-404,Industrial 4-Inch Gate Valve,MRO / Parts,North,0,15,0,14.2,320.0,0.0,Normal,0,336.0,None,1,30,5
2025-04-16,STORE-01,SKU-404,Industrial 4-Inch Gate Valve,MRO / Parts,North,0,0,0,0.0,320.0,0.0,Normal,0,336.0,None,1,30,5
2025-04-17,STORE-01,SKU-404,Industrial 4-Inch Gate Valve,MRO / Parts,North,0,0,0,0.0,320.0,0.0,Normal,0,336.0,None,1,30,5
2025-04-18,STORE-01,SKU-404,Industrial 4-Inch Gate Valve,MRO / Parts,North,0,0,0,0.0,320.0,0.0,Normal,0,336.0,None,1,30,5
2025-04-19,STORE-01,SKU-404,Industrial 4-Inch Gate Valve,MRO / Parts,North,0,0,0,0.0,320.0,0.0,Normal,0,336.0,None,1,30,5
2025-04-20,STORE-01,SKU-404,Industrial 4-Inch Gate Valve,MRO / Parts,North,0,1,0,1.0,320.0,0.0,Normal,0,336.0,None,1,30,5
2025-04-21,STORE-01,SKU-404,Industrial 4-Inch Gate Valve,MRO / Parts,North,0,0,0,0.0,320.0,0.0,Normal,0,336.0,None,1,30,5
2025-04-22,STORE-01,SKU-404,Industrial 4-Inch Gate Valve,MRO / Parts,North,0,0,0,0.0,320.0,0.0,Normal,0,336.0,None,1,30,5
2025-04-23,STORE-01,SKU-404,Industrial 4-Inch Gate Valve,MRO / Parts,North,0,0,0,0.0,320.0,0.0,Normal,0,336.0,None,1,30,5
2025-04-24,STORE-01,SKU-404,Industrial 4-Inch Gate Valve,MRO / Parts,North,0,0,0,0.0,320.0,0.0,Normal,0,336.0,None,1,30,5
2025-04-25,STORE-01,SKU-404,Industrial 4-Inch Gate Valve,MRO / Parts,North,0,0,0,0.0,320.0,0.0,Normal,0,336.0,None,1,30,5
2025-04-26,STORE-01,SKU-404,Industrial 4-Inch Gate Valve,MRO / Parts,North,0,1,0,1.0,320.0,0.0,Normal,0,336.0,None,1,30,5
2025-04-27,STORE-01,SKU-404,Industrial 4-Inch Gate Valve,MRO / Parts,North,0,0,0,0.0,320.0,0.0,Normal,0,336.0,None,1,30,5
2025-04-28,STORE-01,SKU-404,Industrial 4-Inch Gate Valve,MRO / Parts,North,0,0,0,0.0,320.0,0.0,Normal,0,336.0,None,1,30,5
2025-04-29,STORE-01,SKU-404,Industrial 4-Inch Gate Valve,MRO / Parts,North,0,1,0,1.0,320.0,0.0,Normal,0,336.0,None,1,30,5
2025-04-30,STORE-01,SKU-404,Industrial 4-Inch Gate Valve,MRO / Parts,North,0,0,0,0.0,320.0,0.0,Normal,0,336.0,None,1,30,5
2025-05-01,STORE-01,SKU-404,Industrial 4-Inch Gate Valve,MRO / Parts,North,0,0,0,0.0,320.0,0.0,Normal,0,336.0,None,1,30,5
2025-05-02,STORE-01,SKU-404,Industrial 4-Inch Gate Valve,MRO / Parts,North,0,0,0,0.0,320.0,0.0,Normal,0,336.0,None,1,30,5
2025-05-03,STORE-01,SKU-404,Industrial 4-Inch Gate Valve,MRO / Parts,North,0,12,0,11.4,320.0,0.0,Normal,0,336.0,None,1,30,5
2025-05-04,STORE-01,SKU-404,Industrial 4-Inch Gate Valve,MRO / Parts,North,0,0,0,0.0,320.0,0.0,Normal,0,336.0,None,1,30,5
2025-05-05,STORE-01,SKU-404,Industrial 4-Inch Gate Valve,MRO / Parts,North,0,0,0,0.0,320.0,0.0,Normal,0,336.0,None,1,30,5
2025-05-06,STORE-01,SKU-404,Industrial 4-Inch Gate Valve,MRO / Parts,North,0,1,0,1.0,320.0,0.0,Normal,0,336.0,None,1,30,5
2025-05-07,STORE-01,SKU-404,Industrial 4-Inch Gate Valve,MRO / Parts,North,0,1,0,1.0,320.0,0.0,Normal,0,336.0,None,1,30,5
2025-05-08,STORE-01,SKU-404,Industrial 4-Inch Gate Valve,MRO / Parts,North,0,0,0,0.0,320.0,0.0,Normal,0,336.0,None,1,30,5
2025-05-09,STORE-01,SKU-404,Industrial 4-Inch Gate Valve,MRO / Parts,North,0,0,0,0.0,320.0,0.0,Normal,0,336.0,None,1,30,5
2025-05-10,STORE-01,SKU-404,Industrial 4-Inch Gate Valve,MRO / Parts,North,0,0,0,0.0,320.0,0.0,Normal,0,336.0,None,1,30,5
2025-05-11,STORE-01,SKU-404,Industrial 4-Inch Gate Valve,MRO / Parts,North,0,1,0,1.0,320.0,0.0,Normal,0,336.0,None,1,30,5
2025-05-12,STORE-01,SKU-404,Industrial 4-Inch Gate Valve,MRO / Parts,North,0,0,0,0.0,320.0,0.0,Normal,0,336.0,None,1,30,5
2025-05-13,STORE-01,SKU-404,Industrial 4-Inch Gate Valve,MRO / Parts,North,0,0,0,0.0,320.0,0.0,Normal,0,336.0,None,1,30,5
2025-05-14,STORE-01,SKU-404,Industrial 4-Inch Gate Valve,MRO / Parts,North,0,0,0,0.0,320.0,0.0,Normal,0,336.0,None,1,30,5
2025-05-15,STORE-01,SKU-404,Industrial 4-Inch Gate Valve,MRO / Parts,North,0,0,0,0.0,320.0,0.0,Normal,0,336.0,None,1,30,5
2025-05-16,STORE-01,SKU-404,Industrial 4-Inch Gate Valve,MRO / Parts,North,0,1,0,1.0,320.0,0.0,Normal,0,336.0,None,1,30,5
2025-05-17,STORE-01,SKU-404,Industrial 4-Inch Gate Valve,MRO / Parts,North,0,2,0,1.9,320.0,0.0,Normal,0,336.0,None,1,30,5
2025-05-18,STORE-01,SKU-404,Industrial 4-Inch Gate Valve,MRO / Parts,North,0,0,0,0.0,320.0,0.0,Normal,0,336.0,None,1,30,5
2025-05-19,STORE-01,SKU-404,Industrial 4-Inch Gate Valve,MRO / Parts,North,0,0,0,0.0,320.0,0.0,Normal,0,336.0,None,1,30,5
2025-05-20,STORE-01,SKU-404,Industrial 4-Inch Gate Valve,MRO / Parts,North,0,1,0,1.0,320.0,0.0,Normal,0,336.0,None,1,30,5
2025-05-21,STORE-01,SKU-404,Industrial 4-Inch Gate Valve,MRO / Parts,North,0,0,0,0.0,320.0,0.0,Normal,0,336.0,None,1,30,5
2025-05-22,STORE-01,SKU-404,Industrial 4-Inch Gate Valve,MRO / Parts,North,0,0,0,0.0,320.0,0.0,Normal,0,336.0,None,1,30,5
2025-05-23,STORE-01,SKU-404,Industrial 4-Inch Gate Valve,MRO / Parts,North,0,0,0,0.0,320.0,0.0,Normal,0,336.0,None,1,30,5
2025-05-24,STORE-01,SKU-404,Industrial 4-Inch Gate Valve,MRO / Parts,North,0,0,0,0.0,320.0,0.0,Normal,0,336.0,None,1,30,5
2025-05-25,STORE-01,SKU-404,Industrial 4-Inch Gate Valve,MRO / Parts,North,0,0,0,0.0,320.0,0.0,Normal,0,336.0,None,1,30,5
2025-05-26,STORE-01,SKU-404,Industrial 4-Inch Gate Valve,MRO / Parts,North,0,0,0,0.0,320.0,0.0,Normal,0,336.0,None,1,30,5
2025-05-27,STORE-01,SKU-404,Industrial 4-Inch Gate Valve,MRO / Parts,North,0,0,0,0.0,320.0,0.0,Normal,0,336.0,None,1,30,5
2025-05-28,STORE-01,SKU-404,Industrial 4-Inch Gate Valve,MRO / Parts,North,0,0,0,0.0,320.0,0.0,Normal,0,336.0,None,1,30,5
2025-05-29,STORE-01,SKU-404,Industrial 4-Inch Gate Valve,MRO / Parts,North,0,0,0,0.0,320.0,0.0,Normal,0,336.0,None,1,30,5
2025-05-30,STORE-01,SKU-404,Industrial 4-Inch Gate Valve,MRO / Parts,North,0,1,0,1.0,320.0,0.0,Normal,0,336.0,None,1,30,5
2025-05-31,STORE-01,SKU-404,Industrial 4-Inch Gate Valve,MRO / Parts,North,0,0,0,0.0,320.0,0.0,Normal,0,336.0,None,1,30,5
2025-06-01,STORE-01,SKU-404,Industrial 4-Inch Gate Valve,MRO / Parts,North,0,4,0,3.8,320.0,0.0,Normal,0,336.0,None,1,30,5
2025-06-02,STORE-01,SKU-404,Industrial 4-Inch Gate Valve,MRO / Parts,North,0,0,0,0.0,320.0,0.0,Normal,0,336.0,None,1,30,5
2025-06-03,STORE-01,SKU-404,Industrial 4-Inch Gate Valve,MRO / Parts,North,0,4,0,3.8,320.0,0.0,Normal,0,336.0,None,1,30,5
2025-06-04,STORE-01,SKU-404,Industrial 4-Inch Gate Valve,MRO / Parts,North,0,0,0,0.0,320.0,0.0,Normal,0,336.0,None,1,30,5
2025-06-05,STORE-01,SKU-404,Industrial 4-Inch Gate Valve,MRO / Parts,North,0,1,0,1.0,320.0,0.0,Normal,0,336.0,None,1,30,5
2025-06-06,STORE-01,SKU-404,Industrial 4-Inch Gate Valve,MRO / Parts,North,0,0,0,0.0,320.0,0.0,Normal,0,336.0,None,1,30,5
2025-06-07,STORE-01,SKU-404,Industrial 4-Inch Gate Valve,MRO / Parts,North,0,0,0,0.0,320.0,0.0,Normal,0,336.0,None,1,30,5
2025-06-08,STORE-01,SKU-404,Industrial 4-Inch Gate Valve,MRO / Parts,North,0,1,0,1.0,320.0,0.0,Normal,0,336.0,None,1,30,5
2025-06-09,STORE-01,SKU-404,Industrial 4-Inch Gate Valve,MRO / Parts,North,0,0,0,0.0,320.0,0.0,Normal,0,336.0,None,1,30,5
2025-06-10,STORE-01,SKU-404,Industrial 4-Inch Gate Valve,MRO / Parts,North,0,0,0,0.0,320.0,0.0,Normal,0,336.0,None,1,30,5
2025-06-11,STORE-01,SKU-404,Industrial 4-Inch Gate Valve,MRO / Parts,North,0,0,0,0.0,320.0,0.0,Normal,0,336.0,None,1,30,5
2025-06-12,STORE-01,SKU-404,Industrial 4-Inch Gate Valve,MRO / Parts,North,0,5,0,4.8,320.0,0.0,Normal,0,336.0,None,1,30,5
2025-06-13,STORE-01,SKU-404,Industrial 4-Inch Gate Valve,MRO / Parts,North,0,0,0,0.0,320.0,0.0,Normal,0,336.0,None,1,30,5
2025-06-14,STORE-01,SKU-404,Industrial 4-Inch Gate Valve,MRO / Parts,North,0,0,0,0.0,320.0,0.0,Normal,0,336.0,None,1,30,5
2025-06-15,STORE-01,SKU-404,Industrial 4-Inch Gate Valve,MRO / Parts,North,0,0,0,0.0,320.0,0.0,Normal,0,336.0,None,1,30,5
2025-06-16,STORE-01,SKU-404,Industrial 4-Inch Gate Valve,MRO / Parts,North,0,0,0,0.0,320.0,0.0,Normal,0,336.0,None,1,30,5
2025-06-17,STORE-01,SKU-404,Industrial 4-Inch Gate Valve,MRO / Parts,North,0,8,0,7.6,320.0,0.0,Normal,0,336.0,None,1,30,5
2025-06-18,STORE-01,SKU-404,Industrial 4-Inch Gate Valve,MRO / Parts,North,0,1,0,1.0,320.0,0.0,Normal,0,336.0,None,1,30,5
2025-06-19,STORE-01,SKU-404,Industrial 4-Inch Gate Valve,MRO / Parts,North,0,0,0,0.0,320.0,0.0,Normal,0,336.0,None,1,30,5
2025-06-20,STORE-01,SKU-404,Industrial 4-Inch Gate Valve,MRO / Parts,North,0,3,0,2.8,320.0,0.0,Normal,0,336.0,None,1,30,5
2025-06-21,STORE-01,SKU-404,Industrial 4-Inch Gate Valve,MRO / Parts,North,0,3,0,2.8,320.0,0.0,Normal,0,336.0,None,1,30,5
2025-06-22,STORE-01,SKU-404,Industrial 4-Inch Gate Valve,MRO / Parts,North,0,0,0,0.0,320.0,0.0,Normal,0,336.0,None,1,30,5
2025-06-23,STORE-01,SKU-404,Industrial 4-Inch Gate Valve,MRO / Parts,North,0,17,0,16.2,320.0,0.0,Normal,0,336.0,None,1,30,5
2025-06-24,STORE-01,SKU-404,Industrial 4-Inch Gate Valve,MRO / Parts,North,0,1,0,1.0,320.0,0.0,Normal,0,336.0,None,1,30,5
2025-06-25,STORE-01,SKU-404,Industrial 4-Inch Gate Valve,MRO / Parts,North,0,0,0,0.0,320.0,0.0,Normal,0,336.0,None,1,30,5
2025-06-26,STORE-01,SKU-404,Industrial 4-Inch Gate Valve,MRO / Parts,North,0,0,0,0.0,320.0,0.0,Normal,0,336.0,None,1,30,5
2025-06-27,STORE-01,SKU-404,Industrial 4-Inch Gate Valve,MRO / Parts,North,0,0,0,0.0,320.0,0.0,Normal,0,336.0,None,1,30,5
2025-06-28,STORE-01,SKU-404,Industrial 4-Inch Gate Valve,MRO / Parts,North,0,0,0,0.0,320.0,0.0,Normal,0,336.0,None,1,30,5
2025-06-29,STORE-01,SKU-404,Industrial 4-Inch Gate Valve,MRO / Parts,North,0,0,0,0.0,320.0,0.0,Normal,0,336.0,None,1,30,5
2025-06-30,STORE-01,SKU-404,Industrial 4-Inch Gate Valve,MRO / Parts,North,0,5,0,4.8,320.0,0.0,Normal,0,336.0,None,1,30,5
2025-07-01,STORE-01,SKU-404,Industrial 4-Inch Gate Valve,MRO / Parts,North,0,0,0,0.0,320.0,0.0,Normal,0,336.0,None,1,30,5
2025-07-02,STORE-01,SKU-404,Industrial 4-Inch Gate Valve,MRO / Parts,North,0,1,0,1.0,320.0,0.0,Normal,0,336.0,None,1,30,5
2025-07-03,STORE-01,SKU-404,Industrial 4-Inch Gate Valve,MRO / Parts,North,0,1,0,1.0,320.0,0.0,Normal,0,336.0,None,1,30,5
2025-07-04,STORE-01,SKU-404,Industrial 4-Inch Gate Valve,MRO / Parts,North,0,0,0,0.0,320.0,0.0,Normal,0,336.0,None,1,30,5
2025-07-05,STORE-01,SKU-404,Industrial 4-Inch Gate Valve,MRO / Parts,North,0,0,0,0.0,320.0,0.0,Normal,0,336.0,None,1,30,5
2025-07-06,STORE-01,SKU-404,Industrial 4-Inch Gate Valve,MRO / Parts,North,0,0,0,0.0,320.0,0.0,Normal,0,336.0,None,1,30,5
2025-07-07,STORE-01,SKU-404,Industrial 4-Inch Gate Valve,MRO / Parts,North,0,4,0,3.8,320.0,0.0,Normal,0,336.0,None,1,30,5
2025-07-08,STORE-01,SKU-404,Industrial 4-Inch Gate Valve,MRO / Parts,North,0,1,0,1.0,320.0,0.0,Normal,0,336.0,None,1,30,5
2025-07-09,STORE-01,SKU-404,Industrial 4-Inch Gate Valve,MRO / Parts,North,0,0,0,0.0,320.0,0.0,Normal,0,336.0,None,1,30,5
2025-07-10,STORE-01,SKU-404,Industrial 4-Inch Gate Valve,MRO / Parts,North,0,0,0,0.0,320.0,0.0,Normal,0,336.0,None,1,30,5
2025-07-11,STORE-01,SKU-404,Industrial 4-Inch Gate Valve,MRO / Parts,North,0,0,0,0.0,320.0,0.0,Normal,0,336.0,None,1,30,5
2025-07-12,STORE-01,SKU-404,Industrial 4-Inch Gate Valve,MRO / Parts,North,0,2,0,1.9,320.0,0.0,Normal,0,336.0,None,1,30,5
2025-07-13,STORE-01,SKU-404,Industrial 4-Inch Gate Valve,MRO / Parts,North,0,3,0,2.8,320.0,0.0,Normal,0,336.0,None,1,30,5
2025-07-14,STORE-01,SKU-404,Industrial 4-Inch Gate Valve,MRO / Parts,North,0,0,0,0.0,320.0,0.0,Normal,0,336.0,None,1,30,5
2025-07-15,STORE-01,SKU-404,Industrial 4-Inch Gate Valve,MRO / Parts,North,0,0,0,0.0,320.0,0.0,Normal,0,336.0,None,1,30,5
2025-07-16,STORE-01,SKU-404,Industrial 4-Inch Gate Valve,MRO / Parts,North,0,3,0,2.8,320.0,0.0,Normal,0,336.0,None,1,30,5
2025-07-17,STORE-01,SKU-404,Industrial 4-Inch Gate Valve,MRO / Parts,North,0,1,0,1.0,320.0,0.0,Normal,0,336.0,None,1,30,5
2025-07-18,STORE-01,SKU-404,Industrial 4-Inch Gate Valve,MRO / Parts,North,0,1,0,1.0,320.0,0.0,Normal,0,336.0,None,1,30,5
2025-07-19,STORE-01,SKU-404,Industrial 4-Inch Gate Valve,MRO / Parts,North,0,1,0,1.0,320.0,0.0,Normal,0,336.0,None,1,30,5
2025-07-20,STORE-01,SKU-404,Industrial 4-Inch Gate Valve,MRO / Parts,North,0,0,0,0.0,320.0,0.0,Normal,0,336.0,None,1,30,5
2025-07-21,STORE-01,SKU-404,Industrial 4-Inch Gate Valve,MRO / Parts,North,0,1,0,1.0,320.0,0.0,Normal,0,336.0,None,1,30,5
2025-07-22,STORE-01,SKU-404,Industrial 4-Inch Gate Valve,MRO / Parts,North,0,0,0,0.0,320.0,0.0,Normal,0,336.0,None,1,30,5
2025-07-23,STORE-01,SKU-404,Industrial 4-Inch Gate Valve,MRO / Parts,North,0,0,0,0.0,320.0,0.0,Normal,0,336.0,None,1,30,5
2025-07-24,STORE-01,SKU-404,Industrial 4-Inch Gate Valve,MRO / Parts,North,0,0,0,0.0,320.0,0.0,Normal,0,336.0,None,1,30,5
2025-07-25,STORE-01,SKU-404,Industrial 4-Inch Gate Valve,MRO / Parts,North,0,0,0,0.0,320.0,0.0,Normal,0,336.0,None,1,30,5
2025-07-26,STORE-01,SKU-404,Industrial 4-Inch Gate Valve,MRO / Parts,North,0,1,0,1.0,320.0,0.0,Normal,0,336.0,None,1,30,5
2025-07-27,STORE-01,SKU-404,Industrial 4-Inch Gate Valve,MRO / Parts,North,0,1,0,1.0,320.0,0.0,Normal,0,336.0,None,1,30,5
2025-07-28,STORE-01,SKU-404,Industrial 4-Inch Gate Valve,MRO / Parts,North,0,0,0,0.0,320.0,0.0,Normal,0,336.0,None,1,30,5
2025-07-29,STORE-01,SKU-404,Industrial 4-Inch Gate Valve,MRO / Parts,North,0,0,0,0.0,320.0,0.0,Normal,0,336.0,None,1,30,5
2025-07-30,STORE-01,SKU-404,Industrial 4-Inch Gate Valve,MRO / Parts,North,0,3,0,2.8,320.0,0.0,Normal,0,336.0,None,1,30,5
2025-07-31,STORE-01,SKU-404,Industrial 4-Inch Gate Valve,MRO / Parts,North,0,0,0,0.0,320.0,0.0,Normal,0,336.0,None,1,30,5
2025-08-01,STORE-01,SKU-404,Industrial 4-Inch Gate Valve,MRO / Parts,North,0,0,0,0.0,320.0,0.0,Normal,0,336.0,None,1,30,5
2025-08-02,STORE-01,SKU-404,Industrial 4-Inch Gate Valve,MRO / Parts,North,0,1,0,1.0,320.0,0.0,Normal,0,336.0,None,1,30,5
2025-08-03,STORE-01,SKU-404,Industrial 4-Inch Gate Valve,MRO / Parts,North,0,0,0,0.0,320.0,0.0,Normal,0,336.0,None,1,30,5
2025-08-04,STORE-01,SKU-404,Industrial 4-Inch Gate Valve,MRO / Parts,North,0,0,0,0.0,320.0,0.0,Normal,0,336.0,None,1,30,5
2025-08-05,STORE-01,SKU-404,Industrial 4-Inch Gate Valve,MRO / Parts,North,0,0,0,0.0,320.0,0.0,Normal,0,336.0,None,1,30,5
2025-08-06,STORE-01,SKU-404,Industrial 4-Inch Gate Valve,MRO / Parts,North,0,0,0,0.0,320.0,0.0,Normal,0,336.0,None,1,30,5
2025-08-07,STORE-01,SKU-404,Industrial 4-Inch Gate Valve,MRO / Parts,North,0,5,0,4.8,320.0,0.0,Normal,0,336.0,None,1,30,5
2025-08-08,STORE-01,SKU-404,Industrial 4-Inch Gate Valve,MRO / Parts,North,0,1,0,1.0,320.0,0.0,Normal,0,336.0,None,1,30,5
2025-08-09,STORE-01,SKU-404,Industrial 4-Inch Gate Valve,MRO / Parts,North,0,0,0,0.0,320.0,0.0,Normal,0,336.0,None,1,30,5
2025-08-10,STORE-01,SKU-404,Industrial 4-Inch Gate Valve,MRO / Parts,North,0,0,0,0.0,320.0,0.0,Normal,0,336.0,None,1,30,5
2025-08-11,STORE-01,SKU-404,Industrial 4-Inch Gate Valve,MRO / Parts,North,0,0,0,0.0,320.0,0.0,Normal,0,336.0,None,1,30,5
2025-08-12,STORE-01,SKU-404,Industrial 4-Inch Gate Valve,MRO / Parts,North,0,1,0,1.0,320.0,0.0,Normal,0,336.0,None,1,30,5
2025-08-13,STORE-01,SKU-404,Industrial 4-Inch Gate Valve,MRO / Parts,North,0,0,0,0.0,320.0,0.0,Normal,0,336.0,None,1,30,5
2025-08-14,STORE-01,SKU-404,Industrial 4-Inch Gate Valve,MRO / Parts,North,0,0,0,0.0,320.0,0.0,Normal,0,336.0,None,1,30,5
2025-08-15,STORE-01,SKU-404,Industrial 4-Inch Gate Valve,MRO / Parts,North,0,0,0,0.0,320.0,0.0,Normal,0,336.0,None,1,30,5
2025-08-16,STORE-01,SKU-404,Industrial 4-Inch Gate Valve,MRO / Parts,North,0,0,0,0.0,320.0,0.0,Normal,0,336.0,None,1,30,5
2025-08-17,STORE-01,SKU-404,Industrial 4-Inch Gate Valve,MRO / Parts,North,0,0,0,0.0,320.0,0.0,Normal,0,336.0,None,1,30,5
2025-08-18,STORE-01,SKU-404,Industrial 4-Inch Gate Valve,MRO / Parts,North,0,0,0,0.0,320.0,0.0,Normal,0,336.0,None,1,30,5
2025-08-19,STORE-01,SKU-404,Industrial 4-Inch Gate Valve,MRO / Parts,North,0,0,0,0.0,320.0,0.0,Normal,0,336.0,None,1,30,5
2025-08-20,STORE-01,SKU-404,Industrial 4-Inch Gate Valve,MRO / Parts,North,0,6,0,5.7,320.0,0.0,Normal,0,336.0,None,1,30,5
2025-08-21,STORE-01,SKU-404,Industrial 4-Inch Gate Valve,MRO / Parts,North,0,0,0,0.0,320.0,0.0,Normal,0,336.0,None,1,30,5
2025-08-22,STORE-01,SKU-404,Industrial 4-Inch Gate Valve,MRO / Parts,North,0,0,0,0.0,320.0,0.0,Normal,0,336.0,None,1,30,5
2025-08-23,STORE-01,SKU-404,Industrial 4-Inch Gate Valve,MRO / Parts,North,0,0,0,0.0,320.0,0.0,Normal,0,336.0,None,1,30,5
2025-08-24,STORE-01,SKU-404,Industrial 4-Inch Gate Valve,MRO / Parts,North,0,0,0,0.0,320.0,0.0,Normal,0,336.0,None,1,30,5
2025-08-25,STORE-01,SKU-404,Industrial 4-Inch Gate Valve,MRO / Parts,North,0,0,0,0.0,320.0,0.0,Normal,0,336.0,None,1,30,5
2025-08-26,STORE-01,SKU-404,Industrial 4-Inch Gate Valve,MRO / Parts,North,0,2,0,1.9,320.0,0.0,Normal,0,336.0,None,1,30,5
2025-08-27,STORE-01,SKU-404,Industrial 4-Inch Gate Valve,MRO / Parts,North,0,0,0,0.0,320.0,0.0,Normal,0,336.0,None,1,30,5
2025-08-28,STORE-01,SKU-404,Industrial 4-Inch Gate Valve,MRO / Parts,North,0,0,0,0.0,320.0,0.0,Normal,0,336.0,None,1,30,5
2025-08-29,STORE-01,SKU-404,Industrial 4-Inch Gate Valve,MRO / Parts,North,0,0,0,0.0,320.0,0.0,Normal,0,336.0,None,1,30,5
2025-08-30,STORE-01,SKU-404,Industrial 4-Inch Gate Valve,MRO / Parts,North,0,0,0,0.0,320.0,0.0,Normal,0,336.0,None,1,30,5
2025-08-31,STORE-01,SKU-404,Industrial 4-Inch Gate Valve,MRO / Parts,North,0,0,0,0.0,320.0,0.0,Normal,0,336.0,None,1,30,5
2025-09-01,STORE-01,SKU-404,Industrial 4-Inch Gate Valve,MRO / Parts,North,0,4,0,3.8,320.0,0.0,Normal,0,336.0,None,1,30,5
2025-09-02,STORE-01,SKU-404,Industrial 4-Inch Gate Valve,MRO / Parts,North,0,0,0,0.0,320.0,0.0,Normal,0,336.0,None,1,30,5
2025-09-03,STORE-01,SKU-404,Industrial 4-Inch Gate Valve,MRO / Parts,North,0,0,0,0.0,320.0,0.0,Normal,0,336.0,None,1,30,5
2025-09-04,STORE-01,SKU-404,Industrial 4-Inch Gate Valve,MRO / Parts,North,0,0,0,0.0,320.0,0.0,Normal,0,336.0,None,1,30,5
2025-09-05,STORE-01,SKU-404,Industrial 4-Inch Gate Valve,MRO / Parts,North,0,0,0,0.0,320.0,0.0,Normal,0,336.0,None,1,30,5
2025-09-06,STORE-01,SKU-404,Industrial 4-Inch Gate Valve,MRO / Parts,North,0,0,0,0.0,320.0,0.0,Normal,0,336.0,None,1,30,5
2025-09-07,STORE-01,SKU-404,Industrial 4-Inch Gate Valve,MRO / Parts,North,0,0,0,0.0,320.0,0.0,Normal,0,336.0,None,1,30,5
2023-09-09,STORE-01,SKU-505,LED Fairy String Lights,Seasonal overlay,North,46,14,0,13.3,12.99,0.0,Normal,0,13.64,Quarterly,12,14,60
2023-09-10,STORE-01,SKU-505,LED Fairy String Lights,Seasonal overlay,North,31,15,0,14.2,12.99,0.0,Normal,0,13.64,Quarterly,12,14,60
2023-09-11,STORE-01,SKU-505,LED Fairy String Lights,Seasonal overlay,North,17,14,0,13.3,12.99,0.0,Normal,0,13.64,Quarterly,12,14,60
2023-09-12,STORE-01,SKU-505,LED Fairy String Lights,Seasonal overlay,North,2,15,0,14.2,12.99,0.0,Normal,0,13.64,Quarterly,12,14,60
2023-09-13,STORE-01,SKU-505,LED Fairy String Lights,Seasonal overlay,North,0,17,0,16.2,12.99,0.0,Normal,0,13.64,Quarterly,12,14,60
2023-09-14,STORE-01,SKU-505,LED Fairy String Lights,Seasonal overlay,North,0,17,0,16.2,12.99,0.0,Normal,0,13.64,Quarterly,12,14,60
2023-09-15,STORE-01,SKU-505,LED Fairy String Lights,Seasonal overlay,North,0,17,0,16.2,12.99,0.0,Normal,0,13.64,Quarterly,12,14,60
2023-09-16,STORE-01,SKU-505,LED Fairy String Lights,Seasonal overlay,North,0,18,0,17.1,12.99,0.0,Normal,0,13.64,Quarterly,12,14,60
2023-09-17,STORE-01,SKU-505,LED Fairy String Lights,Seasonal overlay,North,0,18,0,17.1,12.99,0.0,Normal,0,13.64,Quarterly,12,14,60
2023-09-18,STORE-01,SKU-505,LED Fairy String Lights,Seasonal overlay,North,0,20,0,19.0,12.99,0.0,Normal,0,13.64,Quarterly,12,14,60
2023-09-19,STORE-01,SKU-505,LED Fairy String Lights,Seasonal overlay,North,0,19,0,18.0,12.99,0.0,Normal,0,13.64,Quarterly,12,14,60
2023-09-20,STORE-01,SKU-505,LED Fairy String Lights,Seasonal overlay,North,0,20,0,19.0,12.99,0.0,Normal,0,13.64,Quarterly,12,14,60
2023-09-21,STORE-01,SKU-505,LED Fairy String Lights,Seasonal overlay,North,0,20,0,19.0,12.99,0.0,Normal,0,13.64,Quarterly,12,14,60
2023-09-22,STORE-01,SKU-505,LED Fairy String Lights,Seasonal overlay,North,0,22,0,20.9,12.99,0.0,Normal,0,13.64,Quarterly,12,14,60
2023-09-23,STORE-01,SKU-505,LED Fairy String Lights,Seasonal overlay,North,0,0,0,0.0,12.99,0.0,Normal,0,13.64,Quarterly,12,14,60
2023-09-24,STORE-01,SKU-505,LED Fairy String Lights,Seasonal overlay,North,0,23,0,21.8,12.99,0.0,Normal,0,13.64,Quarterly,12,14,60
2023-09-25,STORE-01,SKU-505,LED Fairy String Lights,Seasonal overlay,North,0,24,0,22.8,12.99,0.0,Normal,0,13.64,Quarterly,12,14,60
2023-09-26,STORE-01,SKU-505,LED Fairy String Lights,Seasonal overlay,North,0,25,0,23.8,12.99,0.0,Normal,0,13.64,Quarterly,12,14,60
2023-09-27,STORE-01,SKU-505,LED Fairy String Lights,Seasonal overlay,North,0,22,0,20.9,12.99,0.0,Normal,0,13.64,Quarterly,12,14,60
2023-09-28,STORE-01,SKU-505,LED Fairy String Lights,Seasonal overlay,North,0,24,0,22.8,12.99,0.0,Normal,0,13.64,Quarterly,12,14,60
2023-09-29,STORE-01,SKU-505,LED Fairy String Lights,Seasonal overlay,North,0,23,0,21.8,12.99,0.0,Normal,0,13.64,Quarterly,12,14,60
2023-09-30,STORE-01,SKU-505,LED Fairy String Lights,Seasonal overlay,North,0,23,0,21.8,12.99,0.0,Normal,0,13.64,Quarterly,12,14,60
2023-10-01,STORE-01,SKU-505,LED Fairy String Lights,Seasonal overlay,North,0,24,0,22.8,12.99,0.0,Normal,0,13.64,Quarterly,12,14,60
2023-10-02,STORE-01,SKU-505,LED Fairy String Lights,Seasonal overlay,North,0,25,0,23.8,12.99,0.0,Normal,0,13.64,Quarterly,12,14,60
2023-10-03,STORE-01,SKU-505,LED Fairy String Lights,Seasonal overlay,North,0,24,0,22.8,12.99,0.0,Normal,0,13.64,Quarterly,12,14,60
2023-10-04,STORE-01,SKU-505,LED Fairy String Lights,Seasonal overlay,North,0,23,0,21.8,12.99,0.0,Normal,0,13.64,Quarterly,12,14,60
2023-10-05,STORE-01,SKU-505,LED Fairy String Lights,Seasonal overlay,North,0,24,0,22.8,12.99,0.0,Normal,0,13.64,Quarterly,12,14,60
2023-10-06,STORE-01,SKU-505,LED Fairy String Lights,Seasonal overlay,North,0,22,0,20.9,12.99,0.0,Normal,0,13.64,Quarterly,12,14,60
2023-10-07,STORE-01,SKU-505,LED Fairy String Lights,Seasonal overlay,North,0,23,0,21.8,12.99,0.0,Normal,0,13.64,Quarterly,12,14,60
2023-10-08,STORE-01,SKU-505,LED Fairy String Lights,Seasonal overlay,North,0,22,0,20.9,12.99,0.0,Normal,0,13.64,Quarterly,12,14,60
2023-10-09,STORE-01,SKU-505,LED Fairy String Lights,Seasonal overlay,North,0,23,0,21.8,12.99,0.0,Normal,0,13.64,Quarterly,12,14,60
2023-10-10,STORE-01,SKU-505,LED Fairy String Lights,Seasonal overlay,North,0,22,0,20.9,12.99,0.0,Normal,0,13.64,Quarterly,12,14,60
2023-10-11,STORE-01,SKU-505,LED Fairy String Lights,Seasonal overlay,North,0,22,0,20.9,12.99,0.0,Normal,0,13.64,Quarterly,12,14,60
2023-10-12,STORE-01,SKU-505,LED Fairy String Lights,Seasonal overlay,North,0,21,0,20.0,12.99,0.0,Normal,0,13.64,Quarterly,12,14,60
2023-10-13,STORE-01,SKU-505,LED Fairy String Lights,Seasonal overlay,North,0,21,0,20.0,12.99,0.0,Normal,0,13.64,Quarterly,12,14,60
2023-10-14,STORE-01,SKU-505,LED Fairy String Lights,Seasonal overlay,North,0,21,0,20.0,12.99,0.0,Normal,0,13.64,Quarterly,12,14,60
2023-10-15,STORE-01,SKU-505,LED Fairy String Lights,Seasonal overlay,North,0,20,0,19.0,12.99,0.0,Normal,0,13.64,Quarterly,12,14,60
2023-10-16,STORE-01,SKU-505,LED Fairy String Lights,Seasonal overlay,North,0,19,0,18.0,12.99,0.0,Normal,0,13.64,Quarterly,12,14,60
2023-10-17,STORE-01,SKU-505,LED Fairy String Lights,Seasonal overlay,North,0,19,0,18.0,12.99,0.0,Normal,0,13.64,Quarterly,12,14,60
2023-10-18,STORE-01,SKU-505,LED Fairy String Lights,Seasonal overlay,North,0,19,0,18.0,12.99,0.0,Normal,0,13.64,Quarterly,12,14,60
2023-10-19,STORE-01,SKU-505,LED Fairy String Lights,Seasonal overlay,North,0,17,0,16.2,12.99,0.0,Normal,0,13.64,Quarterly,12,14,60
2023-10-20,STORE-01,SKU-505,LED Fairy String Lights,Seasonal overlay,North,0,17,0,16.2,12.99,0.0,Normal,0,13.64,Quarterly,12,14,60
2023-10-21,STORE-01,SKU-505,LED Fairy String Lights,Seasonal overlay,North,0,17,0,16.2,12.99,0.0,Normal,0,13.64,Quarterly,12,14,60
2023-10-22,STORE-01,SKU-505,LED Fairy String Lights,Seasonal overlay,North,0,15,0,14.2,12.99,0.0,Normal,0,13.64,Quarterly,12,14,60
2023-10-23,STORE-01,SKU-505,LED Fairy String Lights,Seasonal overlay,North,0,16,0,15.2,12.99,0.0,Normal,0,13.64,Quarterly,12,14,60
2023-10-24,STORE-01,SKU-505,LED Fairy String Lights,Seasonal overlay,North,0,13,0,12.4,12.99,0.0,Normal,0,13.64,Quarterly,12,14,60
2023-10-25,STORE-01,SKU-505,LED Fairy String Lights,Seasonal overlay,North,0,13,0,12.4,12.99,0.0,Normal,0,13.64,Quarterly,12,14,60
2023-10-26,STORE-01,SKU-505,LED Fairy String Lights,Seasonal overlay,North,0,0,0,0.0,12.99,0.0,Normal,0,13.64,Quarterly,12,14,60
2023-10-27,STORE-01,SKU-505,LED Fairy String Lights,Seasonal overlay,North,0,14,0,13.3,12.99,0.0,Normal,0,13.64,Quarterly,12,14,60
2023-10-28,STORE-01,SKU-505,LED Fairy String Lights,Seasonal overlay,North,0,11,0,10.4,12.99,0.0,Normal,0,13.64,Quarterly,12,14,60
2023-10-29,STORE-01,SKU-505,LED Fairy String Lights,Seasonal overlay,North,0,11,0,10.4,12.99,0.0,Normal,0,13.64,Quarterly,12,14,60
2023-10-30,STORE-01,SKU-505,LED Fairy String Lights,Seasonal overlay,North,0,10,0,9.5,12.99,0.0,Normal,0,13.64,Quarterly,12,14,60
2023-10-31,STORE-01,SKU-505,LED Fairy String Lights,Seasonal overlay,North,0,10,0,9.5,12.99,0.0,Normal,0,13.64,Quarterly,12,14,60
2023-11-01,STORE-01,SKU-505,LED Fairy String Lights,Seasonal overlay,North,0,9,0,8.5,12.99,0.0,Normal,0,13.64,Quarterly,12,14,60
2023-11-02,STORE-01,SKU-505,LED Fairy String Lights,Seasonal overlay,North,0,8,0,7.6,12.99,0.0,Normal,0,13.64,Quarterly,12,14,60
2023-11-03,STORE-01,SKU-505,LED Fairy String Lights,Seasonal overlay,North,0,5,0,4.8,12.99,0.0,Normal,0,13.64,Quarterly,12,14,60
2023-11-04,STORE-01,SKU-505,LED Fairy String Lights,Seasonal overlay,North,0,7,0,6.6,12.99,0.0,Normal,0,13.64,Quarterly,12,14,60
2023-11-05,STORE-01,SKU-505,LED Fairy String Lights,Seasonal overlay,North,0,7,0,6.6,12.99,0.0,Normal,0,13.64,Quarterly,12,14,60
2023-11-06,STORE-01,SKU-505,LED Fairy String Lights,Seasonal overlay,North,0,7,0,6.6,12.99,0.0,Normal,0,13.64,Quarterly,12,14,60
2023-11-07,STORE-01,SKU-505,LED Fairy String Lights,Seasonal overlay,North,0,7,0,6.6,12.99,0.0,Normal,0,13.64,Quarterly,12,14,60
2023-11-08,STORE-01,SKU-505,LED Fairy String Lights,Seasonal overlay,North,0,5,0,4.8,12.99,0.0,Normal,0,13.64,Quarterly,12,14,60
2023-11-09,STORE-01,SKU-505,LED Fairy String Lights,Seasonal overlay,North,0,6,0,5.7,12.99,0.0,Normal,0,13.64,Quarterly,12,14,60
2023-11-10,STORE-01,SKU-505,LED Fairy String Lights,Seasonal overlay,North,0,4,0,3.8,12.99,0.0,Normal,0,13.64,Quarterly,12,14,60
2023-11-11,STORE-01,SKU-505,LED Fairy String Lights,Seasonal overlay,North,0,5,0,4.8,12.99,0.0,Normal,0,13.64,Quarterly,12,14,60
2023-11-12,STORE-01,SKU-505,LED Fairy String Lights,Seasonal overlay,North,0,4,0,3.8,12.99,0.0,Normal,0,13.64,Quarterly,12,14,60
2023-11-13,STORE-01,SKU-505,LED Fairy String Lights,Seasonal overlay,North,0,3,0,2.8,12.99,0.0,Normal,0,13.64,Quarterly,12,14,60
2023-11-14,STORE-01,SKU-505,LED Fairy String Lights,Seasonal overlay,North,0,4,0,3.8,12.99,0.0,Normal,0,13.64,Quarterly,12,14,60
2023-11-15,STORE-01,SKU-505,LED Fairy String Lights,Seasonal overlay,North,0,5,0,4.8,12.99,0.0,Normal,0,13.64,Quarterly,12,14,60
2023-11-16,STORE-01,SKU-505,LED Fairy String Lights,Seasonal overlay,North,0,4,0,3.8,12.99,0.0,Normal,0,13.64,Quarterly,12,14,60
2023-11-17,STORE-01,SKU-505,LED Fairy String Lights,Seasonal overlay,North,0,5,0,4.8,12.99,0.0,Normal,0,13.64,Quarterly,12,14,60
2023-11-18,STORE-01,SKU-505,LED Fairy String Lights,Seasonal overlay,North,0,3,0,2.8,12.99,0.0,Normal,0,13.64,Quarterly,12,14,60
2023-11-19,STORE-01,SKU-505,LED Fairy String Lights,Seasonal overlay,North,0,5,0,4.8,12.99,0.0,Normal,0,13.64,Quarterly,12,14,60
2023-11-20,STORE-01,SKU-505,LED Fairy String Lights,Seasonal overlay,North,0,4,0,3.8,12.99,0.0,Normal,0,13.64,Quarterly,12,14,60
2023-11-21,STORE-01,SKU-505,LED Fairy String Lights,Seasonal overlay,North,0,5,0,4.8,12.99,0.0,Normal,0,13.64,Quarterly,12,14,60
2023-11-22,STORE-01,SKU-505,LED Fairy String Lights,Seasonal overlay,North,0,5,0,4.8,12.99,0.0,Normal,0,13.64,Quarterly,12,14,60
2023-11-23,STORE-01,SKU-505,LED Fairy String Lights,Seasonal overlay,North,0,6,0,5.7,12.99,0.0,Normal,0,13.64,Quarterly,12,14,60
2023-11-24,STORE-01,SKU-505,LED Fairy String Lights,Seasonal overlay,North,0,6,0,5.7,12.99,0.0,Normal,0,13.64,Quarterly,12,14,60
2023-11-25,STORE-01,SKU-505,LED Fairy String Lights,Seasonal overlay,North,0,5,0,4.8,12.99,0.0,Normal,0,13.64,Quarterly,12,14,60
2023-11-26,STORE-01,SKU-505,LED Fairy String Lights,Seasonal overlay,North,0,7,0,6.6,12.99,0.0,Normal,0,13.64,Quarterly,12,14,60
2023-11-27,STORE-01,SKU-505,LED Fairy String Lights,Seasonal overlay,North,0,8,0,7.6,12.99,0.0,Normal,0,13.64,Quarterly,12,14,60
2023-11-28,STORE-01,SKU-505,LED Fairy String Lights,Seasonal overlay,North,0,7,0,6.6,12.99,0.0,Normal,0,13.64,Quarterly,12,14,60
2023-11-29,STORE-01,SKU-505,LED Fairy String Lights,Seasonal overlay,North,0,6,0,5.7,12.99,0.0,Normal,0,13.64,Quarterly,12,14,60
2023-11-30,STORE-01,SKU-505,LED Fairy String Lights,Seasonal overlay,North,0,9,0,8.5,12.99,0.0,Normal,0,13.64,Quarterly,12,14,60
2023-12-01,STORE-01,SKU-505,LED Fairy String Lights,Seasonal overlay,North,0,8,0,7.6,12.99,0.0,Normal,0,13.64,Quarterly,12,14,60
2023-12-02,STORE-01,SKU-505,LED Fairy String Lights,Seasonal overlay,North,0,9,0,8.5,12.99,0.0,Normal,0,13.64,Quarterly,12,14,60
2023-12-03,STORE-01,SKU-505,LED Fairy String Lights,Seasonal overlay,North,0,10,0,9.5,12.99,0.0,Normal,0,13.64,Quarterly,12,14,60
2023-12-04,STORE-01,SKU-505,LED Fairy String Lights,Seasonal overlay,North,0,10,0,9.5,12.99,0.0,Normal,0,13.64,Quarterly,12,14,60
2023-12-05,STORE-01,SKU-505,LED Fairy String Lights,Seasonal overlay,North,0,11,0,10.4,12.99,0.0,Normal,0,13.64,Quarterly,12,14,60
2023-12-06,STORE-01,SKU-505,LED Fairy String Lights,Seasonal overlay,North,0,12,0,11.4,12.99,0.0,Normal,0,13.64,Quarterly,12,14,60
2023-12-07,STORE-01,SKU-505,LED Fairy String Lights,Seasonal overlay,North,0,14,0,13.3,12.99,0.0,Normal,0,13.64,Quarterly,12,14,60
2023-12-08,STORE-01,SKU-505,LED Fairy String Lights,Seasonal overlay,North,0,13,0,12.4,12.99,0.0,Normal,0,13.64,Quarterly,12,14,60
2023-12-09,STORE-01,SKU-505,LED Fairy String Lights,Seasonal overlay,North,0,13,0,12.4,12.99,0.0,Normal,0,13.64,Quarterly,12,14,60
2023-12-10,STORE-01,SKU-505,LED Fairy String Lights,Seasonal overlay,North,0,14,0,13.3,12.99,0.0,Normal,0,13.64,Quarterly,12,14,60
2023-12-11,STORE-01,SKU-505,LED Fairy String Lights,Seasonal overlay,North,0,15,0,14.2,12.99,0.0,Normal,0,13.64,Quarterly,12,14,60
2023-12-12,STORE-01,SKU-505,LED Fairy String Lights,Seasonal overlay,North,0,15,0,14.2,12.99,0.0,Normal,0,13.64,Quarterly,12,14,60
2023-12-13,STORE-01,SKU-505,LED Fairy String Lights,Seasonal overlay,North,0,15,0,14.2,12.99,0.0,Normal,0,13.64,Quarterly,12,14,60
2023-12-14,STORE-01,SKU-505,LED Fairy String Lights,Seasonal overlay,North,0,18,0,17.1,12.99,0.0,Normal,0,13.64,Quarterly,12,14,60
2023-12-15,STORE-01,SKU-505,LED Fairy String Lights,Seasonal overlay,North,0,19,0,18.0,12.99,0.0,Normal,0,13.64,Quarterly,12,14,60
2023-12-16,STORE-01,SKU-505,LED Fairy String Lights,Seasonal overlay,North,0,18,0,17.1,12.99,0.0,Normal,0,13.64,Quarterly,12,14,60
2023-12-17,STORE-01,SKU-505,LED Fairy String Lights,Seasonal overlay,North,0,19,0,18.0,12.99,0.0,Normal,0,13.64,Quarterly,12,14,60
2023-12-18,STORE-01,SKU-505,LED Fairy String Lights,Seasonal overlay,North,0,20,0,19.0,12.99,0.0,Normal,0,13.64,Quarterly,12,14,60
2023-12-19,STORE-01,SKU-505,LED Fairy String Lights,Seasonal overlay,North,0,21,0,20.0,12.99,0.0,Normal,0,13.64,Quarterly,12,14,60
2023-12-20,STORE-01,SKU-505,LED Fairy String Lights,Seasonal overlay,North,0,21,0,20.0,12.99,0.0,Normal,0,13.64,Quarterly,12,14,60
2023-12-21,STORE-01,SKU-505,LED Fairy String Lights,Seasonal overlay,North,0,19,0,18.0,12.99,0.0,Normal,0,13.64,Quarterly,12,14,60
2023-12-22,STORE-01,SKU-505,LED Fairy String Lights,Seasonal overlay,North,0,22,0,20.9,12.99,0.0,Normal,0,13.64,Quarterly,12,14,60
2023-12-23,STORE-01,SKU-505,LED Fairy String Lights,Seasonal overlay,North,0,23,0,21.8,12.99,0.0,Normal,0,13.64,Quarterly,12,14,60
2023-12-24,STORE-01,SKU-505,LED Fairy String Lights,Seasonal overlay,North,0,22,0,20.9,12.99,0.0,Normal,0,13.64,Quarterly,12,14,60
2023-12-25,STORE-01,SKU-505,LED Fairy String Lights,Seasonal overlay,North,0,23,0,21.8,12.99,0.0,Normal,0,13.64,Quarterly,12,14,60
2023-12-26,STORE-01,SKU-505,LED Fairy String Lights,Seasonal overlay,North,0,0,0,0.0,12.99,0.0,Normal,0,13.64,Quarterly,12,14,60
2023-12-27,STORE-01,SKU-505,LED Fairy String Lights,Seasonal overlay,North,0,24,0,22.8,12.99,0.0,Normal,0,13.64,Quarterly,12,14,60
2023-12-28,STORE-01,SKU-505,LED Fairy String Lights,Seasonal overlay,North,0,25,0,23.8,12.99,0.0,Normal,0,13.64,Quarterly,12,14,60
2023-12-29,STORE-01,SKU-505,LED Fairy String Lights,Seasonal overlay,North,0,25,0,23.8,12.99,0.0,Normal,0,13.64,Quarterly,12,14,60
2023-12-30,STORE-01,SKU-505,LED Fairy String Lights,Seasonal overlay,North,0,24,0,22.8,12.99,0.0,Normal,0,13.64,Quarterly,12,14,60
2023-12-31,STORE-01,SKU-505,LED Fairy String Lights,Seasonal overlay,North,0,24,0,22.8,12.99,0.0,Normal,0,13.64,Quarterly,12,14,60
2024-01-01,STORE-01,SKU-505,LED Fairy String Lights,Seasonal overlay,North,0,22,0,20.9,12.99,0.0,Normal,0,13.64,Quarterly,12,14,60
2024-01-02,STORE-01,SKU-505,LED Fairy String Lights,Seasonal overlay,North,0,24,0,22.8,12.99,0.0,Normal,0,13.64,Quarterly,12,14,60
2024-01-03,STORE-01,SKU-505,LED Fairy String Lights,Seasonal overlay,North,0,23,0,21.8,12.99,0.0,Normal,0,13.64,Quarterly,12,14,60
2024-01-04,STORE-01,SKU-505,LED Fairy String Lights,Seasonal overlay,North,0,24,0,22.8,12.99,0.0,Normal,0,13.64,Quarterly,12,14,60
2024-01-05,STORE-01,SKU-505,LED Fairy String Lights,Seasonal overlay,North,0,24,0,22.8,12.99,0.0,Normal,0,13.64,Quarterly,12,14,60
2024-01-06,STORE-01,SKU-505,LED Fairy String Lights,Seasonal overlay,North,0,24,0,22.8,12.99,0.0,Normal,0,13.64,Quarterly,12,14,60
2024-01-07,STORE-01,SKU-505,LED Fairy String Lights,Seasonal overlay,North,0,24,0,22.8,12.99,0.0,Normal,0,13.64,Quarterly,12,14,60
2024-01-08,STORE-01,SKU-505,LED Fairy String Lights,Seasonal overlay,North,0,23,0,21.8,12.99,0.0,Normal,0,13.64,Quarterly,12,14,60
2024-01-09,STORE-01,SKU-505,LED Fairy String Lights,Seasonal overlay,North,0,24,0,22.8,12.99,0.0,Normal,0,13.64,Quarterly,12,14,60
2024-01-10,STORE-01,SKU-505,LED Fairy String Lights,Seasonal overlay,North,0,22,0,20.9,12.99,0.0,Normal,0,13.64,Quarterly,12,14,60
2024-01-11,STORE-01,SKU-505,LED Fairy String Lights,Seasonal overlay,North,0,21,0,20.0,12.99,0.0,Normal,0,13.64,Quarterly,12,14,60
2024-01-12,STORE-01,SKU-505,LED Fairy String Lights,Seasonal overlay,North,0,21,0,20.0,12.99,0.0,Normal,0,13.64,Quarterly,12,14,60
2024-01-13,STORE-01,SKU-505,LED Fairy String Lights,Seasonal overlay,North,0,20,0,19.0,12.99,0.0,Normal,0,13.64,Quarterly,12,14,60
2024-01-14,STORE-01,SKU-505,LED Fairy String Lights,Seasonal overlay,North,0,0,0,0.0,12.99,0.0,Normal,0,13.64,Quarterly,12,14,60
2024-01-15,STORE-01,SKU-505,LED Fairy String Lights,Seasonal overlay,North,0,19,0,18.0,12.99,0.0,Normal,0,13.64,Quarterly,12,14,60
2024-01-16,STORE-01,SKU-505,LED Fairy String Lights,Seasonal overlay,North,0,19,0,18.0,12.99,0.0,Normal,0,13.64,Quarterly,12,14,60
2024-01-17,STORE-01,SKU-505,LED Fairy String Lights,Seasonal overlay,North,0,18,0,17.1,12.99,0.0,Normal,0,13.64,Quarterly,12,14,60
2024-01-18,STORE-01,SKU-505,LED Fairy String Lights,Seasonal overlay,North,0,17,0,16.2,12.99,0.0,Normal,0,13.64,Quarterly,12,14,60
2024-01-19,STORE-01,SKU-505,LED Fairy String Lights,Seasonal overlay,North,0,18,0,17.1,12.99,0.0,Normal,0,13.64,Quarterly,12,14,60
2024-01-20,STORE-01,SKU-505,LED Fairy String Lights,Seasonal overlay,North,0,17,0,16.2,12.99,0.0,Normal,0,13.64,Quarterly,12,14,60
2024-01-21,STORE-01,SKU-505,LED Fairy String Lights,Seasonal overlay,North,0,17,0,16.2,12.99,0.0,Normal,0,13.64,Quarterly,12,14,60
2024-01-22,STORE-01,SKU-505,LED Fairy String Lights,Seasonal overlay,North,0,15,0,14.2,12.99,0.0,Normal,0,13.64,Quarterly,12,14,60
2024-01-23,STORE-01,SKU-505,LED Fairy String Lights,Seasonal overlay,North,0,15,0,14.2,12.99,0.0,Normal,0,13.64,Quarterly,12,14,60
2024-01-24,STORE-01,SKU-505,LED Fairy String Lights,Seasonal overlay,North,0,13,0,12.4,12.99,0.0,Normal,0,13.64,Quarterly,12,14,60
2024-01-25,STORE-01,SKU-505,LED Fairy String Lights,Seasonal overlay,North,0,12,0,11.4,12.99,0.0,Normal,0,13.64,Quarterly,12,14,60
2024-01-26,STORE-01,SKU-505,LED Fairy String Lights,Seasonal overlay,North,0,11,0,10.4,12.99,0.0,Normal,0,13.64,Quarterly,12,14,60
2024-01-27,STORE-01,SKU-505,LED Fairy String Lights,Seasonal overlay,North,0,12,0,11.4,12.99,0.0,Normal,0,13.64,Quarterly,12,14,60
2024-01-28,STORE-01,SKU-505,LED Fairy String Lights,Seasonal overlay,North,0,12,0,11.4,12.99,0.0,Normal,0,13.64,Quarterly,12,14,60
2024-01-29,STORE-01,SKU-505,LED Fairy String Lights,Seasonal overlay,North,0,10,0,9.5,12.99,0.0,Normal,0,13.64,Quarterly,12,14,60
2024-01-30,STORE-01,SKU-505,LED Fairy String Lights,Seasonal overlay,North,0,9,0,8.5,12.99,0.0,Normal,0,13.64,Quarterly,12,14,60
2024-01-31,STORE-01,SKU-505,LED Fairy String Lights,Seasonal overlay,North,0,9,0,8.5,12.99,0.0,Normal,0,13.64,Quarterly,12,14,60
2024-02-01,STORE-01,SKU-505,LED Fairy String Lights,Seasonal overlay,North,0,9,0,8.5,12.99,0.0,Normal,0,13.64,Quarterly,12,14,60
2024-02-02,STORE-01,SKU-505,LED Fairy String Lights,Seasonal overlay,North,0,8,0,7.6,12.99,0.0,Normal,0,13.64,Quarterly,12,14,60
2024-02-03,STORE-01,SKU-505,LED Fairy String Lights,Seasonal overlay,North,0,7,0,6.6,12.99,0.0,Normal,0,13.64,Quarterly,12,14,60
2024-02-04,STORE-01,SKU-505,LED Fairy String Lights,Seasonal overlay,North,0,6,0,5.7,12.99,0.0,Normal,0,13.64,Quarterly,12,14,60
2024-02-05,STORE-01,SKU-505,LED Fairy String Lights,Seasonal overlay,North,0,0,0,0.0,12.99,0.0,Normal,0,13.64,Quarterly,12,14,60
2024-02-06,STORE-01,SKU-505,LED Fairy String Lights,Seasonal overlay,North,0,7,0,6.6,12.99,0.0,Normal,0,13.64,Quarterly,12,14,60
2024-02-07,STORE-01,SKU-505,LED Fairy String Lights,Seasonal overlay,North,0,6,0,5.7,12.99,0.0,Normal,0,13.64,Quarterly,12,14,60
2024-02-08,STORE-01,SKU-505,LED Fairy String Lights,Seasonal overlay,North,0,5,0,4.8,12.99,0.0,Normal,0,13.64,Quarterly,12,14,60
2024-02-09,STORE-01,SKU-505,LED Fairy String Lights,Seasonal overlay,North,0,6,0,5.7,12.99,0.0,Normal,0,13.64,Quarterly,12,14,60
2024-02-10,STORE-01,SKU-505,LED Fairy String Lights,Seasonal overlay,North,0,4,0,3.8,12.99,0.0,Normal,0,13.64,Quarterly,12,14,60
2024-02-11,STORE-01,SKU-505,LED Fairy String Lights,Seasonal overlay,North,0,6,0,5.7,12.99,0.0,Normal,0,13.64,Quarterly,12,14,60
2024-02-12,STORE-01,SKU-505,LED Fairy String Lights,Seasonal overlay,North,0,5,0,4.8,12.99,0.0,Normal,0,13.64,Quarterly,12,14,60
2024-02-13,STORE-01,SKU-505,LED Fairy String Lights,Seasonal overlay,North,0,4,0,3.8,12.99,0.0,Normal,0,13.64,Quarterly,12,14,60
2024-02-14,STORE-01,SKU-505,LED Fairy String Lights,Seasonal overlay,North,0,3,0,2.8,12.99,0.0,Normal,0,13.64,Quarterly,12,14,60
2024-02-15,STORE-01,SKU-505,LED Fairy String Lights,Seasonal overlay,North,0,6,0,5.7,12.99,0.0,Normal,0,13.64,Quarterly,12,14,60
2024-02-16,STORE-01,SKU-505,LED Fairy String Lights,Seasonal overlay,North,0,4,0,3.8,12.99,0.0,Normal,0,13.64,Quarterly,12,14,60
2024-02-17,STORE-01,SKU-505,LED Fairy String Lights,Seasonal overlay,North,0,4,0,3.8,12.99,0.0,Normal,0,13.64,Quarterly,12,14,60
2024-02-18,STORE-01,SKU-505,LED Fairy String Lights,Seasonal overlay,North,0,5,0,4.8,12.99,0.0,Normal,0,13.64,Quarterly,12,14,60
2024-02-19,STORE-01,SKU-505,LED Fairy String Lights,Seasonal overlay,North,0,5,0,4.8,12.99,0.0,Normal,0,13.64,Quarterly,12,14,60
2024-02-20,STORE-01,SKU-505,LED Fairy String Lights,Seasonal overlay,North,0,6,0,5.7,12.99,0.0,Normal,0,13.64,Quarterly,12,14,60
2024-02-21,STORE-01,SKU-505,LED Fairy String Lights,Seasonal overlay,North,0,4,0,3.8,12.99,0.0,Normal,0,13.64,Quarterly,12,14,60
2024-02-22,STORE-01,SKU-505,LED Fairy String Lights,Seasonal overlay,North,0,5,0,4.8,12.99,0.0,Normal,0,13.64,Quarterly,12,14,60
2024-02-23,STORE-01,SKU-505,LED Fairy String Lights,Seasonal overlay,North,0,4,0,3.8,12.99,0.0,Normal,0,13.64,Quarterly,12,14,60
2024-02-24,STORE-01,SKU-505,LED Fairy String Lights,Seasonal overlay,North,0,6,0,5.7,12.99,0.0,Normal,0,13.64,Quarterly,12,14,60
2024-02-25,STORE-01,SKU-505,LED Fairy String Lights,Seasonal overlay,North,0,6,0,5.7,12.99,0.0,Normal,0,13.64,Quarterly,12,14,60
2024-02-26,STORE-01,SKU-505,LED Fairy String Lights,Seasonal overlay,North,0,7,0,6.6,12.99,0.0,Normal,0,13.64,Quarterly,12,14,60
2024-02-27,STORE-01,SKU-505,LED Fairy String Lights,Seasonal overlay,North,0,7,0,6.6,12.99,0.0,Normal,0,13.64,Quarterly,12,14,60
2024-02-28,STORE-01,SKU-505,LED Fairy String Lights,Seasonal overlay,North,0,7,0,6.6,12.99,0.0,Normal,0,13.64,Quarterly,12,14,60
2024-02-29,STORE-01,SKU-505,LED Fairy String Lights,Seasonal overlay,North,0,0,0,0.0,12.99,0.0,Normal,0,13.64,Quarterly,12,14,60
2024-03-01,STORE-01,SKU-505,LED Fairy String Lights,Seasonal overlay,North,0,9,0,8.5,12.99,0.0,Normal,0,13.64,Quarterly,12,14,60
2024-03-02,STORE-01,SKU-505,LED Fairy String Lights,Seasonal overlay,North,0,11,0,10.4,12.99,0.0,Normal,0,13.64,Quarterly,12,14,60
2024-03-03,STORE-01,SKU-505,LED Fairy String Lights,Seasonal overlay,North,0,10,0,9.5,12.99,0.0,Normal,0,13.64,Quarterly,12,14,60
2024-03-04,STORE-01,SKU-505,LED Fairy String Lights,Seasonal overlay,North,0,0,0,0.0,12.99,0.0,Normal,0,13.64,Quarterly,12,14,60
2024-03-05,STORE-01,SKU-505,LED Fairy String Lights,Seasonal overlay,North,0,12,0,11.4,12.99,0.0,Normal,0,13.64,Quarterly,12,14,60
2024-03-06,STORE-01,SKU-505,LED Fairy String Lights,Seasonal overlay,North,0,12,0,11.4,12.99,0.0,Normal,0,13.64,Quarterly,12,14,60
2024-03-07,STORE-01,SKU-505,LED Fairy String Lights,Seasonal overlay,North,0,11,0,10.4,12.99,0.0,Normal,0,13.64,Quarterly,12,14,60
2024-03-08,STORE-01,SKU-505,LED Fairy String Lights,Seasonal overlay,North,0,12,0,11.4,12.99,0.0,Normal,0,13.64,Quarterly,12,14,60
2024-03-09,STORE-01,SKU-505,LED Fairy String Lights,Seasonal overlay,North,0,13,0,12.4,12.99,0.0,Normal,0,13.64,Quarterly,12,14,60
2024-03-10,STORE-01,SKU-505,LED Fairy String Lights,Seasonal overlay,North,0,13,0,12.4,12.99,0.0,Normal,0,13.64,Quarterly,12,14,60
2024-03-11,STORE-01,SKU-505,LED Fairy String Lights,Seasonal overlay,North,0,17,0,16.2,12.99,0.0,Normal,0,13.64,Quarterly,12,14,60
2024-03-12,STORE-01,SKU-505,LED Fairy String Lights,Seasonal overlay,North,0,16,0,15.2,12.99,0.0,Normal,0,13.64,Quarterly,12,14,60
2024-03-13,STORE-01,SKU-505,LED Fairy String Lights,Seasonal overlay,North,0,17,0,16.2,12.99,0.0,Normal,0,13.64,Quarterly,12,14,60
2024-03-14,STORE-01,SKU-505,LED Fairy String Lights,Seasonal overlay,North,0,16,0,15.2,12.99,0.0,Normal,0,13.64,Quarterly,12,14,60
2024-03-15,STORE-01,SKU-505,LED Fairy String Lights,Seasonal overlay,North,0,17,0,16.2,12.99,0.0,Normal,0,13.64,Quarterly,12,14,60
2024-03-16,STORE-01,SKU-505,LED Fairy String Lights,Seasonal overlay,North,0,19,0,18.0,12.99,0.0,Normal,0,13.64,Quarterly,12,14,60
2024-03-17,STORE-01,SKU-505,LED Fairy String Lights,Seasonal overlay,North,0,21,0,20.0,12.99,0.0,Normal,0,13.64,Quarterly,12,14,60
2024-03-18,STORE-01,SKU-505,LED Fairy String Lights,Seasonal overlay,North,0,19,0,18.0,12.99,0.0,Normal,0,13.64,Quarterly,12,14,60
2024-03-19,STORE-01,SKU-505,LED Fairy String Lights,Seasonal overlay,North,0,21,0,20.0,12.99,0.0,Normal,0,13.64,Quarterly,12,14,60
2024-03-20,STORE-01,SKU-505,LED Fairy String Lights,Seasonal overlay,North,0,21,0,20.0,12.99,0.0,Normal,0,13.64,Quarterly,12,14,60
2024-03-21,STORE-01,SKU-505,LED Fairy String Lights,Seasonal overlay,North,0,21,0,20.0,12.99,0.0,Normal,0,13.64,Quarterly,12,14,60
2024-03-22,STORE-01,SKU-505,LED Fairy String Lights,Seasonal overlay,North,0,23,0,21.8,12.99,0.0,Normal,0,13.64,Quarterly,12,14,60
2024-03-23,STORE-01,SKU-505,LED Fairy String Lights,Seasonal overlay,North,0,22,0,20.9,12.99,0.0,Normal,0,13.64,Quarterly,12,14,60
2024-03-24,STORE-01,SKU-505,LED Fairy String Lights,Seasonal overlay,North,0,22,0,20.9,12.99,0.0,Normal,0,13.64,Quarterly,12,14,60
2024-03-25,STORE-01,SKU-505,LED Fairy String Lights,Seasonal overlay,North,0,24,0,22.8,12.99,0.0,Normal,0,13.64,Quarterly,12,14,60
2024-03-26,STORE-01,SKU-505,LED Fairy String Lights,Seasonal overlay,North,0,23,0,21.8,12.99,0.0,Normal,0,13.64,Quarterly,12,14,60
2024-03-27,STORE-01,SKU-505,LED Fairy String Lights,Seasonal overlay,North,0,24,0,22.8,12.99,0.0,Normal,0,13.64,Quarterly,12,14,60
2024-03-28,STORE-01,SKU-505,LED Fairy String Lights,Seasonal overlay,North,0,23,0,21.8,12.99,0.0,Normal,0,13.64,Quarterly,12,14,60
2024-03-29,STORE-01,SKU-505,LED Fairy String Lights,Seasonal overlay,North,0,25,0,23.8,12.99,0.0,Normal,0,13.64,Quarterly,12,14,60
2024-03-30,STORE-01,SKU-505,LED Fairy String Lights,Seasonal overlay,North,0,24,0,22.8,12.99,0.0,Normal,0,13.64,Quarterly,12,14,60
2024-03-31,STORE-01,SKU-505,LED Fairy String Lights,Seasonal overlay,North,0,24,0,22.8,12.99,0.0,Normal,0,13.64,Quarterly,12,14,60
2024-04-01,STORE-01,SKU-505,LED Fairy String Lights,Seasonal overlay,North,0,24,0,22.8,12.99,0.0,Normal,0,13.64,Quarterly,12,14,60
2024-04-02,STORE-01,SKU-505,LED Fairy String Lights,Seasonal overlay,North,0,0,0,0.0,12.99,0.0,Normal,0,13.64,Quarterly,12,14,60
2024-04-03,STORE-01,SKU-505,LED Fairy String Lights,Seasonal overlay,North,0,24,0,22.8,12.99,0.0,Normal,0,13.64,Quarterly,12,14,60
2024-04-04,STORE-01,SKU-505,LED Fairy String Lights,Seasonal overlay,North,0,23,0,21.8,12.99,0.0,Normal,0,13.64,Quarterly,12,14,60
2024-04-05,STORE-01,SKU-505,LED Fairy String Lights,Seasonal overlay,North,0,24,0,22.8,12.99,0.0,Normal,0,13.64,Quarterly,12,14,60
2024-04-06,STORE-01,SKU-505,LED Fairy String Lights,Seasonal overlay,North,0,23,0,21.8,12.99,0.0,Normal,0,13.64,Quarterly,12,14,60
2024-04-07,STORE-01,SKU-505,LED Fairy String Lights,Seasonal overlay,North,0,0,0,0.0,12.99,0.0,Normal,0,13.64,Quarterly,12,14,60
2024-04-08,STORE-01,SKU-505,LED Fairy String Lights,Seasonal overlay,North,0,21,0,20.0,12.99,0.0,Normal,0,13.64,Quarterly,12,14,60
2024-04-09,STORE-01,SKU-505,LED Fairy String Lights,Seasonal overlay,North,0,21,0,20.0,12.99,0.0,Normal,0,13.64,Quarterly,12,14,60
2024-04-10,STORE-01,SKU-505,LED Fairy String Lights,Seasonal overlay,North,0,23,0,21.8,12.99,0.0,Normal,0,13.64,Quarterly,12,14,60
2024-04-11,STORE-01,SKU-505,LED Fairy String Lights,Seasonal overlay,North,0,21,0,20.0,12.99,0.0,Normal,0,13.64,Quarterly,12,14,60
2024-04-12,STORE-01,SKU-505,LED Fairy String Lights,Seasonal overlay,North,0,21,0,20.0,12.99,0.0,Normal,0,13.64,Quarterly,12,14,60
2024-04-13,STORE-01,SKU-505,LED Fairy String Lights,Seasonal overlay,North,0,21,0,20.0,12.99,0.0,Normal,0,13.64,Quarterly,12,14,60
2024-04-14,STORE-01,SKU-505,LED Fairy String Lights,Seasonal overlay,North,0,20,0,19.0,12.99,0.0,Normal,0,13.64,Quarterly,12,14,60
2024-04-15,STORE-01,SKU-505,LED Fairy String Lights,Seasonal overlay,North,0,20,0,19.0,12.99,0.0,Normal,0,13.64,Quarterly,12,14,60
2024-04-16,STORE-01,SKU-505,LED Fairy String Lights,Seasonal overlay,North,0,19,0,18.0,12.99,0.0,Normal,0,13.64,Quarterly,12,14,60
2024-04-17,STORE-01,SKU-505,LED Fairy String Lights,Seasonal overlay,North,0,16,0,15.2,12.99,0.0,Normal,0,13.64,Quarterly,12,14,60
2024-04-18,STORE-01,SKU-505,LED Fairy String Lights,Seasonal overlay,North,0,17,0,16.2,12.99,0.0,Normal,0,13.64,Quarterly,12,14,60
2024-04-19,STORE-01,SKU-505,LED Fairy String Lights,Seasonal overlay,North,0,17,0,16.2,12.99,0.0,Normal,0,13.64,Quarterly,12,14,60
2024-04-20,STORE-01,SKU-505,LED Fairy String Lights,Seasonal overlay,North,0,18,0,17.1,12.99,0.0,Normal,0,13.64,Quarterly,12,14,60
2024-04-21,STORE-01,SKU-505,LED Fairy String Lights,Seasonal overlay,North,0,17,0,16.2,12.99,0.0,Normal,0,13.64,Quarterly,12,14,60
2024-04-22,STORE-01,SKU-505,LED Fairy String Lights,Seasonal overlay,North,0,14,0,13.3,12.99,0.0,Normal,0,13.64,Quarterly,12,14,60
2024-04-23,STORE-01,SKU-505,LED Fairy String Lights,Seasonal overlay,North,0,14,0,13.3,12.99,0.0,Normal,0,13.64,Quarterly,12,14,60
2024-04-24,STORE-01,SKU-505,LED Fairy String Lights,Seasonal overlay,North,0,0,0,0.0,12.99,0.0,Normal,0,13.64,Quarterly,12,14,60
2024-04-25,STORE-01,SKU-505,LED Fairy String Lights,Seasonal overlay,North,0,14,0,13.3,12.99,0.0,Normal,0,13.64,Quarterly,12,14,60
2024-04-26,STORE-01,SKU-505,LED Fairy String Lights,Seasonal overlay,North,0,13,0,12.4,12.99,0.0,Normal,0,13.64,Quarterly,12,14,60
2024-04-27,STORE-01,SKU-505,LED Fairy String Lights,Seasonal overlay,North,0,12,0,11.4,12.99,0.0,Normal,0,13.64,Quarterly,12,14,60
2024-04-28,STORE-01,SKU-505,LED Fairy String Lights,Seasonal overlay,North,0,11,0,10.4,12.99,0.0,Normal,0,13.64,Quarterly,12,14,60
2024-04-29,STORE-01,SKU-505,LED Fairy String Lights,Seasonal overlay,North,0,11,0,10.4,12.99,0.0,Normal,0,13.64,Quarterly,12,14,60
2024-04-30,STORE-01,SKU-505,LED Fairy String Lights,Seasonal overlay,North,0,11,0,10.4,12.99,0.0,Normal,0,13.64,Quarterly,12,14,60
2024-05-01,STORE-01,SKU-505,LED Fairy String Lights,Seasonal overlay,North,0,10,0,9.5,12.99,0.0,Normal,0,13.64,Quarterly,12,14,60
2024-05-02,STORE-01,SKU-505,LED Fairy String Lights,Seasonal overlay,North,0,9,0,8.5,12.99,0.0,Normal,0,13.64,Quarterly,12,14,60
2024-05-03,STORE-01,SKU-505,LED Fairy String Lights,Seasonal overlay,North,0,8,0,7.6,12.99,0.0,Normal,0,13.64,Quarterly,12,14,60
2024-05-04,STORE-01,SKU-505,LED Fairy String Lights,Seasonal overlay,North,0,8,0,7.6,12.99,0.0,Normal,0,13.64,Quarterly,12,14,60
2024-05-05,STORE-01,SKU-505,LED Fairy String Lights,Seasonal overlay,North,0,8,0,7.6,12.99,0.0,Normal,0,13.64,Quarterly,12,14,60
2024-05-06,STORE-01,SKU-505,LED Fairy String Lights,Seasonal overlay,North,0,6,0,5.7,12.99,0.0,Normal,0,13.64,Quarterly,12,14,60
2024-05-07,STORE-01,SKU-505,LED Fairy String Lights,Seasonal overlay,North,0,6,0,5.7,12.99,0.0,Normal,0,13.64,Quarterly,12,14,60
2024-05-08,STORE-01,SKU-505,LED Fairy String Lights,Seasonal overlay,North,0,6,0,5.7,12.99,0.0,Normal,0,13.64,Quarterly,12,14,60
2024-05-09,STORE-01,SKU-505,LED Fairy String Lights,Seasonal overlay,North,0,7,0,6.6,12.99,0.0,Normal,0,13.64,Quarterly,12,14,60
2024-05-10,STORE-01,SKU-505,LED Fairy String Lights,Seasonal overlay,North,0,4,0,3.8,12.99,0.0,Normal,0,13.64,Quarterly,12,14,60
2024-05-11,STORE-01,SKU-505,LED Fairy String Lights,Seasonal overlay,North,0,0,0,0.0,12.99,0.0,Normal,0,13.64,Quarterly,12,14,60
2024-05-12,STORE-01,SKU-505,LED Fairy String Lights,Seasonal overlay,North,0,5,0,4.8,12.99,0.0,Normal,0,13.64,Quarterly,12,14,60
2024-05-13,STORE-01,SKU-505,LED Fairy String Lights,Seasonal overlay,North,0,5,0,4.8,12.99,0.0,Normal,0,13.64,Quarterly,12,14,60
2024-05-14,STORE-01,SKU-505,LED Fairy String Lights,Seasonal overlay,North,0,4,0,3.8,12.99,0.0,Normal,0,13.64,Quarterly,12,14,60
2024-05-15,STORE-01,SKU-505,LED Fairy String Lights,Seasonal overlay,North,0,6,0,5.7,12.99,0.0,Normal,0,13.64,Quarterly,12,14,60
2024-05-16,STORE-01,SKU-505,LED Fairy String Lights,Seasonal overlay,North,0,4,0,3.8,12.99,0.0,Normal,0,13.64,Quarterly,12,14,60
2024-05-17,STORE-01,SKU-505,LED Fairy String Lights,Seasonal overlay,North,0,4,0,3.8,12.99,0.0,Normal,0,13.64,Quarterly,12,14,60
2024-05-18,STORE-01,SKU-505,LED Fairy String Lights,Seasonal overlay,North,0,5,0,4.8,12.99,0.0,Normal,0,13.64,Quarterly,12,14,60
2024-05-19,STORE-01,SKU-505,LED Fairy String Lights,Seasonal overlay,North,0,0,0,0.0,12.99,0.0,Normal,0,13.64,Quarterly,12,14,60
2024-05-20,STORE-01,SKU-505,LED Fairy String Lights,Seasonal overlay,North,0,4,0,3.8,12.99,0.0,Normal,0,13.64,Quarterly,12,14,60
2024-05-21,STORE-01,SKU-505,LED Fairy String Lights,Seasonal overlay,North,0,4,0,3.8,12.99,0.0,Normal,0,13.64,Quarterly,12,14,60
2024-05-22,STORE-01,SKU-505,LED Fairy String Lights,Seasonal overlay,North,0,5,0,4.8,12.99,0.0,Normal,0,13.64,Quarterly,12,14,60
2024-05-23,STORE-01,SKU-505,LED Fairy String Lights,Seasonal overlay,North,0,4,0,3.8,12.99,0.0,Normal,0,13.64,Quarterly,12,14,60
2024-05-24,STORE-01,SKU-505,LED Fairy String Lights,Seasonal overlay,North,0,6,0,5.7,12.99,0.0,Normal,0,13.64,Quarterly,12,14,60
2024-05-25,STORE-01,SKU-505,LED Fairy String Lights,Seasonal overlay,North,0,6,0,5.7,12.99,0.0,Normal,0,13.64,Quarterly,12,14,60
2024-05-26,STORE-01,SKU-505,LED Fairy String Lights,Seasonal overlay,North,0,6,0,5.7,12.99,0.0,Normal,0,13.64,Quarterly,12,14,60
2024-05-27,STORE-01,SKU-505,LED Fairy String Lights,Seasonal overlay,North,0,7,0,6.6,12.99,0.0,Normal,0,13.64,Quarterly,12,14,60
2024-05-28,STORE-01,SKU-505,LED Fairy String Lights,Seasonal overlay,North,0,8,0,7.6,12.99,0.0,Normal,0,13.64,Quarterly,12,14,60
2024-05-29,STORE-01,SKU-505,LED Fairy String Lights,Seasonal overlay,North,0,7,0,6.6,12.99,0.0,Normal,0,13.64,Quarterly,12,14,60
2024-05-30,STORE-01,SKU-505,LED Fairy String Lights,Seasonal overlay,North,0,8,0,7.6,12.99,0.0,Normal,0,13.64,Quarterly,12,14,60
2024-05-31,STORE-01,SKU-505,LED Fairy String Lights,Seasonal overlay,North,0,9,0,8.5,12.99,0.0,Normal,0,13.64,Quarterly,12,14,60
2024-06-01,STORE-01,SKU-505,LED Fairy String Lights,Seasonal overlay,North,0,8,0,7.6,12.99,0.0,Normal,0,13.64,Quarterly,12,14,60
2024-06-02,STORE-01,SKU-505,LED Fairy String Lights,Seasonal overlay,North,0,11,0,10.4,12.99,0.0,Normal,0,13.64,Quarterly,12,14,60
2024-06-03,STORE-01,SKU-505,LED Fairy String Lights,Seasonal overlay,North,0,9,0,8.5,12.99,0.0,Normal,0,13.64,Quarterly,12,14,60
2024-06-04,STORE-01,SKU-505,LED Fairy String Lights,Seasonal overlay,North,0,11,0,10.4,12.99,0.0,Normal,0,13.64,Quarterly,12,14,60
2024-06-05,STORE-01,SKU-505,LED Fairy String Lights,Seasonal overlay,North,0,11,0,10.4,12.99,0.0,Normal,0,13.64,Quarterly,12,14,60
2024-06-06,STORE-01,SKU-505,LED Fairy String Lights,Seasonal overlay,North,0,14,0,13.3,12.99,0.0,Normal,0,13.64,Quarterly,12,14,60
2024-06-07,STORE-01,SKU-505,LED Fairy String Lights,Seasonal overlay,North,0,12,0,11.4,12.99,0.0,Normal,0,13.64,Quarterly,12,14,60
2024-06-08,STORE-01,SKU-505,LED Fairy String Lights,Seasonal overlay,North,0,13,0,12.4,12.99,0.0,Normal,0,13.64,Quarterly,12,14,60
2024-06-09,STORE-01,SKU-505,LED Fairy String Lights,Seasonal overlay,North,0,15,0,14.2,12.99,0.0,Normal,0,13.64,Quarterly,12,14,60
2024-06-10,STORE-01,SKU-505,LED Fairy String Lights,Seasonal overlay,North,0,15,0,14.2,12.99,0.0,Normal,0,13.64,Quarterly,12,14,60
2024-06-11,STORE-01,SKU-505,LED Fairy String Lights,Seasonal overlay,North,0,15,0,14.2,12.99,0.0,Normal,0,13.64,Quarterly,12,14,60
2024-06-12,STORE-01,SKU-505,LED Fairy String Lights,Seasonal overlay,North,0,17,0,16.2,12.99,0.0,Normal,0,13.64,Quarterly,12,14,60
2024-06-13,STORE-01,SKU-505,LED Fairy String Lights,Seasonal overlay,North,0,16,0,15.2,12.99,0.0,Normal,0,13.64,Quarterly,12,14,60
2024-06-14,STORE-01,SKU-505,LED Fairy String Lights,Seasonal overlay,North,0,17,0,16.2,12.99,0.0,Normal,0,13.64,Quarterly,12,14,60
2024-06-15,STORE-01,SKU-505,LED Fairy String Lights,Seasonal overlay,North,0,18,0,17.1,12.99,0.0,Normal,0,13.64,Quarterly,12,14,60
2024-06-16,STORE-01,SKU-505,LED Fairy String Lights,Seasonal overlay,North,0,20,0,19.0,12.99,0.0,Normal,0,13.64,Quarterly,12,14,60
2024-06-17,STORE-01,SKU-505,LED Fairy String Lights,Seasonal overlay,North,0,21,0,20.0,12.99,0.0,Normal,0,13.64,Quarterly,12,14,60
2024-06-18,STORE-01,SKU-505,LED Fairy String Lights,Seasonal overlay,North,0,21,0,20.0,12.99,0.0,Normal,0,13.64,Quarterly,12,14,60
2024-06-19,STORE-01,SKU-505,LED Fairy String Lights,Seasonal overlay,North,0,0,0,0.0,12.99,0.0,Normal,0,13.64,Quarterly,12,14,60
2024-06-20,STORE-01,SKU-505,LED Fairy String Lights,Seasonal overlay,North,0,0,0,0.0,12.99,0.0,Normal,0,13.64,Quarterly,12,14,60
2024-06-21,STORE-01,SKU-505,LED Fairy String Lights,Seasonal overlay,North,0,22,0,20.9,12.99,0.0,Normal,0,13.64,Quarterly,12,14,60
2024-06-22,STORE-01,SKU-505,LED Fairy String Lights,Seasonal overlay,North,0,23,0,21.8,12.99,0.0,Normal,0,13.64,Quarterly,12,14,60
2024-06-23,STORE-01,SKU-505,LED Fairy String Lights,Seasonal overlay,North,0,0,0,0.0,12.99,0.0,Normal,0,13.64,Quarterly,12,14,60
2024-06-24,STORE-01,SKU-505,LED Fairy String Lights,Seasonal overlay,North,0,23,0,21.8,12.99,0.0,Normal,0,13.64,Quarterly,12,14,60
2024-06-25,STORE-01,SKU-505,LED Fairy String Lights,Seasonal overlay,North,0,22,0,20.9,12.99,0.0,Normal,0,13.64,Quarterly,12,14,60
2024-06-26,STORE-01,SKU-505,LED Fairy String Lights,Seasonal overlay,North,0,23,0,21.8,12.99,0.0,Normal,0,13.64,Quarterly,12,14,60
2024-06-27,STORE-01,SKU-505,LED Fairy String Lights,Seasonal overlay,North,0,0,0,0.0,12.99,0.0,Normal,0,13.64,Quarterly,12,14,60
2024-06-28,STORE-01,SKU-505,LED Fairy String Lights,Seasonal overlay,North,0,23,0,21.8,12.99,0.0,Normal,0,13.64,Quarterly,12,14,60
2024-06-29,STORE-01,SKU-505,LED Fairy String Lights,Seasonal overlay,North,0,23,0,21.8,12.99,0.0,Normal,0,13.64,Quarterly,12,14,60
2024-06-30,STORE-01,SKU-505,LED Fairy String Lights,Seasonal overlay,North,0,25,0,23.8,12.99,0.0,Normal,0,13.64,Quarterly,12,14,60
2024-07-01,STORE-01,SKU-505,LED Fairy String Lights,Seasonal overlay,North,0,24,0,22.8,12.99,0.0,Normal,0,13.64,Quarterly,12,14,60
2024-07-02,STORE-01,SKU-505,LED Fairy String Lights,Seasonal overlay,North,0,23,0,21.8,12.99,0.0,Normal,0,13.64,Quarterly,12,14,60
2024-07-03,STORE-01,SKU-505,LED Fairy String Lights,Seasonal overlay,North,0,25,0,23.8,12.99,0.0,Normal,0,13.64,Quarterly,12,14,60
2024-07-04,STORE-01,SKU-505,LED Fairy String Lights,Seasonal overlay,North,0,24,0,22.8,12.99,0.0,Normal,0,13.64,Quarterly,12,14,60
2024-07-05,STORE-01,SKU-505,LED Fairy String Lights,Seasonal overlay,North,0,23,0,21.8,12.99,0.0,Normal,0,13.64,Quarterly,12,14,60
2024-07-06,STORE-01,SKU-505,LED Fairy String Lights,Seasonal overlay,North,0,22,0,20.9,12.99,0.0,Normal,0,13.64,Quarterly,12,14,60
2024-07-07,STORE-01,SKU-505,LED Fairy String Lights,Seasonal overlay,North,0,25,0,23.8,12.99,0.0,Normal,0,13.64,Quarterly,12,14,60
2024-07-08,STORE-01,SKU-505,LED Fairy String Lights,Seasonal overlay,North,0,23,0,21.8,12.99,0.0,Normal,0,13.64,Quarterly,12,14,60
2024-07-09,STORE-01,SKU-505,LED Fairy String Lights,Seasonal overlay,North,0,24,0,22.8,12.99,0.0,Normal,0,13.64,Quarterly,12,14,60
2024-07-10,STORE-01,SKU-505,LED Fairy String Lights,Seasonal overlay,North,0,23,0,21.8,12.99,0.0,Normal,0,13.64,Quarterly,12,14,60
2024-07-11,STORE-01,SKU-505,LED Fairy String Lights,Seasonal overlay,North,0,21,0,20.0,12.99,0.0,Normal,0,13.64,Quarterly,12,14,60
2024-07-12,STORE-01,SKU-505,LED Fairy String Lights,Seasonal overlay,North,0,21,0,20.0,12.99,0.0,Normal,0,13.64,Quarterly,12,14,60
2024-07-13,STORE-01,SKU-505,LED Fairy String Lights,Seasonal overlay,North,0,0,0,0.0,12.99,0.0,Normal,0,13.64,Quarterly,12,14,60
2024-07-14,STORE-01,SKU-505,LED Fairy String Lights,Seasonal overlay,North,0,0,0,0.0,12.99,0.0,Normal,0,13.64,Quarterly,12,14,60
2024-07-15,STORE-01,SKU-505,LED Fairy String Lights,Seasonal overlay,North,0,18,0,17.1,12.99,0.0,Normal,0,13.64,Quarterly,12,14,60
2024-07-16,STORE-01,SKU-505,LED Fairy String Lights,Seasonal overlay,North,0,19,0,18.0,12.99,0.0,Normal,0,13.64,Quarterly,12,14,60
2024-07-17,STORE-01,SKU-505,LED Fairy String Lights,Seasonal overlay,North,0,18,0,17.1,12.99,0.0,Normal,0,13.64,Quarterly,12,14,60
2024-07-18,STORE-01,SKU-505,LED Fairy String Lights,Seasonal overlay,North,0,17,0,16.2,12.99,0.0,Normal,0,13.64,Quarterly,12,14,60
2024-07-19,STORE-01,SKU-505,LED Fairy String Lights,Seasonal overlay,North,0,17,0,16.2,12.99,0.0,Normal,0,13.64,Quarterly,12,14,60
2024-07-20,STORE-01,SKU-505,LED Fairy String Lights,Seasonal overlay,North,0,15,0,14.2,12.99,0.0,Normal,0,13.64,Quarterly,12,14,60
2024-07-21,STORE-01,SKU-505,LED Fairy String Lights,Seasonal overlay,North,0,15,0,14.2,12.99,0.0,Normal,0,13.64,Quarterly,12,14,60
2024-07-22,STORE-01,SKU-505,LED Fairy String Lights,Seasonal overlay,North,0,0,0,0.0,12.99,0.0,Normal,0,13.64,Quarterly,12,14,60
2024-07-23,STORE-01,SKU-505,LED Fairy String Lights,Seasonal overlay,North,0,14,0,13.3,12.99,0.0,Normal,0,13.64,Quarterly,12,14,60
2024-07-24,STORE-01,SKU-505,LED Fairy String Lights,Seasonal overlay,North,0,14,0,13.3,12.99,0.0,Normal,0,13.64,Quarterly,12,14,60
2024-07-25,STORE-01,SKU-505,LED Fairy String Lights,Seasonal overlay,North,0,12,0,11.4,12.99,0.0,Normal,0,13.64,Quarterly,12,14,60
2024-07-26,STORE-01,SKU-505,LED Fairy String Lights,Seasonal overlay,North,0,14,0,13.3,12.99,0.0,Normal,0,13.64,Quarterly,12,14,60
2024-07-27,STORE-01,SKU-505,LED Fairy String Lights,Seasonal overlay,North,0,12,0,11.4,12.99,0.0,Normal,0,13.64,Quarterly,12,14,60
2024-07-28,STORE-01,SKU-505,LED Fairy String Lights,Seasonal overlay,North,0,12,0,11.4,12.99,0.0,Normal,0,13.64,Quarterly,12,14,60
2024-07-29,STORE-01,SKU-505,LED Fairy String Lights,Seasonal overlay,North,0,10,0,9.5,12.99,0.0,Normal,0,13.64,Quarterly,12,14,60
2024-07-30,STORE-01,SKU-505,LED Fairy String Lights,Seasonal overlay,North,0,9,0,8.5,12.99,0.0,Normal,0,13.64,Quarterly,12,14,60
2024-07-31,STORE-01,SKU-505,LED Fairy String Lights,Seasonal overlay,North,0,10,0,9.5,12.99,0.0,Normal,0,13.64,Quarterly,12,14,60
2024-08-01,STORE-01,SKU-505,LED Fairy String Lights,Seasonal overlay,North,0,0,0,0.0,12.99,0.0,Normal,0,13.64,Quarterly,12,14,60
2024-08-02,STORE-01,SKU-505,LED Fairy String Lights,Seasonal overlay,North,0,8,0,7.6,12.99,0.0,Normal,0,13.64,Quarterly,12,14,60
2024-08-03,STORE-01,SKU-505,LED Fairy String Lights,Seasonal overlay,North,0,8,0,7.6,12.99,0.0,Normal,0,13.64,Quarterly,12,14,60
2024-08-04,STORE-01,SKU-505,LED Fairy String Lights,Seasonal overlay,North,0,6,0,5.7,12.99,0.0,Normal,0,13.64,Quarterly,12,14,60
2024-08-05,STORE-01,SKU-505,LED Fairy String Lights,Seasonal overlay,North,0,7,0,6.6,12.99,0.0,Normal,0,13.64,Quarterly,12,14,60
2024-08-06,STORE-01,SKU-505,LED Fairy String Lights,Seasonal overlay,North,0,6,0,5.7,12.99,0.0,Normal,0,13.64,Quarterly,12,14,60
2024-08-07,STORE-01,SKU-505,LED Fairy String Lights,Seasonal overlay,North,0,7,0,6.6,12.99,0.0,Normal,0,13.64,Quarterly,12,14,60
2024-08-08,STORE-01,SKU-505,LED Fairy String Lights,Seasonal overlay,North,0,6,0,5.7,12.99,0.0,Normal,0,13.64,Quarterly,12,14,60
2024-08-09,STORE-01,SKU-505,LED Fairy String Lights,Seasonal overlay,North,0,6,0,5.7,12.99,0.0,Normal,0,13.64,Quarterly,12,14,60
2024-08-10,STORE-01,SKU-505,LED Fairy String Lights,Seasonal overlay,North,0,5,0,4.8,12.99,0.0,Normal,0,13.64,Quarterly,12,14,60
2024-08-11,STORE-01,SKU-505,LED Fairy String Lights,Seasonal overlay,North,0,4,0,3.8,12.99,0.0,Normal,0,13.64,Quarterly,12,14,60
2024-08-12,STORE-01,SKU-505,LED Fairy String Lights,Seasonal overlay,North,0,6,0,5.7,12.99,0.0,Normal,0,13.64,Quarterly,12,14,60
2024-08-13,STORE-01,SKU-505,LED Fairy String Lights,Seasonal overlay,North,0,3,0,2.8,12.99,0.0,Normal,0,13.64,Quarterly,12,14,60
2024-08-14,STORE-01,SKU-505,LED Fairy String Lights,Seasonal overlay,North,0,3,0,2.8,12.99,0.0,Normal,0,13.64,Quarterly,12,14,60
2024-08-15,STORE-01,SKU-505,LED Fairy String Lights,Seasonal overlay,North,0,0,0,0.0,12.99,0.0,Normal,0,13.64,Quarterly,12,14,60
2024-08-16,STORE-01,SKU-505,LED Fairy String Lights,Seasonal overlay,North,0,5,0,4.8,12.99,0.0,Normal,0,13.64,Quarterly,12,14,60
2024-08-17,STORE-01,SKU-505,LED Fairy String Lights,Seasonal overlay,North,0,4,0,3.8,12.99,0.0,Normal,0,13.64,Quarterly,12,14,60
2024-08-18,STORE-01,SKU-505,LED Fairy String Lights,Seasonal overlay,North,0,5,0,4.8,12.99,0.0,Normal,0,13.64,Quarterly,12,14,60
2024-08-19,STORE-01,SKU-505,LED Fairy String Lights,Seasonal overlay,North,0,3,0,2.8,12.99,0.0,Normal,0,13.64,Quarterly,12,14,60
2024-08-20,STORE-01,SKU-505,LED Fairy String Lights,Seasonal overlay,North,0,4,0,3.8,12.99,0.0,Normal,0,13.64,Quarterly,12,14,60
2024-08-21,STORE-01,SKU-505,LED Fairy String Lights,Seasonal overlay,North,0,3,0,2.8,12.99,0.0,Normal,0,13.64,Quarterly,12,14,60
2024-08-22,STORE-01,SKU-505,LED Fairy String Lights,Seasonal overlay,North,0,6,0,5.7,12.99,0.0,Normal,0,13.64,Quarterly,12,14,60
2024-08-23,STORE-01,SKU-505,LED Fairy String Lights,Seasonal overlay,North,0,4,0,3.8,12.99,0.0,Normal,0,13.64,Quarterly,12,14,60
2024-08-24,STORE-01,SKU-505,LED Fairy String Lights,Seasonal overlay,North,0,5,0,4.8,12.99,0.0,Normal,0,13.64,Quarterly,12,14,60
2024-08-25,STORE-01,SKU-505,LED Fairy String Lights,Seasonal overlay,North,0,7,0,6.6,12.99,0.0,Normal,0,13.64,Quarterly,12,14,60
2024-08-26,STORE-01,SKU-505,LED Fairy String Lights,Seasonal overlay,North,0,7,0,6.6,12.99,0.0,Normal,0,13.64,Quarterly,12,14,60
2024-08-27,STORE-01,SKU-505,LED Fairy String Lights,Seasonal overlay,North,0,7,0,6.6,12.99,0.0,Normal,0,13.64,Quarterly,12,14,60
2024-08-28,STORE-01,SKU-505,LED Fairy String Lights,Seasonal overlay,North,0,8,0,7.6,12.99,0.0,Normal,0,13.64,Quarterly,12,14,60
2024-08-29,STORE-01,SKU-505,LED Fairy String Lights,Seasonal overlay,North,0,9,0,8.5,12.99,0.0,Normal,0,13.64,Quarterly,12,14,60
2024-08-30,STORE-01,SKU-505,LED Fairy String Lights,Seasonal overlay,North,0,9,0,8.5,12.99,0.0,Normal,0,13.64,Quarterly,12,14,60
2024-08-31,STORE-01,SKU-505,LED Fairy String Lights,Seasonal overlay,North,0,8,0,7.6,12.99,0.0,Normal,0,13.64,Quarterly,12,14,60
2024-09-01,STORE-01,SKU-505,LED Fairy String Lights,Seasonal overlay,North,0,0,0,0.0,12.99,0.0,Normal,0,13.64,Quarterly,12,14,60
2024-09-02,STORE-01,SKU-505,LED Fairy String Lights,Seasonal overlay,North,0,11,0,10.4,12.99,0.0,Normal,0,13.64,Quarterly,12,14,60
2024-09-03,STORE-01,SKU-505,LED Fairy String Lights,Seasonal overlay,North,0,12,0,11.4,12.99,0.0,Normal,0,13.64,Quarterly,12,14,60
2024-09-04,STORE-01,SKU-505,LED Fairy String Lights,Seasonal overlay,North,0,12,0,11.4,12.99,0.0,Normal,0,13.64,Quarterly,12,14,60
2024-09-05,STORE-01,SKU-505,LED Fairy String Lights,Seasonal overlay,North,0,0,0,0.0,12.99,0.0,Normal,0,13.64,Quarterly,12,14,60
2024-09-06,STORE-01,SKU-505,LED Fairy String Lights,Seasonal overlay,North,0,14,0,13.3,12.99,0.0,Normal,0,13.64,Quarterly,12,14,60
2024-09-07,STORE-01,SKU-505,LED Fairy String Lights,Seasonal overlay,North,0,14,0,13.3,12.99,0.0,Normal,0,13.64,Quarterly,12,14,60
2024-09-08,STORE-01,SKU-505,LED Fairy String Lights,Seasonal overlay,North,0,14,0,13.3,12.99,0.0,Normal,0,13.64,Quarterly,12,14,60
2024-09-09,STORE-01,SKU-505,LED Fairy String Lights,Seasonal overlay,North,0,15,0,14.2,12.99,0.0,Normal,0,13.64,Quarterly,12,14,60
2024-09-10,STORE-01,SKU-505,LED Fairy String Lights,Seasonal overlay,North,0,16,0,15.2,12.99,0.0,Normal,0,13.64,Quarterly,12,14,60
2024-09-11,STORE-01,SKU-505,LED Fairy String Lights,Seasonal overlay,North,0,17,0,16.2,12.99,0.0,Normal,0,13.64,Quarterly,12,14,60
2024-09-12,STORE-01,SKU-505,LED Fairy String Lights,Seasonal overlay,North,0,16,0,15.2,12.99,0.0,Normal,0,13.64,Quarterly,12,14,60
2024-09-13,STORE-01,SKU-505,LED Fairy String Lights,Seasonal overlay,North,0,17,0,16.2,12.99,0.0,Normal,0,13.64,Quarterly,12,14,60
2024-09-14,STORE-01,SKU-505,LED Fairy String Lights,Seasonal overlay,North,0,18,0,17.1,12.99,0.0,Normal,0,13.64,Quarterly,12,14,60
2024-09-15,STORE-01,SKU-505,LED Fairy String Lights,Seasonal overlay,North,0,21,0,20.0,12.99,0.0,Normal,0,13.64,Quarterly,12,14,60
2024-09-16,STORE-01,SKU-505,LED Fairy String Lights,Seasonal overlay,North,0,21,0,20.0,12.99,0.0,Normal,0,13.64,Quarterly,12,14,60
2024-09-17,STORE-01,SKU-505,LED Fairy String Lights,Seasonal overlay,North,0,19,0,18.0,12.99,0.0,Normal,0,13.64,Quarterly,12,14,60
2024-09-18,STORE-01,SKU-505,LED Fairy String Lights,Seasonal overlay,North,0,22,0,20.9,12.99,0.0,Normal,0,13.64,Quarterly,12,14,60
2024-09-19,STORE-01,SKU-505,LED Fairy String Lights,Seasonal overlay,North,0,22,0,20.9,12.99,0.0,Normal,0,13.64,Quarterly,12,14,60
2024-09-20,STORE-01,SKU-505,LED Fairy String Lights,Seasonal overlay,North,0,21,0,20.0,12.99,0.0,Normal,0,13.64,Quarterly,12,14,60
2024-09-21,STORE-01,SKU-505,LED Fairy String Lights,Seasonal overlay,North,0,20,0,19.0,12.99,0.0,Normal,0,13.64,Quarterly,12,14,60
2024-09-22,STORE-01,SKU-505,LED Fairy String Lights,Seasonal overlay,North,0,23,0,21.8,12.99,0.0,Normal,0,13.64,Quarterly,12,14,60
2024-09-23,STORE-01,SKU-505,LED Fairy String Lights,Seasonal overlay,North,0,0,0,0.0,12.99,0.0,Normal,0,13.64,Quarterly,12,14,60
2024-09-24,STORE-01,SKU-505,LED Fairy String Lights,Seasonal overlay,North,0,24,0,22.8,12.99,0.0,Normal,0,13.64,Quarterly,12,14,60
2024-09-25,STORE-01,SKU-505,LED Fairy String Lights,Seasonal overlay,North,0,23,0,21.8,12.99,0.0,Normal,0,13.64,Quarterly,12,14,60
2024-09-26,STORE-01,SKU-505,LED Fairy String Lights,Seasonal overlay,North,0,25,0,23.8,12.99,0.0,Normal,0,13.64,Quarterly,12,14,60
2024-09-27,STORE-01,SKU-505,LED Fairy String Lights,Seasonal overlay,North,0,0,0,0.0,12.99,0.0,Normal,0,13.64,Quarterly,12,14,60
2024-09-28,STORE-01,SKU-505,LED Fairy String Lights,Seasonal overlay,North,0,24,0,22.8,12.99,0.0,Normal,0,13.64,Quarterly,12,14,60
2024-09-29,STORE-01,SKU-505,LED Fairy String Lights,Seasonal overlay,North,0,24,0,22.8,12.99,0.0,Normal,0,13.64,Quarterly,12,14,60
2024-09-30,STORE-01,SKU-505,LED Fairy String Lights,Seasonal overlay,North,0,25,0,23.8,12.99,0.0,Normal,0,13.64,Quarterly,12,14,60
2024-10-01,STORE-01,SKU-505,LED Fairy String Lights,Seasonal overlay,North,0,25,0,23.8,12.99,0.0,Normal,0,13.64,Quarterly,12,14,60
2024-10-02,STORE-01,SKU-505,LED Fairy String Lights,Seasonal overlay,North,0,25,0,23.8,12.99,0.0,Normal,0,13.64,Quarterly,12,14,60
2024-10-03,STORE-01,SKU-505,LED Fairy String Lights,Seasonal overlay,North,0,23,0,21.8,12.99,0.0,Normal,0,13.64,Quarterly,12,14,60
2024-10-04,STORE-01,SKU-505,LED Fairy String Lights,Seasonal overlay,North,0,24,0,22.8,12.99,0.0,Normal,0,13.64,Quarterly,12,14,60
2024-10-05,STORE-01,SKU-505,LED Fairy String Lights,Seasonal overlay,North,0,24,0,22.8,12.99,0.0,Normal,0,13.64,Quarterly,12,14,60
2024-10-06,STORE-01,SKU-505,LED Fairy String Lights,Seasonal overlay,North,0,22,0,20.9,12.99,0.0,Normal,0,13.64,Quarterly,12,14,60
2024-10-07,STORE-01,SKU-505,LED Fairy String Lights,Seasonal overlay,North,0,21,0,20.0,12.99,0.0,Normal,0,13.64,Quarterly,12,14,60
2024-10-08,STORE-01,SKU-505,LED Fairy String Lights,Seasonal overlay,North,0,23,0,21.8,12.99,0.0,Normal,0,13.64,Quarterly,12,14,60
2024-10-09,STORE-01,SKU-505,LED Fairy String Lights,Seasonal overlay,North,0,22,0,20.9,12.99,0.0,Normal,0,13.64,Quarterly,12,14,60
2024-10-10,STORE-01,SKU-505,LED Fairy String Lights,Seasonal overlay,North,0,21,0,20.0,12.99,0.0,Normal,0,13.64,Quarterly,12,14,60
2024-10-11,STORE-01,SKU-505,LED Fairy String Lights,Seasonal overlay,North,0,21,0,20.0,12.99,0.0,Normal,0,13.64,Quarterly,12,14,60
2024-10-12,STORE-01,SKU-505,LED Fairy String Lights,Seasonal overlay,North,0,21,0,20.0,12.99,0.0,Normal,0,13.64,Quarterly,12,14,60
2024-10-13,STORE-01,SKU-505,LED Fairy String Lights,Seasonal overlay,North,0,20,0,19.0,12.99,0.0,Normal,0,13.64,Quarterly,12,14,60
2024-10-14,STORE-01,SKU-505,LED Fairy String Lights,Seasonal overlay,North,0,18,0,17.1,12.99,0.0,Normal,0,13.64,Quarterly,12,14,60
2024-10-15,STORE-01,SKU-505,LED Fairy String Lights,Seasonal overlay,North,0,20,0,19.0,12.99,0.0,Normal,0,13.64,Quarterly,12,14,60
2024-10-16,STORE-01,SKU-505,LED Fairy String Lights,Seasonal overlay,North,0,19,0,18.0,12.99,0.0,Normal,0,13.64,Quarterly,12,14,60
2024-10-17,STORE-01,SKU-505,LED Fairy String Lights,Seasonal overlay,North,0,17,0,16.2,12.99,0.0,Normal,0,13.64,Quarterly,12,14,60
2024-10-18,STORE-01,SKU-505,LED Fairy String Lights,Seasonal overlay,North,0,17,0,16.2,12.99,0.0,Normal,0,13.64,Quarterly,12,14,60
2024-10-19,STORE-01,SKU-505,LED Fairy String Lights,Seasonal overlay,North,0,17,0,16.2,12.99,0.0,Normal,0,13.64,Quarterly,12,14,60
2024-10-20,STORE-01,SKU-505,LED Fairy String Lights,Seasonal overlay,North,0,15,0,14.2,12.99,0.0,Normal,0,13.64,Quarterly,12,14,60
2024-10-21,STORE-01,SKU-505,LED Fairy String Lights,Seasonal overlay,North,0,15,0,14.2,12.99,0.0,Normal,0,13.64,Quarterly,12,14,60
2024-10-22,STORE-01,SKU-505,LED Fairy String Lights,Seasonal overlay,North,0,13,0,12.4,12.99,0.0,Normal,0,13.64,Quarterly,12,14,60
2024-10-23,STORE-01,SKU-505,LED Fairy String Lights,Seasonal overlay,North,0,14,0,13.3,12.99,0.0,Normal,0,13.64,Quarterly,12,14,60
2024-10-24,STORE-01,SKU-505,LED Fairy String Lights,Seasonal overlay,North,0,12,0,11.4,12.99,0.0,Normal,0,13.64,Quarterly,12,14,60
2024-10-25,STORE-01,SKU-505,LED Fairy String Lights,Seasonal overlay,North,0,11,0,10.4,12.99,0.0,Normal,0,13.64,Quarterly,12,14,60
2024-10-26,STORE-01,SKU-505,LED Fairy String Lights,Seasonal overlay,North,0,13,0,12.4,12.99,0.0,Normal,0,13.64,Quarterly,12,14,60
2024-10-27,STORE-01,SKU-505,LED Fairy String Lights,Seasonal overlay,North,0,11,0,10.4,12.99,0.0,Normal,0,13.64,Quarterly,12,14,60
2024-10-28,STORE-01,SKU-505,LED Fairy String Lights,Seasonal overlay,North,0,0,0,0.0,12.99,0.0,Normal,0,13.64,Quarterly,12,14,60
2024-10-29,STORE-01,SKU-505,LED Fairy String Lights,Seasonal overlay,North,0,8,0,7.6,12.99,0.0,Normal,0,13.64,Quarterly,12,14,60
2024-10-30,STORE-01,SKU-505,LED Fairy String Lights,Seasonal overlay,North,0,9,0,8.5,12.99,0.0,Normal,0,13.64,Quarterly,12,14,60
2024-10-31,STORE-01,SKU-505,LED Fairy String Lights,Seasonal overlay,North,0,9,0,8.5,12.99,0.0,Normal,0,13.64,Quarterly,12,14,60
2024-11-01,STORE-01,SKU-505,LED Fairy String Lights,Seasonal overlay,North,0,0,0,0.0,12.99,0.0,Normal,0,13.64,Quarterly,12,14,60
2024-11-02,STORE-01,SKU-505,LED Fairy String Lights,Seasonal overlay,North,0,6,0,5.7,12.99,0.0,Normal,0,13.64,Quarterly,12,14,60
2024-11-03,STORE-01,SKU-505,LED Fairy String Lights,Seasonal overlay,North,0,7,0,6.6,12.99,0.0,Normal,0,13.64,Quarterly,12,14,60
2024-11-04,STORE-01,SKU-505,LED Fairy String Lights,Seasonal overlay,North,0,7,0,6.6,12.99,0.0,Normal,0,13.64,Quarterly,12,14,60
2024-11-05,STORE-01,SKU-505,LED Fairy String Lights,Seasonal overlay,North,0,7,0,6.6,12.99,0.0,Normal,0,13.64,Quarterly,12,14,60
2024-11-06,STORE-01,SKU-505,LED Fairy String Lights,Seasonal overlay,North,0,5,0,4.8,12.99,0.0,Normal,0,13.64,Quarterly,12,14,60
2024-11-07,STORE-01,SKU-505,LED Fairy String Lights,Seasonal overlay,North,0,3,0,2.8,12.99,0.0,Normal,0,13.64,Quarterly,12,14,60
2024-11-08,STORE-01,SKU-505,LED Fairy String Lights,Seasonal overlay,North,0,4,0,3.8,12.99,0.0,Normal,0,13.64,Quarterly,12,14,60
2024-11-09,STORE-01,SKU-505,LED Fairy String Lights,Seasonal overlay,North,0,4,0,3.8,12.99,0.0,Normal,0,13.64,Quarterly,12,14,60
2024-11-10,STORE-01,SKU-505,LED Fairy String Lights,Seasonal overlay,North,0,5,0,4.8,12.99,0.0,Normal,0,13.64,Quarterly,12,14,60
2024-11-11,STORE-01,SKU-505,LED Fairy String Lights,Seasonal overlay,North,0,2,0,1.9,12.99,0.0,Normal,0,13.64,Quarterly,12,14,60
2024-11-12,STORE-01,SKU-505,LED Fairy String Lights,Seasonal overlay,North,0,4,0,3.8,12.99,0.0,Normal,0,13.64,Quarterly,12,14,60
2024-11-13,STORE-01,SKU-505,LED Fairy String Lights,Seasonal overlay,North,0,5,0,4.8,12.99,0.0,Normal,0,13.64,Quarterly,12,14,60
2024-11-14,STORE-01,SKU-505,LED Fairy String Lights,Seasonal overlay,North,0,4,0,3.8,12.99,0.0,Normal,0,13.64,Quarterly,12,14,60
2024-11-15,STORE-01,SKU-505,LED Fairy String Lights,Seasonal overlay,North,0,5,0,4.8,12.99,0.0,Normal,0,13.64,Quarterly,12,14,60
2024-11-16,STORE-01,SKU-505,LED Fairy String Lights,Seasonal overlay,North,0,3,0,2.8,12.99,0.0,Normal,0,13.64,Quarterly,12,14,60
2024-11-17,STORE-01,SKU-505,LED Fairy String Lights,Seasonal overlay,North,0,3,0,2.8,12.99,0.0,Normal,0,13.64,Quarterly,12,14,60
2024-11-18,STORE-01,SKU-505,LED Fairy String Lights,Seasonal overlay,North,0,5,0,4.8,12.99,0.0,Normal,0,13.64,Quarterly,12,14,60
2024-11-19,STORE-01,SKU-505,LED Fairy String Lights,Seasonal overlay,North,0,0,0,0.0,12.99,0.0,Normal,0,13.64,Quarterly,12,14,60
2024-11-20,STORE-01,SKU-505,LED Fairy String Lights,Seasonal overlay,North,0,5,0,4.8,12.99,0.0,Normal,0,13.64,Quarterly,12,14,60
2024-11-21,STORE-01,SKU-505,LED Fairy String Lights,Seasonal overlay,North,0,4,0,3.8,12.99,0.0,Normal,0,13.64,Quarterly,12,14,60
2024-11-22,STORE-01,SKU-505,LED Fairy String Lights,Seasonal overlay,North,0,5,0,4.8,12.99,0.0,Normal,0,13.64,Quarterly,12,14,60
2024-11-23,STORE-01,SKU-505,LED Fairy String Lights,Seasonal overlay,North,0,5,0,4.8,12.99,0.0,Normal,0,13.64,Quarterly,12,14,60
2024-11-24,STORE-01,SKU-505,LED Fairy String Lights,Seasonal overlay,North,0,0,0,0.0,12.99,0.0,Normal,0,13.64,Quarterly,12,14,60
2024-11-25,STORE-01,SKU-505,LED Fairy String Lights,Seasonal overlay,North,0,9,0,8.5,12.99,0.0,Normal,0,13.64,Quarterly,12,14,60
2024-11-26,STORE-01,SKU-505,LED Fairy String Lights,Seasonal overlay,North,0,8,0,7.6,12.99,0.0,Normal,0,13.64,Quarterly,12,14,60
2024-11-27,STORE-01,SKU-505,LED Fairy String Lights,Seasonal overlay,North,0,7,0,6.6,12.99,0.0,Normal,0,13.64,Quarterly,12,14,60
2024-11-28,STORE-01,SKU-505,LED Fairy String Lights,Seasonal overlay,North,0,6,0,5.7,12.99,0.0,Normal,0,13.64,Quarterly,12,14,60
2024-11-29,STORE-01,SKU-505,LED Fairy String Lights,Seasonal overlay,North,0,7,0,6.6,12.99,0.0,Normal,0,13.64,Quarterly,12,14,60
2024-11-30,STORE-01,SKU-505,LED Fairy String Lights,Seasonal overlay,North,0,11,0,10.4,12.99,0.0,Normal,0,13.64,Quarterly,12,14,60
2024-12-01,STORE-01,SKU-505,LED Fairy String Lights,Seasonal overlay,North,0,9,0,8.5,12.99,0.0,Normal,0,13.64,Quarterly,12,14,60
2024-12-02,STORE-01,SKU-505,LED Fairy String Lights,Seasonal overlay,North,0,10,0,9.5,12.99,0.0,Normal,0,13.64,Quarterly,12,14,60
2024-12-03,STORE-01,SKU-505,LED Fairy String Lights,Seasonal overlay,North,0,12,0,11.4,12.99,0.0,Normal,0,13.64,Quarterly,12,14,60
2024-12-04,STORE-01,SKU-505,LED Fairy String Lights,Seasonal overlay,North,0,13,0,12.4,12.99,0.0,Normal,0,13.64,Quarterly,12,14,60
2024-12-05,STORE-01,SKU-505,LED Fairy String Lights,Seasonal overlay,North,0,12,0,11.4,12.99,0.0,Normal,0,13.64,Quarterly,12,14,60
2024-12-06,STORE-01,SKU-505,LED Fairy String Lights,Seasonal overlay,North,0,13,0,12.4,12.99,0.0,Normal,0,13.64,Quarterly,12,14,60
2024-12-07,STORE-01,SKU-505,LED Fairy String Lights,Seasonal overlay,North,0,14,0,13.3,12.99,0.0,Normal,0,13.64,Quarterly,12,14,60
2024-12-08,STORE-01,SKU-505,LED Fairy String Lights,Seasonal overlay,North,0,0,0,0.0,12.99,0.0,Normal,0,13.64,Quarterly,12,14,60
2024-12-09,STORE-01,SKU-505,LED Fairy String Lights,Seasonal overlay,North,0,0,0,0.0,12.99,0.0,Normal,0,13.64,Quarterly,12,14,60
2024-12-10,STORE-01,SKU-505,LED Fairy String Lights,Seasonal overlay,North,0,16,0,15.2,12.99,0.0,Normal,0,13.64,Quarterly,12,14,60
2024-12-11,STORE-01,SKU-505,LED Fairy String Lights,Seasonal overlay,North,0,17,0,16.2,12.99,0.0,Normal,0,13.64,Quarterly,12,14,60
2024-12-12,STORE-01,SKU-505,LED Fairy String Lights,Seasonal overlay,North,0,19,0,18.0,12.99,0.0,Normal,0,13.64,Quarterly,12,14,60
2024-12-13,STORE-01,SKU-505,LED Fairy String Lights,Seasonal overlay,North,0,18,0,17.1,12.99,0.0,Normal,0,13.64,Quarterly,12,14,60
2024-12-14,STORE-01,SKU-505,LED Fairy String Lights,Seasonal overlay,North,0,20,0,19.0,12.99,0.0,Normal,0,13.64,Quarterly,12,14,60
2024-12-15,STORE-01,SKU-505,LED Fairy String Lights,Seasonal overlay,North,0,18,0,17.1,12.99,0.0,Normal,0,13.64,Quarterly,12,14,60
2024-12-16,STORE-01,SKU-505,LED Fairy String Lights,Seasonal overlay,North,0,20,0,19.0,12.99,0.0,Normal,0,13.64,Quarterly,12,14,60
2024-12-17,STORE-01,SKU-505,LED Fairy String Lights,Seasonal overlay,North,0,20,0,19.0,12.99,0.0,Normal,0,13.64,Quarterly,12,14,60
2024-12-18,STORE-01,SKU-505,LED Fairy String Lights,Seasonal overlay,North,0,21,0,20.0,12.99,0.0,Normal,0,13.64,Quarterly,12,14,60
2024-12-19,STORE-01,SKU-505,LED Fairy String Lights,Seasonal overlay,North,0,22,0,20.9,12.99,0.0,Normal,0,13.64,Quarterly,12,14,60
2024-12-20,STORE-01,SKU-505,LED Fairy String Lights,Seasonal overlay,North,0,22,0,20.9,12.99,0.0,Normal,0,13.64,Quarterly,12,14,60
2024-12-21,STORE-01,SKU-505,LED Fairy String Lights,Seasonal overlay,North,0,24,0,22.8,12.99,0.0,Normal,0,13.64,Quarterly,12,14,60
2024-12-22,STORE-01,SKU-505,LED Fairy String Lights,Seasonal overlay,North,0,24,0,22.8,12.99,0.0,Normal,0,13.64,Quarterly,12,14,60
2024-12-23,STORE-01,SKU-505,LED Fairy String Lights,Seasonal overlay,North,0,24,0,22.8,12.99,0.0,Normal,0,13.64,Quarterly,12,14,60
2024-12-24,STORE-01,SKU-505,LED Fairy String Lights,Seasonal overlay,North,0,24,0,22.8,12.99,0.0,Normal,0,13.64,Quarterly,12,14,60
2024-12-25,STORE-01,SKU-505,LED Fairy String Lights,Seasonal overlay,North,0,0,0,0.0,12.99,0.0,Normal,0,13.64,Quarterly,12,14,60
2024-12-26,STORE-01,SKU-505,LED Fairy String Lights,Seasonal overlay,North,0,23,0,21.8,12.99,0.0,Normal,0,13.64,Quarterly,12,14,60
2024-12-27,STORE-01,SKU-505,LED Fairy String Lights,Seasonal overlay,North,0,25,0,23.8,12.99,0.0,Normal,0,13.64,Quarterly,12,14,60
2024-12-28,STORE-01,SKU-505,LED Fairy String Lights,Seasonal overlay,North,0,23,0,21.8,12.99,0.0,Normal,0,13.64,Quarterly,12,14,60
2024-12-29,STORE-01,SKU-505,LED Fairy String Lights,Seasonal overlay,North,0,24,0,22.8,12.99,0.0,Normal,0,13.64,Quarterly,12,14,60
2024-12-30,STORE-01,SKU-505,LED Fairy String Lights,Seasonal overlay,North,0,24,0,22.8,12.99,0.0,Normal,0,13.64,Quarterly,12,14,60
2024-12-31,STORE-01,SKU-505,LED Fairy String Lights,Seasonal overlay,North,0,25,0,23.8,12.99,0.0,Normal,0,13.64,Quarterly,12,14,60
2025-01-01,STORE-01,SKU-505,LED Fairy String Lights,Seasonal overlay,North,0,23,0,21.8,12.99,0.0,Normal,0,13.64,Quarterly,12,14,60
2025-01-02,STORE-01,SKU-505,LED Fairy String Lights,Seasonal overlay,North,0,23,0,21.8,12.99,0.0,Normal,0,13.64,Quarterly,12,14,60
2025-01-03,STORE-01,SKU-505,LED Fairy String Lights,Seasonal overlay,North,0,24,0,22.8,12.99,0.0,Normal,0,13.64,Quarterly,12,14,60
2025-01-04,STORE-01,SKU-505,LED Fairy String Lights,Seasonal overlay,North,0,23,0,21.8,12.99,0.0,Normal,0,13.64,Quarterly,12,14,60
2025-01-05,STORE-01,SKU-505,LED Fairy String Lights,Seasonal overlay,North,0,24,0,22.8,12.99,0.0,Normal,0,13.64,Quarterly,12,14,60
2025-01-06,STORE-01,SKU-505,LED Fairy String Lights,Seasonal overlay,North,0,26,0,24.7,12.99,0.0,Normal,0,13.64,Quarterly,12,14,60
2025-01-07,STORE-01,SKU-505,LED Fairy String Lights,Seasonal overlay,North,0,23,0,21.8,12.99,0.0,Normal,0,13.64,Quarterly,12,14,60
2025-01-08,STORE-01,SKU-505,LED Fairy String Lights,Seasonal overlay,North,0,21,0,20.0,12.99,0.0,Normal,0,13.64,Quarterly,12,14,60
2025-01-09,STORE-01,SKU-505,LED Fairy String Lights,Seasonal overlay,North,0,21,0,20.0,12.99,0.0,Normal,0,13.64,Quarterly,12,14,60
2025-01-10,STORE-01,SKU-505,LED Fairy String Lights,Seasonal overlay,North,0,21,0,20.0,12.99,0.0,Normal,0,13.64,Quarterly,12,14,60
2025-01-11,STORE-01,SKU-505,LED Fairy String Lights,Seasonal overlay,North,0,20,0,19.0,12.99,0.0,Normal,0,13.64,Quarterly,12,14,60
2025-01-12,STORE-01,SKU-505,LED Fairy String Lights,Seasonal overlay,North,0,20,0,19.0,12.99,0.0,Normal,0,13.64,Quarterly,12,14,60
2025-01-13,STORE-01,SKU-505,LED Fairy String Lights,Seasonal overlay,North,0,20,0,19.0,12.99,0.0,Normal,0,13.64,Quarterly,12,14,60
2025-01-14,STORE-01,SKU-505,LED Fairy String Lights,Seasonal overlay,North,0,19,0,18.0,12.99,0.0,Normal,0,13.64,Quarterly,12,14,60
2025-01-15,STORE-01,SKU-505,LED Fairy String Lights,Seasonal overlay,North,0,20,0,19.0,12.99,0.0,Normal,0,13.64,Quarterly,12,14,60
2025-01-16,STORE-01,SKU-505,LED Fairy String Lights,Seasonal overlay,North,0,0,0,0.0,12.99,0.0,Normal,0,13.64,Quarterly,12,14,60
2025-01-17,STORE-01,SKU-505,LED Fairy String Lights,Seasonal overlay,North,0,17,0,16.2,12.99,0.0,Normal,0,13.64,Quarterly,12,14,60
2025-01-18,STORE-01,SKU-505,LED Fairy String Lights,Seasonal overlay,North,0,17,0,16.2,12.99,0.0,Normal,0,13.64,Quarterly,12,14,60
2025-01-19,STORE-01,SKU-505,LED Fairy String Lights,Seasonal overlay,North,0,16,0,15.2,12.99,0.0,Normal,0,13.64,Quarterly,12,14,60
2025-01-20,STORE-01,SKU-505,LED Fairy String Lights,Seasonal overlay,North,0,16,0,15.2,12.99,0.0,Normal,0,13.64,Quarterly,12,14,60
2025-01-21,STORE-01,SKU-505,LED Fairy String Lights,Seasonal overlay,North,0,15,0,14.2,12.99,0.0,Normal,0,13.64,Quarterly,12,14,60
2025-01-22,STORE-01,SKU-505,LED Fairy String Lights,Seasonal overlay,North,0,14,0,13.3,12.99,0.0,Normal,0,13.64,Quarterly,12,14,60
2025-01-23,STORE-01,SKU-505,LED Fairy String Lights,Seasonal overlay,North,0,12,0,11.4,12.99,0.0,Normal,0,13.64,Quarterly,12,14,60
2025-01-24,STORE-01,SKU-505,LED Fairy String Lights,Seasonal overlay,North,0,13,0,12.4,12.99,0.0,Normal,0,13.64,Quarterly,12,14,60
2025-01-25,STORE-01,SKU-505,LED Fairy String Lights,Seasonal overlay,North,0,0,0,0.0,12.99,0.0,Normal,0,13.64,Quarterly,12,14,60
2025-01-26,STORE-01,SKU-505,LED Fairy String Lights,Seasonal overlay,North,0,12,0,11.4,12.99,0.0,Normal,0,13.64,Quarterly,12,14,60
2025-01-27,STORE-01,SKU-505,LED Fairy String Lights,Seasonal overlay,North,0,9,0,8.5,12.99,0.0,Normal,0,13.64,Quarterly,12,14,60
2025-01-28,STORE-01,SKU-505,LED Fairy String Lights,Seasonal overlay,North,0,9,0,8.5,12.99,0.0,Normal,0,13.64,Quarterly,12,14,60
2025-01-29,STORE-01,SKU-505,LED Fairy String Lights,Seasonal overlay,North,0,10,0,9.5,12.99,0.0,Normal,0,13.64,Quarterly,12,14,60
2025-01-30,STORE-01,SKU-505,LED Fairy String Lights,Seasonal overlay,North,0,6,0,5.7,12.99,0.0,Normal,0,13.64,Quarterly,12,14,60
2025-01-31,STORE-01,SKU-505,LED Fairy String Lights,Seasonal overlay,North,0,8,0,7.6,12.99,0.0,Normal,0,13.64,Quarterly,12,14,60
2025-02-01,STORE-01,SKU-505,LED Fairy String Lights,Seasonal overlay,North,0,8,0,7.6,12.99,0.0,Normal,0,13.64,Quarterly,12,14,60
2025-02-02,STORE-01,SKU-505,LED Fairy String Lights,Seasonal overlay,North,0,6,0,5.7,12.99,0.0,Normal,0,13.64,Quarterly,12,14,60
2025-02-03,STORE-01,SKU-505,LED Fairy String Lights,Seasonal overlay,North,0,6,0,5.7,12.99,0.0,Normal,0,13.64,Quarterly,12,14,60
2025-02-04,STORE-01,SKU-505,LED Fairy String Lights,Seasonal overlay,North,0,5,0,4.8,12.99,0.0,Normal,0,13.64,Quarterly,12,14,60
2025-02-05,STORE-01,SKU-505,LED Fairy String Lights,Seasonal overlay,North,0,5,0,4.8,12.99,0.0,Normal,0,13.64,Quarterly,12,14,60
2025-02-06,STORE-01,SKU-505,LED Fairy String Lights,Seasonal overlay,North,0,5,0,4.8,12.99,0.0,Normal,0,13.64,Quarterly,12,14,60
2025-02-07,STORE-01,SKU-505,LED Fairy String Lights,Seasonal overlay,North,0,4,0,3.8,12.99,0.0,Normal,0,13.64,Quarterly,12,14,60
2025-02-08,STORE-01,SKU-505,LED Fairy String Lights,Seasonal overlay,North,0,4,0,3.8,12.99,0.0,Normal,0,13.64,Quarterly,12,14,60
2025-02-09,STORE-01,SKU-505,LED Fairy String Lights,Seasonal overlay,North,0,4,0,3.8,12.99,0.0,Normal,0,13.64,Quarterly,12,14,60
2025-02-10,STORE-01,SKU-505,LED Fairy String Lights,Seasonal overlay,North,0,4,0,3.8,12.99,0.0,Normal,0,13.64,Quarterly,12,14,60
2025-02-11,STORE-01,SKU-505,LED Fairy String Lights,Seasonal overlay,North,0,6,0,5.7,12.99,0.0,Normal,0,13.64,Quarterly,12,14,60
2025-02-12,STORE-01,SKU-505,LED Fairy String Lights,Seasonal overlay,North,0,4,0,3.8,12.99,0.0,Normal,0,13.64,Quarterly,12,14,60
2025-02-13,STORE-01,SKU-505,LED Fairy String Lights,Seasonal overlay,North,0,4,0,3.8,12.99,0.0,Normal,0,13.64,Quarterly,12,14,60
2025-02-14,STORE-01,SKU-505,LED Fairy String Lights,Seasonal overlay,North,0,4,0,3.8,12.99,0.0,Normal,0,13.64,Quarterly,12,14,60
2025-02-15,STORE-01,SKU-505,LED Fairy String Lights,Seasonal overlay,North,0,4,0,3.8,12.99,0.0,Normal,0,13.64,Quarterly,12,14,60
2025-02-16,STORE-01,SKU-505,LED Fairy String Lights,Seasonal overlay,North,0,3,0,2.8,12.99,0.0,Normal,0,13.64,Quarterly,12,14,60
2025-02-17,STORE-01,SKU-505,LED Fairy String Lights,Seasonal overlay,North,0,3,0,2.8,12.99,0.0,Normal,0,13.64,Quarterly,12,14,60
2025-02-18,STORE-01,SKU-505,LED Fairy String Lights,Seasonal overlay,North,0,4,0,3.8,12.99,0.0,Normal,0,13.64,Quarterly,12,14,60
2025-02-19,STORE-01,SKU-505,LED Fairy String Lights,Seasonal overlay,North,0,5,0,4.8,12.99,0.0,Normal,0,13.64,Quarterly,12,14,60
2025-02-20,STORE-01,SKU-505,LED Fairy String Lights,Seasonal overlay,North,0,6,0,5.7,12.99,0.0,Normal,0,13.64,Quarterly,12,14,60
2025-02-21,STORE-01,SKU-505,LED Fairy String Lights,Seasonal overlay,North,0,4,0,3.8,12.99,0.0,Normal,0,13.64,Quarterly,12,14,60
2025-02-22,STORE-01,SKU-505,LED Fairy String Lights,Seasonal overlay,North,0,0,0,0.0,12.99,0.0,Normal,0,13.64,Quarterly,12,14,60
2025-02-23,STORE-01,SKU-505,LED Fairy String Lights,Seasonal overlay,North,0,5,0,4.8,12.99,0.0,Normal,0,13.64,Quarterly,12,14,60
2025-02-24,STORE-01,SKU-505,LED Fairy String Lights,Seasonal overlay,North,0,6,0,5.7,12.99,0.0,Normal,0,13.64,Quarterly,12,14,60
2025-02-25,STORE-01,SKU-505,LED Fairy String Lights,Seasonal overlay,North,0,8,0,7.6,12.99,0.0,Normal,0,13.64,Quarterly,12,14,60
2025-02-26,STORE-01,SKU-505,LED Fairy String Lights,Seasonal overlay,North,0,7,0,6.6,12.99,0.0,Normal,0,13.64,Quarterly,12,14,60
2025-02-27,STORE-01,SKU-505,LED Fairy String Lights,Seasonal overlay,North,0,8,0,7.6,12.99,0.0,Normal,0,13.64,Quarterly,12,14,60
2025-02-28,STORE-01,SKU-505,LED Fairy String Lights,Seasonal overlay,North,0,10,0,9.5,12.99,0.0,Normal,0,13.64,Quarterly,12,14,60
2025-03-01,STORE-01,SKU-505,LED Fairy String Lights,Seasonal overlay,North,0,10,0,9.5,12.99,0.0,Normal,0,13.64,Quarterly,12,14,60
2025-03-02,STORE-01,SKU-505,LED Fairy String Lights,Seasonal overlay,North,0,9,0,8.5,12.99,0.0,Normal,0,13.64,Quarterly,12,14,60
2025-03-03,STORE-01,SKU-505,LED Fairy String Lights,Seasonal overlay,North,0,11,0,10.4,12.99,0.0,Normal,0,13.64,Quarterly,12,14,60
2025-03-04,STORE-01,SKU-505,LED Fairy String Lights,Seasonal overlay,North,0,0,0,0.0,12.99,0.0,Normal,0,13.64,Quarterly,12,14,60
2025-03-05,STORE-01,SKU-505,LED Fairy String Lights,Seasonal overlay,North,0,0,0,0.0,12.99,0.0,Normal,0,13.64,Quarterly,12,14,60
2025-03-06,STORE-01,SKU-505,LED Fairy String Lights,Seasonal overlay,North,0,13,0,12.4,12.99,0.0,Normal,0,13.64,Quarterly,12,14,60
2025-03-07,STORE-01,SKU-505,LED Fairy String Lights,Seasonal overlay,North,0,12,0,11.4,12.99,0.0,Normal,0,13.64,Quarterly,12,14,60
2025-03-08,STORE-01,SKU-505,LED Fairy String Lights,Seasonal overlay,North,0,14,0,13.3,12.99,0.0,Normal,0,13.64,Quarterly,12,14,60
2025-03-09,STORE-01,SKU-505,LED Fairy String Lights,Seasonal overlay,North,0,15,0,14.2,12.99,0.0,Normal,0,13.64,Quarterly,12,14,60
2025-03-10,STORE-01,SKU-505,LED Fairy String Lights,Seasonal overlay,North,0,0,0,0.0,12.99,0.0,Normal,0,13.64,Quarterly,12,14,60
2025-03-11,STORE-01,SKU-505,LED Fairy String Lights,Seasonal overlay,North,0,17,0,16.2,12.99,0.0,Normal,0,13.64,Quarterly,12,14,60
2025-03-12,STORE-01,SKU-505,LED Fairy String Lights,Seasonal overlay,North,0,17,0,16.2,12.99,0.0,Normal,0,13.64,Quarterly,12,14,60
2025-03-13,STORE-01,SKU-505,LED Fairy String Lights,Seasonal overlay,North,0,17,0,16.2,12.99,0.0,Normal,0,13.64,Quarterly,12,14,60
2025-03-14,STORE-01,SKU-505,LED Fairy String Lights,Seasonal overlay,North,0,19,0,18.0,12.99,0.0,Normal,0,13.64,Quarterly,12,14,60
2025-03-15,STORE-01,SKU-505,LED Fairy String Lights,Seasonal overlay,North,0,18,0,17.1,12.99,0.0,Normal,0,13.64,Quarterly,12,14,60
2025-03-16,STORE-01,SKU-505,LED Fairy String Lights,Seasonal overlay,North,0,18,0,17.1,12.99,0.0,Normal,0,13.64,Quarterly,12,14,60
2025-03-17,STORE-01,SKU-505,LED Fairy String Lights,Seasonal overlay,North,0,17,0,16.2,12.99,0.0,Normal,0,13.64,Quarterly,12,14,60
2025-03-18,STORE-01,SKU-505,LED Fairy String Lights,Seasonal overlay,North,0,20,0,19.0,12.99,0.0,Normal,0,13.64,Quarterly,12,14,60
2025-03-19,STORE-01,SKU-505,LED Fairy String Lights,Seasonal overlay,North,0,20,0,19.0,12.99,0.0,Normal,0,13.64,Quarterly,12,14,60
2025-03-20,STORE-01,SKU-505,LED Fairy String Lights,Seasonal overlay,North,0,22,0,20.9,12.99,0.0,Normal,0,13.64,Quarterly,12,14,60
2025-03-21,STORE-01,SKU-505,LED Fairy String Lights,Seasonal overlay,North,0,20,0,19.0,12.99,0.0,Normal,0,13.64,Quarterly,12,14,60
2025-03-22,STORE-01,SKU-505,LED Fairy String Lights,Seasonal overlay,North,0,22,0,20.9,12.99,0.0,Normal,0,13.64,Quarterly,12,14,60
2025-03-23,STORE-01,SKU-505,LED Fairy String Lights,Seasonal overlay,North,0,23,0,21.8,12.99,0.0,Normal,0,13.64,Quarterly,12,14,60
2025-03-24,STORE-01,SKU-505,LED Fairy String Lights,Seasonal overlay,North,0,22,0,20.9,12.99,0.0,Normal,0,13.64,Quarterly,12,14,60
2025-03-25,STORE-01,SKU-505,LED Fairy String Lights,Seasonal overlay,North,0,24,0,22.8,12.99,0.0,Normal,0,13.64,Quarterly,12,14,60
2025-03-26,STORE-01,SKU-505,LED Fairy String Lights,Seasonal overlay,North,0,23,0,21.8,12.99,0.0,Normal,0,13.64,Quarterly,12,14,60
2025-03-27,STORE-01,SKU-505,LED Fairy String Lights,Seasonal overlay,North,0,24,0,22.8,12.99,0.0,Normal,0,13.64,Quarterly,12,14,60
2025-03-28,STORE-01,SKU-505,LED Fairy String Lights,Seasonal overlay,North,0,24,0,22.8,12.99,0.0,Normal,0,13.64,Quarterly,12,14,60
2025-03-29,STORE-01,SKU-505,LED Fairy String Lights,Seasonal overlay,North,0,25,0,23.8,12.99,0.0,Normal,0,13.64,Quarterly,12,14,60
2025-03-30,STORE-01,SKU-505,LED Fairy String Lights,Seasonal overlay,North,0,24,0,22.8,12.99,0.0,Normal,0,13.64,Quarterly,12,14,60
2025-03-31,STORE-01,SKU-505,LED Fairy String Lights,Seasonal overlay,North,0,23,0,21.8,12.99,0.0,Normal,0,13.64,Quarterly,12,14,60
2025-04-01,STORE-01,SKU-505,LED Fairy String Lights,Seasonal overlay,North,0,24,0,22.8,12.99,0.0,Normal,0,13.64,Quarterly,12,14,60
2025-04-02,STORE-01,SKU-505,LED Fairy String Lights,Seasonal overlay,North,0,24,0,22.8,12.99,0.0,Normal,0,13.64,Quarterly,12,14,60
2025-04-03,STORE-01,SKU-505,LED Fairy String Lights,Seasonal overlay,North,0,23,0,21.8,12.99,0.0,Normal,0,13.64,Quarterly,12,14,60
2025-04-04,STORE-01,SKU-505,LED Fairy String Lights,Seasonal overlay,North,0,23,0,21.8,12.99,0.0,Normal,0,13.64,Quarterly,12,14,60
2025-04-05,STORE-01,SKU-505,LED Fairy String Lights,Seasonal overlay,North,0,23,0,21.8,12.99,0.0,Normal,0,13.64,Quarterly,12,14,60
2025-04-06,STORE-01,SKU-505,LED Fairy String Lights,Seasonal overlay,North,0,23,0,21.8,12.99,0.0,Normal,0,13.64,Quarterly,12,14,60
2025-04-07,STORE-01,SKU-505,LED Fairy String Lights,Seasonal overlay,North,0,22,0,20.9,12.99,0.0,Normal,0,13.64,Quarterly,12,14,60
2025-04-08,STORE-01,SKU-505,LED Fairy String Lights,Seasonal overlay,North,0,21,0,20.0,12.99,0.0,Normal,0,13.64,Quarterly,12,14,60
2025-04-09,STORE-01,SKU-505,LED Fairy String Lights,Seasonal overlay,North,0,22,0,20.9,12.99,0.0,Normal,0,13.64,Quarterly,12,14,60
2025-04-10,STORE-01,SKU-505,LED Fairy String Lights,Seasonal overlay,North,0,22,0,20.9,12.99,0.0,Normal,0,13.64,Quarterly,12,14,60
2025-04-11,STORE-01,SKU-505,LED Fairy String Lights,Seasonal overlay,North,0,20,0,19.0,12.99,0.0,Normal,0,13.64,Quarterly,12,14,60
2025-04-12,STORE-01,SKU-505,LED Fairy String Lights,Seasonal overlay,North,0,21,0,20.0,12.99,0.0,Normal,0,13.64,Quarterly,12,14,60
2025-04-13,STORE-01,SKU-505,LED Fairy String Lights,Seasonal overlay,North,0,21,0,20.0,12.99,0.0,Normal,0,13.64,Quarterly,12,14,60
2025-04-14,STORE-01,SKU-505,LED Fairy String Lights,Seasonal overlay,North,0,20,0,19.0,12.99,0.0,Normal,0,13.64,Quarterly,12,14,60
2025-04-15,STORE-01,SKU-505,LED Fairy String Lights,Seasonal overlay,North,0,19,0,18.0,12.99,0.0,Normal,0,13.64,Quarterly,12,14,60
2025-04-16,STORE-01,SKU-505,LED Fairy String Lights,Seasonal overlay,North,0,18,0,17.1,12.99,0.0,Normal,0,13.64,Quarterly,12,14,60
2025-04-17,STORE-01,SKU-505,LED Fairy String Lights,Seasonal overlay,North,0,18,0,17.1,12.99,0.0,Normal,0,13.64,Quarterly,12,14,60
2025-04-18,STORE-01,SKU-505,LED Fairy String Lights,Seasonal overlay,North,0,17,0,16.2,12.99,0.0,Normal,0,13.64,Quarterly,12,14,60
2025-04-19,STORE-01,SKU-505,LED Fairy String Lights,Seasonal overlay,North,0,0,0,0.0,12.99,0.0,Normal,0,13.64,Quarterly,12,14,60
2025-04-20,STORE-01,SKU-505,LED Fairy String Lights,Seasonal overlay,North,0,16,0,15.2,12.99,0.0,Normal,0,13.64,Quarterly,12,14,60
2025-04-21,STORE-01,SKU-505,LED Fairy String Lights,Seasonal overlay,North,0,14,0,13.3,12.99,0.0,Normal,0,13.64,Quarterly,12,14,60
2025-04-22,STORE-01,SKU-505,LED Fairy String Lights,Seasonal overlay,North,0,15,0,14.2,12.99,0.0,Normal,0,13.64,Quarterly,12,14,60
2025-04-23,STORE-01,SKU-505,LED Fairy String Lights,Seasonal overlay,North,0,14,0,13.3,12.99,0.0,Normal,0,13.64,Quarterly,12,14,60
2025-04-24,STORE-01,SKU-505,LED Fairy String Lights,Seasonal overlay,North,0,13,0,12.4,12.99,0.0,Normal,0,13.64,Quarterly,12,14,60
2025-04-25,STORE-01,SKU-505,LED Fairy String Lights,Seasonal overlay,North,0,12,0,11.4,12.99,0.0,Normal,0,13.64,Quarterly,12,14,60
2025-04-26,STORE-01,SKU-505,LED Fairy String Lights,Seasonal overlay,North,0,13,0,12.4,12.99,0.0,Normal,0,13.64,Quarterly,12,14,60
2025-04-27,STORE-01,SKU-505,LED Fairy String Lights,Seasonal overlay,North,0,10,0,9.5,12.99,0.0,Normal,0,13.64,Quarterly,12,14,60
2025-04-28,STORE-01,SKU-505,LED Fairy String Lights,Seasonal overlay,North,0,11,0,10.4,12.99,0.0,Normal,0,13.64,Quarterly,12,14,60
2025-04-29,STORE-01,SKU-505,LED Fairy String Lights,Seasonal overlay,North,0,9,0,8.5,12.99,0.0,Normal,0,13.64,Quarterly,12,14,60
2025-04-30,STORE-01,SKU-505,LED Fairy String Lights,Seasonal overlay,North,0,10,0,9.5,12.99,0.0,Normal,0,13.64,Quarterly,12,14,60
2025-05-01,STORE-01,SKU-505,LED Fairy String Lights,Seasonal overlay,North,0,9,0,8.5,12.99,0.0,Normal,0,13.64,Quarterly,12,14,60
2025-05-02,STORE-01,SKU-505,LED Fairy String Lights,Seasonal overlay,North,0,8,0,7.6,12.99,0.0,Normal,0,13.64,Quarterly,12,14,60
2025-05-03,STORE-01,SKU-505,LED Fairy String Lights,Seasonal overlay,North,0,9,0,8.5,12.99,0.0,Normal,0,13.64,Quarterly,12,14,60
2025-05-04,STORE-01,SKU-505,LED Fairy String Lights,Seasonal overlay,North,0,7,0,6.6,12.99,0.0,Normal,0,13.64,Quarterly,12,14,60
2025-05-05,STORE-01,SKU-505,LED Fairy String Lights,Seasonal overlay,North,0,6,0,5.7,12.99,0.0,Normal,0,13.64,Quarterly,12,14,60
2025-05-06,STORE-01,SKU-505,LED Fairy String Lights,Seasonal overlay,North,0,6,0,5.7,12.99,0.0,Normal,0,13.64,Quarterly,12,14,60
2025-05-07,STORE-01,SKU-505,LED Fairy String Lights,Seasonal overlay,North,0,0,0,0.0,12.99,0.0,Normal,0,13.64,Quarterly,12,14,60
2025-05-08,STORE-01,SKU-505,LED Fairy String Lights,Seasonal overlay,North,0,6,0,5.7,12.99,0.0,Normal,0,13.64,Quarterly,12,14,60
2025-05-09,STORE-01,SKU-505,LED Fairy String Lights,Seasonal overlay,North,0,4,0,3.8,12.99,0.0,Normal,0,13.64,Quarterly,12,14,60
2025-05-10,STORE-01,SKU-505,LED Fairy String Lights,Seasonal overlay,North,0,5,0,4.8,12.99,0.0,Normal,0,13.64,Quarterly,12,14,60
2025-05-11,STORE-01,SKU-505,LED Fairy String Lights,Seasonal overlay,North,0,5,0,4.8,12.99,0.0,Normal,0,13.64,Quarterly,12,14,60
2025-05-12,STORE-01,SKU-505,LED Fairy String Lights,Seasonal overlay,North,0,4,0,3.8,12.99,0.0,Normal,0,13.64,Quarterly,12,14,60
2025-05-13,STORE-01,SKU-505,LED Fairy String Lights,Seasonal overlay,North,0,6,0,5.7,12.99,0.0,Normal,0,13.64,Quarterly,12,14,60
2025-05-14,STORE-01,SKU-505,LED Fairy String Lights,Seasonal overlay,North,0,4,0,3.8,12.99,0.0,Normal,0,13.64,Quarterly,12,14,60
2025-05-15,STORE-01,SKU-505,LED Fairy String Lights,Seasonal overlay,North,0,4,0,3.8,12.99,0.0,Normal,0,13.64,Quarterly,12,14,60
2025-05-16,STORE-01,SKU-505,LED Fairy String Lights,Seasonal overlay,North,0,5,0,4.8,12.99,0.0,Normal,0,13.64,Quarterly,12,14,60
2025-05-17,STORE-01,SKU-505,LED Fairy String Lights,Seasonal overlay,North,0,4,0,3.8,12.99,0.0,Normal,0,13.64,Quarterly,12,14,60
2025-05-18,STORE-01,SKU-505,LED Fairy String Lights,Seasonal overlay,North,0,5,0,4.8,12.99,0.0,Normal,0,13.64,Quarterly,12,14,60
2025-05-19,STORE-01,SKU-505,LED Fairy String Lights,Seasonal overlay,North,0,0,0,0.0,12.99,0.0,Normal,0,13.64,Quarterly,12,14,60
2025-05-20,STORE-01,SKU-505,LED Fairy String Lights,Seasonal overlay,North,0,4,0,3.8,12.99,0.0,Normal,0,13.64,Quarterly,12,14,60
2025-05-21,STORE-01,SKU-505,LED Fairy String Lights,Seasonal overlay,North,0,6,0,5.7,12.99,0.0,Normal,0,13.64,Quarterly,12,14,60
2025-05-22,STORE-01,SKU-505,LED Fairy String Lights,Seasonal overlay,North,0,6,0,5.7,12.99,0.0,Normal,0,13.64,Quarterly,12,14,60
2025-05-23,STORE-01,SKU-505,LED Fairy String Lights,Seasonal overlay,North,0,5,0,4.8,12.99,0.0,Normal,0,13.64,Quarterly,12,14,60
2025-05-24,STORE-01,SKU-505,LED Fairy String Lights,Seasonal overlay,North,0,5,0,4.8,12.99,0.0,Normal,0,13.64,Quarterly,12,14,60
2025-05-25,STORE-01,SKU-505,LED Fairy String Lights,Seasonal overlay,North,0,7,0,6.6,12.99,0.0,Normal,0,13.64,Quarterly,12,14,60
2025-05-26,STORE-01,SKU-505,LED Fairy String Lights,Seasonal overlay,North,0,6,0,5.7,12.99,0.0,Normal,0,13.64,Quarterly,12,14,60
2025-05-27,STORE-01,SKU-505,LED Fairy String Lights,Seasonal overlay,North,0,7,0,6.6,12.99,0.0,Normal,0,13.64,Quarterly,12,14,60
2025-05-28,STORE-01,SKU-505,LED Fairy String Lights,Seasonal overlay,North,0,8,0,7.6,12.99,0.0,Normal,0,13.64,Quarterly,12,14,60
2025-05-29,STORE-01,SKU-505,LED Fairy String Lights,Seasonal overlay,North,0,8,0,7.6,12.99,0.0,Normal,0,13.64,Quarterly,12,14,60
2025-05-30,STORE-01,SKU-505,LED Fairy String Lights,Seasonal overlay,North,0,7,0,6.6,12.99,0.0,Normal,0,13.64,Quarterly,12,14,60
2025-05-31,STORE-01,SKU-505,LED Fairy String Lights,Seasonal overlay,North,0,8,0,7.6,12.99,0.0,Normal,0,13.64,Quarterly,12,14,60
2025-06-01,STORE-01,SKU-505,LED Fairy String Lights,Seasonal overlay,North,0,0,0,0.0,12.99,0.0,Normal,0,13.64,Quarterly,12,14,60
2025-06-02,STORE-01,SKU-505,LED Fairy String Lights,Seasonal overlay,North,0,0,0,0.0,12.99,0.0,Normal,0,13.64,Quarterly,12,14,60
2025-06-03,STORE-01,SKU-505,LED Fairy String Lights,Seasonal overlay,North,0,11,0,10.4,12.99,0.0,Normal,0,13.64,Quarterly,12,14,60
2025-06-04,STORE-01,SKU-505,LED Fairy String Lights,Seasonal overlay,North,0,11,0,10.4,12.99,0.0,Normal,0,13.64,Quarterly,12,14,60
2025-06-05,STORE-01,SKU-505,LED Fairy String Lights,Seasonal overlay,North,0,14,0,13.3,12.99,0.0,Normal,0,13.64,Quarterly,12,14,60
2025-06-06,STORE-01,SKU-505,LED Fairy String Lights,Seasonal overlay,North,0,15,0,14.2,12.99,0.0,Normal,0,13.64,Quarterly,12,14,60
2025-06-07,STORE-01,SKU-505,LED Fairy String Lights,Seasonal overlay,North,0,13,0,12.4,12.99,0.0,Normal,0,13.64,Quarterly,12,14,60
2025-06-08,STORE-01,SKU-505,LED Fairy String Lights,Seasonal overlay,North,0,0,0,0.0,12.99,0.0,Normal,0,13.64,Quarterly,12,14,60
2025-06-09,STORE-01,SKU-505,LED Fairy String Lights,Seasonal overlay,North,0,15,0,14.2,12.99,0.0,Normal,0,13.64,Quarterly,12,14,60
2025-06-10,STORE-01,SKU-505,LED Fairy String Lights,Seasonal overlay,North,0,16,0,15.2,12.99,0.0,Normal,0,13.64,Quarterly,12,14,60
2025-06-11,STORE-01,SKU-505,LED Fairy String Lights,Seasonal overlay,North,0,18,0,17.1,12.99,0.0,Normal,0,13.64,Quarterly,12,14,60
2025-06-12,STORE-01,SKU-505,LED Fairy String Lights,Seasonal overlay,North,0,17,0,16.2,12.99,0.0,Normal,0,13.64,Quarterly,12,14,60
2025-06-13,STORE-01,SKU-505,LED Fairy String Lights,Seasonal overlay,North,0,18,0,17.1,12.99,0.0,Normal,0,13.64,Quarterly,12,14,60
2025-06-14,STORE-01,SKU-505,LED Fairy String Lights,Seasonal overlay,North,0,0,0,0.0,12.99,0.0,Normal,0,13.64,Quarterly,12,14,60
2025-06-15,STORE-01,SKU-505,LED Fairy String Lights,Seasonal overlay,North,0,20,0,19.0,12.99,0.0,Normal,0,13.64,Quarterly,12,14,60
2025-06-16,STORE-01,SKU-505,LED Fairy String Lights,Seasonal overlay,North,0,17,0,16.2,12.99,0.0,Normal,0,13.64,Quarterly,12,14,60
2025-06-17,STORE-01,SKU-505,LED Fairy String Lights,Seasonal overlay,North,0,20,0,19.0,12.99,0.0,Normal,0,13.64,Quarterly,12,14,60
2025-06-18,STORE-01,SKU-505,LED Fairy String Lights,Seasonal overlay,North,0,21,0,20.0,12.99,0.0,Normal,0,13.64,Quarterly,12,14,60
2025-06-19,STORE-01,SKU-505,LED Fairy String Lights,Seasonal overlay,North,0,21,0,20.0,12.99,0.0,Normal,0,13.64,Quarterly,12,14,60
2025-06-20,STORE-01,SKU-505,LED Fairy String Lights,Seasonal overlay,North,0,23,0,21.8,12.99,0.0,Normal,0,13.64,Quarterly,12,14,60
2025-06-21,STORE-01,SKU-505,LED Fairy String Lights,Seasonal overlay,North,0,23,0,21.8,12.99,0.0,Normal,0,13.64,Quarterly,12,14,60
2025-06-22,STORE-01,SKU-505,LED Fairy String Lights,Seasonal overlay,North,0,21,0,20.0,12.99,0.0,Normal,0,13.64,Quarterly,12,14,60
2025-06-23,STORE-01,SKU-505,LED Fairy String Lights,Seasonal overlay,North,0,25,0,23.8,12.99,0.0,Normal,0,13.64,Quarterly,12,14,60
2025-06-24,STORE-01,SKU-505,LED Fairy String Lights,Seasonal overlay,North,0,22,0,20.9,12.99,0.0,Normal,0,13.64,Quarterly,12,14,60
2025-06-25,STORE-01,SKU-505,LED Fairy String Lights,Seasonal overlay,North,0,24,0,22.8,12.99,0.0,Normal,0,13.64,Quarterly,12,14,60
2025-06-26,STORE-01,SKU-505,LED Fairy String Lights,Seasonal overlay,North,0,24,0,22.8,12.99,0.0,Normal,0,13.64,Quarterly,12,14,60
2025-06-27,STORE-01,SKU-505,LED Fairy String Lights,Seasonal overlay,North,0,23,0,21.8,12.99,0.0,Normal,0,13.64,Quarterly,12,14,60
2025-06-28,STORE-01,SKU-505,LED Fairy String Lights,Seasonal overlay,North,0,24,0,22.8,12.99,0.0,Normal,0,13.64,Quarterly,12,14,60
2025-06-29,STORE-01,SKU-505,LED Fairy String Lights,Seasonal overlay,North,0,24,0,22.8,12.99,0.0,Normal,0,13.64,Quarterly,12,14,60
2025-06-30,STORE-01,SKU-505,LED Fairy String Lights,Seasonal overlay,North,0,24,0,22.8,12.99,0.0,Normal,0,13.64,Quarterly,12,14,60
2025-07-01,STORE-01,SKU-505,LED Fairy String Lights,Seasonal overlay,North,0,23,0,21.8,12.99,0.0,Normal,0,13.64,Quarterly,12,14,60
2025-07-02,STORE-01,SKU-505,LED Fairy String Lights,Seasonal overlay,North,0,24,0,22.8,12.99,0.0,Normal,0,13.64,Quarterly,12,14,60
2025-07-03,STORE-01,SKU-505,LED Fairy String Lights,Seasonal overlay,North,0,23,0,21.8,12.99,0.0,Normal,0,13.64,Quarterly,12,14,60
2025-07-04,STORE-01,SKU-505,LED Fairy String Lights,Seasonal overlay,North,0,23,0,21.8,12.99,0.0,Normal,0,13.64,Quarterly,12,14,60
2025-07-05,STORE-01,SKU-505,LED Fairy String Lights,Seasonal overlay,North,0,23,0,21.8,12.99,0.0,Normal,0,13.64,Quarterly,12,14,60
2025-07-06,STORE-01,SKU-505,LED Fairy String Lights,Seasonal overlay,North,0,22,0,20.9,12.99,0.0,Normal,0,13.64,Quarterly,12,14,60
2025-07-07,STORE-01,SKU-505,LED Fairy String Lights,Seasonal overlay,North,0,22,0,20.9,12.99,0.0,Normal,0,13.64,Quarterly,12,14,60
2025-07-08,STORE-01,SKU-505,LED Fairy String Lights,Seasonal overlay,North,0,23,0,21.8,12.99,0.0,Normal,0,13.64,Quarterly,12,14,60
2025-07-09,STORE-01,SKU-505,LED Fairy String Lights,Seasonal overlay,North,0,22,0,20.9,12.99,0.0,Normal,0,13.64,Quarterly,12,14,60
2025-07-10,STORE-01,SKU-505,LED Fairy String Lights,Seasonal overlay,North,0,23,0,21.8,12.99,0.0,Normal,0,13.64,Quarterly,12,14,60
2025-07-11,STORE-01,SKU-505,LED Fairy String Lights,Seasonal overlay,North,0,19,0,18.0,12.99,0.0,Normal,0,13.64,Quarterly,12,14,60
2025-07-12,STORE-01,SKU-505,LED Fairy String Lights,Seasonal overlay,North,0,21,0,20.0,12.99,0.0,Normal,0,13.64,Quarterly,12,14,60
2025-07-13,STORE-01,SKU-505,LED Fairy String Lights,Seasonal overlay,North,0,20,0,19.0,12.99,0.0,Normal,0,13.64,Quarterly,12,14,60
2025-07-14,STORE-01,SKU-505,LED Fairy String Lights,Seasonal overlay,North,0,20,0,19.0,12.99,0.0,Normal,0,13.64,Quarterly,12,14,60
2025-07-15,STORE-01,SKU-505,LED Fairy String Lights,Seasonal overlay,North,0,0,0,0.0,12.99,0.0,Normal,0,13.64,Quarterly,12,14,60
2025-07-16,STORE-01,SKU-505,LED Fairy String Lights,Seasonal overlay,North,0,0,0,0.0,12.99,0.0,Normal,0,13.64,Quarterly,12,14,60
2025-07-17,STORE-01,SKU-505,LED Fairy String Lights,Seasonal overlay,North,0,18,0,17.1,12.99,0.0,Normal,0,13.64,Quarterly,12,14,60
2025-07-18,STORE-01,SKU-505,LED Fairy String Lights,Seasonal overlay,North,0,16,0,15.2,12.99,0.0,Normal,0,13.64,Quarterly,12,14,60
2025-07-19,STORE-01,SKU-505,LED Fairy String Lights,Seasonal overlay,North,0,17,0,16.2,12.99,0.0,Normal,0,13.64,Quarterly,12,14,60
2025-07-20,STORE-01,SKU-505,LED Fairy String Lights,Seasonal overlay,North,0,14,0,13.3,12.99,0.0,Normal,0,13.64,Quarterly,12,14,60
2025-07-21,STORE-01,SKU-505,LED Fairy String Lights,Seasonal overlay,North,0,16,0,15.2,12.99,0.0,Normal,0,13.64,Quarterly,12,14,60
2025-07-22,STORE-01,SKU-505,LED Fairy String Lights,Seasonal overlay,North,0,14,0,13.3,12.99,0.0,Normal,0,13.64,Quarterly,12,14,60
2025-07-23,STORE-01,SKU-505,LED Fairy String Lights,Seasonal overlay,North,0,13,0,12.4,12.99,0.0,Normal,0,13.64,Quarterly,12,14,60
2025-07-24,STORE-01,SKU-505,LED Fairy String Lights,Seasonal overlay,North,0,13,0,12.4,12.99,0.0,Normal,0,13.64,Quarterly,12,14,60
2025-07-25,STORE-01,SKU-505,LED Fairy String Lights,Seasonal overlay,North,0,12,0,11.4,12.99,0.0,Normal,0,13.64,Quarterly,12,14,60
2025-07-26,STORE-01,SKU-505,LED Fairy String Lights,Seasonal overlay,North,0,0,0,0.0,12.99,0.0,Normal,0,13.64,Quarterly,12,14,60
2025-07-27,STORE-01,SKU-505,LED Fairy String Lights,Seasonal overlay,North,0,14,0,13.3,12.99,0.0,Normal,0,13.64,Quarterly,12,14,60
2025-07-28,STORE-01,SKU-505,LED Fairy String Lights,Seasonal overlay,North,0,11,0,10.4,12.99,0.0,Normal,0,13.64,Quarterly,12,14,60
2025-07-29,STORE-01,SKU-505,LED Fairy String Lights,Seasonal overlay,North,0,9,0,8.5,12.99,0.0,Normal,0,13.64,Quarterly,12,14,60
2025-07-30,STORE-01,SKU-505,LED Fairy String Lights,Seasonal overlay,North,0,10,0,9.5,12.99,0.0,Normal,0,13.64,Quarterly,12,14,60
2025-07-31,STORE-01,SKU-505,LED Fairy String Lights,Seasonal overlay,North,0,9,0,8.5,12.99,0.0,Normal,0,13.64,Quarterly,12,14,60
2025-08-01,STORE-01,SKU-505,LED Fairy String Lights,Seasonal overlay,North,0,7,0,6.6,12.99,0.0,Normal,0,13.64,Quarterly,12,14,60
2025-08-02,STORE-01,SKU-505,LED Fairy String Lights,Seasonal overlay,North,0,6,0,5.7,12.99,0.0,Normal,0,13.64,Quarterly,12,14,60
2025-08-03,STORE-01,SKU-505,LED Fairy String Lights,Seasonal overlay,North,0,7,0,6.6,12.99,0.0,Normal,0,13.64,Quarterly,12,14,60
2025-08-04,STORE-01,SKU-505,LED Fairy String Lights,Seasonal overlay,North,0,7,0,6.6,12.99,0.0,Normal,0,13.64,Quarterly,12,14,60
2025-08-05,STORE-01,SKU-505,LED Fairy String Lights,Seasonal overlay,North,0,5,0,4.8,12.99,0.0,Normal,0,13.64,Quarterly,12,14,60
2025-08-06,STORE-01,SKU-505,LED Fairy String Lights,Seasonal overlay,North,0,5,0,4.8,12.99,0.0,Normal,0,13.64,Quarterly,12,14,60
2025-08-07,STORE-01,SKU-505,LED Fairy String Lights,Seasonal overlay,North,0,6,0,5.7,12.99,0.0,Normal,0,13.64,Quarterly,12,14,60
2025-08-08,STORE-01,SKU-505,LED Fairy String Lights,Seasonal overlay,North,0,5,0,4.8,12.99,0.0,Normal,0,13.64,Quarterly,12,14,60
2025-08-09,STORE-01,SKU-505,LED Fairy String Lights,Seasonal overlay,North,0,6,0,5.7,12.99,0.0,Normal,0,13.64,Quarterly,12,14,60
2025-08-10,STORE-01,SKU-505,LED Fairy String Lights,Seasonal overlay,North,0,3,0,2.8,12.99,0.0,Normal,0,13.64,Quarterly,12,14,60
2025-08-11,STORE-01,SKU-505,LED Fairy String Lights,Seasonal overlay,North,0,0,0,0.0,12.99,0.0,Normal,0,13.64,Quarterly,12,14,60
2025-08-12,STORE-01,SKU-505,LED Fairy String Lights,Seasonal overlay,North,0,3,0,2.8,12.99,0.0,Normal,0,13.64,Quarterly,12,14,60
2025-08-13,STORE-01,SKU-505,LED Fairy String Lights,Seasonal overlay,North,0,0,0,0.0,12.99,0.0,Normal,0,13.64,Quarterly,12,14,60
2025-08-14,STORE-01,SKU-505,LED Fairy String Lights,Seasonal overlay,North,0,4,0,3.8,12.99,0.0,Normal,0,13.64,Quarterly,12,14,60
2025-08-15,STORE-01,SKU-505,LED Fairy String Lights,Seasonal overlay,North,0,3,0,2.8,12.99,0.0,Normal,0,13.64,Quarterly,12,14,60
2025-08-16,STORE-01,SKU-505,LED Fairy String Lights,Seasonal overlay,North,0,4,0,3.8,12.99,0.0,Normal,0,13.64,Quarterly,12,14,60
2025-08-17,STORE-01,SKU-505,LED Fairy String Lights,Seasonal overlay,North,0,4,0,3.8,12.99,0.0,Normal,0,13.64,Quarterly,12,14,60
2025-08-18,STORE-01,SKU-505,LED Fairy String Lights,Seasonal overlay,North,0,0,0,0.0,12.99,0.0,Normal,0,13.64,Quarterly,12,14,60
2025-08-19,STORE-01,SKU-505,LED Fairy String Lights,Seasonal overlay,North,0,4,0,3.8,12.99,0.0,Normal,0,13.64,Quarterly,12,14,60
2025-08-20,STORE-01,SKU-505,LED Fairy String Lights,Seasonal overlay,North,0,5,0,4.8,12.99,0.0,Normal,0,13.64,Quarterly,12,14,60
2025-08-21,STORE-01,SKU-505,LED Fairy String Lights,Seasonal overlay,North,0,5,0,4.8,12.99,0.0,Normal,0,13.64,Quarterly,12,14,60
2025-08-22,STORE-01,SKU-505,LED Fairy String Lights,Seasonal overlay,North,0,6,0,5.7,12.99,0.0,Normal,0,13.64,Quarterly,12,14,60
2025-08-23,STORE-01,SKU-505,LED Fairy String Lights,Seasonal overlay,North,0,6,0,5.7,12.99,0.0,Normal,0,13.64,Quarterly,12,14,60
2025-08-24,STORE-01,SKU-505,LED Fairy String Lights,Seasonal overlay,North,0,5,0,4.8,12.99,0.0,Normal,0,13.64,Quarterly,12,14,60
2025-08-25,STORE-01,SKU-505,LED Fairy String Lights,Seasonal overlay,North,0,5,0,4.8,12.99,0.0,Normal,0,13.64,Quarterly,12,14,60
2025-08-26,STORE-01,SKU-505,LED Fairy String Lights,Seasonal overlay,North,0,7,0,6.6,12.99,0.0,Normal,0,13.64,Quarterly,12,14,60
2025-08-27,STORE-01,SKU-505,LED Fairy String Lights,Seasonal overlay,North,0,7,0,6.6,12.99,0.0,Normal,0,13.64,Quarterly,12,14,60
2025-08-28,STORE-01,SKU-505,LED Fairy String Lights,Seasonal overlay,North,0,7,0,6.6,12.99,0.0,Normal,0,13.64,Quarterly,12,14,60
2025-08-29,STORE-01,SKU-505,LED Fairy String Lights,Seasonal overlay,North,0,9,0,8.5,12.99,0.0,Normal,0,13.64,Quarterly,12,14,60
2025-08-30,STORE-01,SKU-505,LED Fairy String Lights,Seasonal overlay,North,0,8,0,7.6,12.99,0.0,Normal,0,13.64,Quarterly,12,14,60
2025-08-31,STORE-01,SKU-505,LED Fairy String Lights,Seasonal overlay,North,0,11,0,10.4,12.99,0.0,Normal,0,13.64,Quarterly,12,14,60
2025-09-01,STORE-01,SKU-505,LED Fairy String Lights,Seasonal overlay,North,0,11,0,10.4,12.99,0.0,Normal,0,13.64,Quarterly,12,14,60
2025-09-02,STORE-01,SKU-505,LED Fairy String Lights,Seasonal overlay,North,0,11,0,10.4,12.99,0.0,Normal,0,13.64,Quarterly,12,14,60
2025-09-03,STORE-01,SKU-505,LED Fairy String Lights,Seasonal overlay,North,0,11,0,10.4,12.99,0.0,Normal,0,13.64,Quarterly,12,14,60
2025-09-04,STORE-01,SKU-505,LED Fairy String Lights,Seasonal overlay,North,0,13,0,12.4,12.99,0.0,Normal,0,13.64,Quarterly,12,14,60
2025-09-05,STORE-01,SKU-505,LED Fairy String Lights,Seasonal overlay,North,0,13,0,12.4,12.99,0.0,Normal,0,13.64,Quarterly,12,14,60
2025-09-06,STORE-01,SKU-505,LED Fairy String Lights,Seasonal overlay,North,0,13,0,12.4,12.99,0.0,Normal,0,13.64,Quarterly,12,14,60
2025-09-07,STORE-01,SKU-505,LED Fairy String Lights,Seasonal overlay,North,0,15,0,14.2,12.99,0.0,Normal,0,13.64,Quarterly,12,14,60
2024-09-08,STORE-01,SKU-606,Multipurpose Copy Paper A4,Office,North,131,19,0,18.0,6.5,0.0,Normal,0,6.83,None,5,7,150
2024-09-09,STORE-01,SKU-606,Multipurpose Copy Paper A4,Office,North,110,21,0,20.0,6.5,0.0,Normal,0,6.83,None,5,7,150
2024-09-10,STORE-01,SKU-606,Multipurpose Copy Paper A4,Office,North,88,22,0,20.9,6.5,0.0,Normal,0,6.83,None,5,7,150
2024-09-11,STORE-01,SKU-606,Multipurpose Copy Paper A4,Office,North,67,21,0,20.0,6.5,0.0,Normal,0,6.83,None,5,7,150
2024-09-12,STORE-01,SKU-606,Multipurpose Copy Paper A4,Office,North,44,23,0,21.8,6.5,0.0,Normal,0,6.83,None,5,7,150
2024-09-13,STORE-01,SKU-606,Multipurpose Copy Paper A4,Office,North,25,19,0,18.0,6.5,0.0,Normal,0,6.83,None,5,7,150
2024-09-14,STORE-01,SKU-606,Multipurpose Copy Paper A4,Office,North,7,18,0,17.1,6.5,0.0,Normal,0,6.83,None,5,7,150
2024-09-15,STORE-01,SKU-606,Multipurpose Copy Paper A4,Office,North,0,22,0,20.9,6.5,0.0,Normal,0,6.83,None,5,7,150
2024-09-16,STORE-01,SKU-606,Multipurpose Copy Paper A4,Office,North,0,22,0,20.9,6.5,0.0,Normal,0,6.83,None,5,7,150
2024-09-17,STORE-01,SKU-606,Multipurpose Copy Paper A4,Office,North,0,21,0,20.0,6.5,0.0,Normal,0,6.83,None,5,7,150
2024-09-18,STORE-01,SKU-606,Multipurpose Copy Paper A4,Office,North,0,22,0,20.9,6.5,0.0,Normal,0,6.83,None,5,7,150
2024-09-19,STORE-01,SKU-606,Multipurpose Copy Paper A4,Office,North,0,22,0,20.9,6.5,0.0,Normal,0,6.83,None,5,7,150
2024-09-20,STORE-01,SKU-606,Multipurpose Copy Paper A4,Office,North,0,20,0,19.0,6.5,0.0,Normal,0,6.83,None,5,7,150
2024-09-21,STORE-01,SKU-606,Multipurpose Copy Paper A4,Office,North,0,20,0,19.0,6.5,0.0,Normal,0,6.83,None,5,7,150
2024-09-22,STORE-01,SKU-606,Multipurpose Copy Paper A4,Office,North,0,21,0,20.0,6.5,0.0,Normal,0,6.83,None,5,7,150
2024-09-23,STORE-01,SKU-606,Multipurpose Copy Paper A4,Office,North,0,22,0,20.9,6.5,0.0,Normal,0,6.83,None,5,7,150
2024-09-24,STORE-01,SKU-606,Multipurpose Copy Paper A4,Office,North,0,19,0,18.0,6.5,0.0,Normal,0,6.83,None,5,7,150
2024-09-25,STORE-01,SKU-606,Multipurpose Copy Paper A4,Office,North,0,21,0,20.0,6.5,0.0,Normal,0,6.83,None,5,7,150
2024-09-26,STORE-01,SKU-606,Multipurpose Copy Paper A4,Office,North,0,21,0,20.0,6.5,0.0,Normal,0,6.83,None,5,7,150
2024-09-27,STORE-01,SKU-606,Multipurpose Copy Paper A4,Office,North,0,22,0,20.9,6.5,0.0,Normal,0,6.83,None,5,7,150
2024-09-28,STORE-01,SKU-606,Multipurpose Copy Paper A4,Office,North,0,21,0,20.0,6.5,0.0,Normal,0,6.83,None,5,7,150
2024-09-29,STORE-01,SKU-606,Multipurpose Copy Paper A4,Office,North,0,20,0,19.0,6.5,0.0,Normal,0,6.83,None,5,7,150
2024-09-30,STORE-01,SKU-606,Multipurpose Copy Paper A4,Office,North,0,23,0,21.8,6.5,0.0,Normal,0,6.83,None,5,7,150
2024-10-01,STORE-01,SKU-606,Multipurpose Copy Paper A4,Office,North,0,20,0,19.0,6.5,0.0,Normal,0,6.83,None,5,7,150
2024-10-02,STORE-01,SKU-606,Multipurpose Copy Paper A4,Office,North,0,21,0,20.0,6.5,0.0,Normal,0,6.83,None,5,7,150
2024-10-03,STORE-01,SKU-606,Multipurpose Copy Paper A4,Office,North,0,19,0,18.0,6.5,0.0,Normal,0,6.83,None,5,7,150
2024-10-04,STORE-01,SKU-606,Multipurpose Copy Paper A4,Office,North,0,20,0,19.0,6.5,0.0,Normal,0,6.83,None,5,7,150
2024-10-05,STORE-01,SKU-606,Multipurpose Copy Paper A4,Office,North,0,22,0,20.9,6.5,0.0,Normal,0,6.83,None,5,7,150
2024-10-06,STORE-01,SKU-606,Multipurpose Copy Paper A4,Office,North,0,21,0,20.0,6.5,0.0,Normal,0,6.83,None,5,7,150
2024-10-07,STORE-01,SKU-606,Multipurpose Copy Paper A4,Office,North,0,22,0,20.9,6.5,0.0,Normal,0,6.83,None,5,7,150
2024-10-08,STORE-01,SKU-606,Multipurpose Copy Paper A4,Office,North,0,22,0,20.9,6.5,0.0,Normal,0,6.83,None,5,7,150
2024-10-09,STORE-01,SKU-606,Multipurpose Copy Paper A4,Office,North,0,24,0,22.8,6.5,0.0,Normal,0,6.83,None,5,7,150
2024-10-10,STORE-01,SKU-606,Multipurpose Copy Paper A4,Office,North,0,20,0,19.0,6.5,0.0,Normal,0,6.83,None,5,7,150
2024-10-11,STORE-01,SKU-606,Multipurpose Copy Paper A4,Office,North,0,19,0,18.0,6.5,0.0,Normal,0,6.83,None,5,7,150
2024-10-12,STORE-01,SKU-606,Multipurpose Copy Paper A4,Office,North,0,19,0,18.0,6.5,0.0,Normal,0,6.83,None,5,7,150
2024-10-13,STORE-01,SKU-606,Multipurpose Copy Paper A4,Office,North,0,20,0,19.0,6.5,0.0,Normal,0,6.83,None,5,7,150
2024-10-14,STORE-01,SKU-606,Multipurpose Copy Paper A4,Office,North,0,20,0,19.0,6.5,0.0,Normal,0,6.83,None,5,7,150
2024-10-15,STORE-01,SKU-606,Multipurpose Copy Paper A4,Office,North,0,21,0,20.0,6.5,0.0,Normal,0,6.83,None,5,7,150
2024-10-16,STORE-01,SKU-606,Multipurpose Copy Paper A4,Office,North,0,23,0,21.8,6.5,0.0,Normal,0,6.83,None,5,7,150
2024-10-17,STORE-01,SKU-606,Multipurpose Copy Paper A4,Office,North,0,23,0,21.8,6.5,0.0,Normal,0,6.83,None,5,7,150
2024-10-18,STORE-01,SKU-606,Multipurpose Copy Paper A4,Office,North,0,22,0,20.9,6.5,0.0,Normal,0,6.83,None,5,7,150
2024-10-19,STORE-01,SKU-606,Multipurpose Copy Paper A4,Office,North,0,24,0,22.8,6.5,0.0,Normal,0,6.83,None,5,7,150
2024-10-20,STORE-01,SKU-606,Multipurpose Copy Paper A4,Office,North,0,20,0,19.0,6.5,0.0,Normal,0,6.83,None,5,7,150
2024-10-21,STORE-01,SKU-606,Multipurpose Copy Paper A4,Office,North,0,19,0,18.0,6.5,0.0,Normal,0,6.83,None,5,7,150
2024-10-22,STORE-01,SKU-606,Multipurpose Copy Paper A4,Office,North,0,23,0,21.8,6.5,0.0,Normal,0,6.83,None,5,7,150
2024-10-23,STORE-01,SKU-606,Multipurpose Copy Paper A4,Office,North,0,18,0,17.1,6.5,0.0,Normal,0,6.83,None,5,7,150
2024-10-24,STORE-01,SKU-606,Multipurpose Copy Paper A4,Office,North,0,20,0,19.0,6.5,0.0,Normal,0,6.83,None,5,7,150
2024-10-25,STORE-01,SKU-606,Multipurpose Copy Paper A4,Office,North,0,22,0,20.9,6.5,0.0,Normal,0,6.83,None,5,7,150
2024-10-26,STORE-01,SKU-606,Multipurpose Copy Paper A4,Office,North,0,21,0,20.0,6.5,0.0,Normal,0,6.83,None,5,7,150
2024-10-27,STORE-01,SKU-606,Multipurpose Copy Paper A4,Office,North,0,21,0,20.0,6.5,0.0,Normal,0,6.83,None,5,7,150
2024-10-28,STORE-01,SKU-606,Multipurpose Copy Paper A4,Office,North,0,19,0,18.0,6.5,0.0,Normal,0,6.83,None,5,7,150
2024-10-29,STORE-01,SKU-606,Multipurpose Copy Paper A4,Office,North,0,21,0,20.0,6.5,0.0,Normal,0,6.83,None,5,7,150
2024-10-30,STORE-01,SKU-606,Multipurpose Copy Paper A4,Office,North,0,23,0,21.8,6.5,0.0,Normal,0,6.83,None,5,7,150
2024-10-31,STORE-01,SKU-606,Multipurpose Copy Paper A4,Office,North,0,21,0,20.0,6.5,0.0,Normal,0,6.83,None,5,7,150
2024-11-01,STORE-01,SKU-606,Multipurpose Copy Paper A4,Office,North,0,20,0,19.0,6.5,0.0,Normal,0,6.83,None,5,7,150
2024-11-02,STORE-01,SKU-606,Multipurpose Copy Paper A4,Office,North,0,19,0,18.0,6.5,0.0,Normal,0,6.83,None,5,7,150
2024-11-03,STORE-01,SKU-606,Multipurpose Copy Paper A4,Office,North,0,20,0,19.0,6.5,0.0,Normal,0,6.83,None,5,7,150
2024-11-04,STORE-01,SKU-606,Multipurpose Copy Paper A4,Office,North,0,22,0,20.9,6.5,0.0,Normal,0,6.83,None,5,7,150
2024-11-05,STORE-01,SKU-606,Multipurpose Copy Paper A4,Office,North,0,22,0,20.9,6.5,0.0,Normal,0,6.83,None,5,7,150
2024-11-06,STORE-01,SKU-606,Multipurpose Copy Paper A4,Office,North,0,20,0,19.0,6.5,0.0,Normal,0,6.83,None,5,7,150
2024-11-07,STORE-01,SKU-606,Multipurpose Copy Paper A4,Office,North,0,18,0,17.1,6.5,0.0,Normal,0,6.83,None,5,7,150
2024-11-08,STORE-01,SKU-606,Multipurpose Copy Paper A4,Office,North,0,22,0,20.9,6.5,0.0,Normal,0,6.83,None,5,7,150
2024-11-09,STORE-01,SKU-606,Multipurpose Copy Paper A4,Office,North,0,20,0,19.0,6.5,0.0,Normal,0,6.83,None,5,7,150
2024-11-10,STORE-01,SKU-606,Multipurpose Copy Paper A4,Office,North,0,22,0,20.9,6.5,0.0,Normal,0,6.83,None,5,7,150
2024-11-11,STORE-01,SKU-606,Multipurpose Copy Paper A4,Office,North,0,20,0,19.0,6.5,0.0,Normal,0,6.83,None,5,7,150
2024-11-12,STORE-01,SKU-606,Multipurpose Copy Paper A4,Office,North,0,20,0,19.0,6.5,0.0,Normal,0,6.83,None,5,7,150
2024-11-13,STORE-01,SKU-606,Multipurpose Copy Paper A4,Office,North,0,21,0,20.0,6.5,0.0,Normal,0,6.83,None,5,7,150
2024-11-14,STORE-01,SKU-606,Multipurpose Copy Paper A4,Office,North,0,25,0,23.8,6.5,0.0,Normal,0,6.83,None,5,7,150
2024-11-15,STORE-01,SKU-606,Multipurpose Copy Paper A4,Office,North,0,22,0,20.9,6.5,0.0,Normal,0,6.83,None,5,7,150
2024-11-16,STORE-01,SKU-606,Multipurpose Copy Paper A4,Office,North,0,21,0,20.0,6.5,0.0,Normal,0,6.83,None,5,7,150
2024-11-17,STORE-01,SKU-606,Multipurpose Copy Paper A4,Office,North,0,22,0,20.9,6.5,0.0,Normal,0,6.83,None,5,7,150
2024-11-18,STORE-01,SKU-606,Multipurpose Copy Paper A4,Office,North,0,18,0,17.1,6.5,0.0,Normal,0,6.83,None,5,7,150
2024-11-19,STORE-01,SKU-606,Multipurpose Copy Paper A4,Office,North,0,19,0,18.0,6.5,0.0,Normal,0,6.83,None,5,7,150
2024-11-20,STORE-01,SKU-606,Multipurpose Copy Paper A4,Office,North,0,17,0,16.2,6.5,0.0,Normal,0,6.83,None,5,7,150
2024-11-21,STORE-01,SKU-606,Multipurpose Copy Paper A4,Office,North,0,24,0,22.8,6.5,0.0,Normal,0,6.83,None,5,7,150
2024-11-22,STORE-01,SKU-606,Multipurpose Copy Paper A4,Office,North,0,23,0,21.8,6.5,0.0,Normal,0,6.83,None,5,7,150
2024-11-23,STORE-01,SKU-606,Multipurpose Copy Paper A4,Office,North,0,22,0,20.9,6.5,0.0,Normal,0,6.83,None,5,7,150
2024-11-24,STORE-01,SKU-606,Multipurpose Copy Paper A4,Office,North,0,21,0,20.0,6.5,0.0,Normal,0,6.83,None,5,7,150
2024-11-25,STORE-01,SKU-606,Multipurpose Copy Paper A4,Office,North,0,19,0,18.0,6.5,0.0,Normal,0,6.83,None,5,7,150
2024-11-26,STORE-01,SKU-606,Multipurpose Copy Paper A4,Office,North,0,21,0,20.0,6.5,0.0,Normal,0,6.83,None,5,7,150
2024-11-27,STORE-01,SKU-606,Multipurpose Copy Paper A4,Office,North,0,24,0,22.8,6.5,0.0,Normal,0,6.83,None,5,7,150
2024-11-28,STORE-01,SKU-606,Multipurpose Copy Paper A4,Office,North,0,21,0,20.0,6.5,0.0,Normal,0,6.83,None,5,7,150
2024-11-29,STORE-01,SKU-606,Multipurpose Copy Paper A4,Office,North,0,20,0,19.0,6.5,0.0,Normal,0,6.83,None,5,7,150
2024-11-30,STORE-01,SKU-606,Multipurpose Copy Paper A4,Office,North,0,18,0,17.1,6.5,0.0,Normal,0,6.83,None,5,7,150
2024-12-01,STORE-01,SKU-606,Multipurpose Copy Paper A4,Office,North,0,23,0,21.8,6.5,0.0,Normal,0,6.83,None,5,7,150
2024-12-02,STORE-01,SKU-606,Multipurpose Copy Paper A4,Office,North,0,21,0,20.0,6.5,0.0,Normal,0,6.83,None,5,7,150
2024-12-03,STORE-01,SKU-606,Multipurpose Copy Paper A4,Office,North,0,18,0,17.1,6.5,0.0,Normal,0,6.83,None,5,7,150
2024-12-04,STORE-01,SKU-606,Multipurpose Copy Paper A4,Office,North,0,20,0,19.0,6.5,0.0,Normal,0,6.83,None,5,7,150
2024-12-05,STORE-01,SKU-606,Multipurpose Copy Paper A4,Office,North,0,19,0,18.0,6.5,0.0,Normal,0,6.83,None,5,7,150
2024-12-06,STORE-01,SKU-606,Multipurpose Copy Paper A4,Office,North,0,21,0,20.0,6.5,0.0,Normal,0,6.83,None,5,7,150
2024-12-07,STORE-01,SKU-606,Multipurpose Copy Paper A4,Office,North,0,21,0,20.0,6.5,0.0,Normal,0,6.83,None,5,7,150
2024-12-08,STORE-01,SKU-606,Multipurpose Copy Paper A4,Office,North,0,20,0,19.0,6.5,0.0,Normal,0,6.83,None,5,7,150
2024-12-09,STORE-01,SKU-606,Multipurpose Copy Paper A4,Office,North,0,22,0,20.9,6.5,0.0,Normal,0,6.83,None,5,7,150
2024-12-10,STORE-01,SKU-606,Multipurpose Copy Paper A4,Office,North,0,21,0,20.0,6.5,0.0,Normal,0,6.83,None,5,7,150
2024-12-11,STORE-01,SKU-606,Multipurpose Copy Paper A4,Office,North,0,23,0,21.8,6.5,0.0,Normal,0,6.83,None,5,7,150
2024-12-12,STORE-01,SKU-606,Multipurpose Copy Paper A4,Office,North,0,20,0,19.0,6.5,0.0,Normal,0,6.83,None,5,7,150
2024-12-13,STORE-01,SKU-606,Multipurpose Copy Paper A4,Office,North,0,26,0,24.7,6.5,0.0,Normal,0,6.83,None,5,7,150
2024-12-14,STORE-01,SKU-606,Multipurpose Copy Paper A4,Office,North,0,20,0,19.0,6.5,0.0,Normal,0,6.83,None,5,7,150
2024-12-15,STORE-01,SKU-606,Multipurpose Copy Paper A4,Office,North,0,20,0,19.0,6.5,0.0,Normal,0,6.83,None,5,7,150
2024-12-16,STORE-01,SKU-606,Multipurpose Copy Paper A4,Office,North,0,19,0,18.0,6.5,0.0,Normal,0,6.83,None,5,7,150
2024-12-17,STORE-01,SKU-606,Multipurpose Copy Paper A4,Office,North,0,21,0,20.0,6.5,0.0,Normal,0,6.83,None,5,7,150
2024-12-18,STORE-01,SKU-606,Multipurpose Copy Paper A4,Office,North,0,18,0,17.1,6.5,0.0,Normal,0,6.83,None,5,7,150
2024-12-19,STORE-01,SKU-606,Multipurpose Copy Paper A4,Office,North,0,21,0,20.0,6.5,0.0,Normal,0,6.83,None,5,7,150
2024-12-20,STORE-01,SKU-606,Multipurpose Copy Paper A4,Office,North,0,18,0,17.1,6.5,0.0,Normal,0,6.83,None,5,7,150
2024-12-21,STORE-01,SKU-606,Multipurpose Copy Paper A4,Office,North,0,21,0,20.0,6.5,0.0,Normal,0,6.83,None,5,7,150
2024-12-22,STORE-01,SKU-606,Multipurpose Copy Paper A4,Office,North,0,19,0,18.0,6.5,0.0,Normal,0,6.83,None,5,7,150
2024-12-23,STORE-01,SKU-606,Multipurpose Copy Paper A4,Office,North,0,20,0,19.0,6.5,0.0,Normal,0,6.83,None,5,7,150
2024-12-24,STORE-01,SKU-606,Multipurpose Copy Paper A4,Office,North,0,22,0,20.9,6.5,0.0,Normal,0,6.83,None,5,7,150
2024-12-25,STORE-01,SKU-606,Multipurpose Copy Paper A4,Office,North,0,24,0,22.8,6.5,0.0,Normal,0,6.83,None,5,7,150
2024-12-26,STORE-01,SKU-606,Multipurpose Copy Paper A4,Office,North,0,19,0,18.0,6.5,0.0,Normal,0,6.83,None,5,7,150
2024-12-27,STORE-01,SKU-606,Multipurpose Copy Paper A4,Office,North,0,21,0,20.0,6.5,0.0,Normal,0,6.83,None,5,7,150
2024-12-28,STORE-01,SKU-606,Multipurpose Copy Paper A4,Office,North,0,20,0,19.0,6.5,0.0,Normal,0,6.83,None,5,7,150
2024-12-29,STORE-01,SKU-606,Multipurpose Copy Paper A4,Office,North,0,20,0,19.0,6.5,0.0,Normal,0,6.83,None,5,7,150
2024-12-30,STORE-01,SKU-606,Multipurpose Copy Paper A4,Office,North,0,20,0,19.0,6.5,0.0,Normal,0,6.83,None,5,7,150
2024-12-31,STORE-01,SKU-606,Multipurpose Copy Paper A4,Office,North,0,22,0,20.9,6.5,0.0,Normal,0,6.83,None,5,7,150
2025-01-01,STORE-01,SKU-606,Multipurpose Copy Paper A4,Office,North,0,20,0,19.0,6.5,0.0,Normal,0,6.83,None,5,7,150
2025-01-02,STORE-01,SKU-606,Multipurpose Copy Paper A4,Office,North,0,24,0,22.8,6.5,0.0,Normal,0,6.83,None,5,7,150
2025-01-03,STORE-01,SKU-606,Multipurpose Copy Paper A4,Office,North,0,22,0,20.9,6.5,0.0,Normal,0,6.83,None,5,7,150
2025-01-04,STORE-01,SKU-606,Multipurpose Copy Paper A4,Office,North,0,19,0,18.0,6.5,0.0,Normal,0,6.83,None,5,7,150
2025-01-05,STORE-01,SKU-606,Multipurpose Copy Paper A4,Office,North,0,20,0,19.0,6.5,0.0,Normal,0,6.83,None,5,7,150
2025-01-06,STORE-01,SKU-606,Multipurpose Copy Paper A4,Office,North,0,20,0,19.0,6.5,0.0,Normal,0,6.83,None,5,7,150
2025-01-07,STORE-01,SKU-606,Multipurpose Copy Paper A4,Office,North,0,22,0,20.9,6.5,0.0,Normal,0,6.83,None,5,7,150
2025-01-08,STORE-01,SKU-606,Multipurpose Copy Paper A4,Office,North,0,19,0,18.0,6.5,0.0,Normal,0,6.83,None,5,7,150
2025-01-09,STORE-01,SKU-606,Multipurpose Copy Paper A4,Office,North,0,19,0,18.0,6.5,0.0,Normal,0,6.83,None,5,7,150
2025-01-10,STORE-01,SKU-606,Multipurpose Copy Paper A4,Office,North,0,20,0,19.0,6.5,0.0,Normal,0,6.83,None,5,7,150
2025-01-11,STORE-01,SKU-606,Multipurpose Copy Paper A4,Office,North,0,22,0,20.9,6.5,0.0,Normal,0,6.83,None,5,7,150
2025-01-12,STORE-01,SKU-606,Multipurpose Copy Paper A4,Office,North,0,23,0,21.8,6.5,0.0,Normal,0,6.83,None,5,7,150
2025-01-13,STORE-01,SKU-606,Multipurpose Copy Paper A4,Office,North,0,23,0,21.8,6.5,0.0,Normal,0,6.83,None,5,7,150
2025-01-14,STORE-01,SKU-606,Multipurpose Copy Paper A4,Office,North,0,22,0,20.9,6.5,0.0,Normal,0,6.83,None,5,7,150
2025-01-15,STORE-01,SKU-606,Multipurpose Copy Paper A4,Office,North,0,21,0,20.0,6.5,0.0,Normal,0,6.83,None,5,7,150
2025-01-16,STORE-01,SKU-606,Multipurpose Copy Paper A4,Office,North,0,22,0,20.9,6.5,0.0,Normal,0,6.83,None,5,7,150
2025-01-17,STORE-01,SKU-606,Multipurpose Copy Paper A4,Office,North,0,19,0,18.0,6.5,0.0,Normal,0,6.83,None,5,7,150
2025-01-18,STORE-01,SKU-606,Multipurpose Copy Paper A4,Office,North,0,18,0,17.1,6.5,0.0,Normal,0,6.83,None,5,7,150
2025-01-19,STORE-01,SKU-606,Multipurpose Copy Paper A4,Office,North,0,22,0,20.9,6.5,0.0,Normal,0,6.83,None,5,7,150
2025-01-20,STORE-01,SKU-606,Multipurpose Copy Paper A4,Office,North,0,19,0,18.0,6.5,0.0,Normal,0,6.83,None,5,7,150
2025-01-21,STORE-01,SKU-606,Multipurpose Copy Paper A4,Office,North,0,21,0,20.0,6.5,0.0,Normal,0,6.83,None,5,7,150
2025-01-22,STORE-01,SKU-606,Multipurpose Copy Paper A4,Office,North,0,21,0,20.0,6.5,0.0,Normal,0,6.83,None,5,7,150
2025-01-23,STORE-01,SKU-606,Multipurpose Copy Paper A4,Office,North,0,21,0,20.0,6.5,0.0,Normal,0,6.83,None,5,7,150
2025-01-24,STORE-01,SKU-606,Multipurpose Copy Paper A4,Office,North,0,22,0,20.9,6.5,0.0,Normal,0,6.83,None,5,7,150
2025-01-25,STORE-01,SKU-606,Multipurpose Copy Paper A4,Office,North,0,22,0,20.9,6.5,0.0,Normal,0,6.83,None,5,7,150
2025-01-26,STORE-01,SKU-606,Multipurpose Copy Paper A4,Office,North,0,21,0,20.0,6.5,0.0,Normal,0,6.83,None,5,7,150
2025-01-27,STORE-01,SKU-606,Multipurpose Copy Paper A4,Office,North,0,20,0,19.0,6.5,0.0,Normal,0,6.83,None,5,7,150
2025-01-28,STORE-01,SKU-606,Multipurpose Copy Paper A4,Office,North,0,21,0,20.0,6.5,0.0,Normal,0,6.83,None,5,7,150
2025-01-29,STORE-01,SKU-606,Multipurpose Copy Paper A4,Office,North,0,20,0,19.0,6.5,0.0,Normal,0,6.83,None,5,7,150
2025-01-30,STORE-01,SKU-606,Multipurpose Copy Paper A4,Office,North,0,21,0,20.0,6.5,0.0,Normal,0,6.83,None,5,7,150
2025-01-31,STORE-01,SKU-606,Multipurpose Copy Paper A4,Office,North,0,25,0,23.8,6.5,0.0,Normal,0,6.83,None,5,7,150
2025-02-01,STORE-01,SKU-606,Multipurpose Copy Paper A4,Office,North,0,21,0,20.0,6.5,0.0,Normal,0,6.83,None,5,7,150
2025-02-02,STORE-01,SKU-606,Multipurpose Copy Paper A4,Office,North,0,22,0,20.9,6.5,0.0,Normal,0,6.83,None,5,7,150
2025-02-03,STORE-01,SKU-606,Multipurpose Copy Paper A4,Office,North,0,20,0,19.0,6.5,0.0,Normal,0,6.83,None,5,7,150
2025-02-04,STORE-01,SKU-606,Multipurpose Copy Paper A4,Office,North,0,23,0,21.8,6.5,0.0,Normal,0,6.83,None,5,7,150
2025-02-05,STORE-01,SKU-606,Multipurpose Copy Paper A4,Office,North,0,22,0,20.9,6.5,0.0,Normal,0,6.83,None,5,7,150
2025-02-06,STORE-01,SKU-606,Multipurpose Copy Paper A4,Office,North,0,22,0,20.9,6.5,0.0,Normal,0,6.83,None,5,7,150
2025-02-07,STORE-01,SKU-606,Multipurpose Copy Paper A4,Office,North,0,21,0,20.0,6.5,0.0,Normal,0,6.83,None,5,7,150
2025-02-08,STORE-01,SKU-606,Multipurpose Copy Paper A4,Office,North,0,23,0,21.8,6.5,0.0,Normal,0,6.83,None,5,7,150
2025-02-09,STORE-01,SKU-606,Multipurpose Copy Paper A4,Office,North,0,23,0,21.8,6.5,0.0,Normal,0,6.83,None,5,7,150
2025-02-10,STORE-01,SKU-606,Multipurpose Copy Paper A4,Office,North,0,21,0,20.0,6.5,0.0,Normal,0,6.83,None,5,7,150
2025-02-11,STORE-01,SKU-606,Multipurpose Copy Paper A4,Office,North,0,21,0,20.0,6.5,0.0,Normal,0,6.83,None,5,7,150
2025-02-12,STORE-01,SKU-606,Multipurpose Copy Paper A4,Office,North,0,22,0,20.9,6.5,0.0,Normal,0,6.83,None,5,7,150
2025-02-13,STORE-01,SKU-606,Multipurpose Copy Paper A4,Office,North,0,20,0,19.0,6.5,0.0,Normal,0,6.83,None,5,7,150
2025-02-14,STORE-01,SKU-606,Multipurpose Copy Paper A4,Office,North,0,20,0,19.0,6.5,0.0,Normal,0,6.83,None,5,7,150
2025-02-15,STORE-01,SKU-606,Multipurpose Copy Paper A4,Office,North,0,21,0,20.0,6.5,0.0,Normal,0,6.83,None,5,7,150
2025-02-16,STORE-01,SKU-606,Multipurpose Copy Paper A4,Office,North,0,18,0,17.1,6.5,0.0,Normal,0,6.83,None,5,7,150
2025-02-17,STORE-01,SKU-606,Multipurpose Copy Paper A4,Office,North,0,22,0,20.9,6.5,0.0,Normal,0,6.83,None,5,7,150
2025-02-18,STORE-01,SKU-606,Multipurpose Copy Paper A4,Office,North,0,20,0,19.0,6.5,0.0,Normal,0,6.83,None,5,7,150
2025-02-19,STORE-01,SKU-606,Multipurpose Copy Paper A4,Office,North,0,20,0,19.0,6.5,0.0,Normal,0,6.83,None,5,7,150
2025-02-20,STORE-01,SKU-606,Multipurpose Copy Paper A4,Office,North,0,21,0,20.0,6.5,0.0,Normal,0,6.83,None,5,7,150
2025-02-21,STORE-01,SKU-606,Multipurpose Copy Paper A4,Office,North,0,21,0,20.0,6.5,0.0,Normal,0,6.83,None,5,7,150
2025-02-22,STORE-01,SKU-606,Multipurpose Copy Paper A4,Office,North,0,20,0,19.0,6.5,0.0,Normal,0,6.83,None,5,7,150
2025-02-23,STORE-01,SKU-606,Multipurpose Copy Paper A4,Office,North,0,21,0,20.0,6.5,0.0,Normal,0,6.83,None,5,7,150
2025-02-24,STORE-01,SKU-606,Multipurpose Copy Paper A4,Office,North,0,21,0,20.0,6.5,0.0,Normal,0,6.83,None,5,7,150
2025-02-25,STORE-01,SKU-606,Multipurpose Copy Paper A4,Office,North,0,20,0,19.0,6.5,0.0,Normal,0,6.83,None,5,7,150
2025-02-26,STORE-01,SKU-606,Multipurpose Copy Paper A4,Office,North,0,20,0,19.0,6.5,0.0,Normal,0,6.83,None,5,7,150
2025-02-27,STORE-01,SKU-606,Multipurpose Copy Paper A4,Office,North,0,23,0,21.8,6.5,0.0,Normal,0,6.83,None,5,7,150
2025-02-28,STORE-01,SKU-606,Multipurpose Copy Paper A4,Office,North,0,18,0,17.1,6.5,0.0,Normal,0,6.83,None,5,7,150
2025-03-01,STORE-01,SKU-606,Multipurpose Copy Paper A4,Office,North,0,21,0,20.0,6.5,0.0,Normal,0,6.83,None,5,7,150
2025-03-02,STORE-01,SKU-606,Multipurpose Copy Paper A4,Office,North,0,20,0,19.0,6.5,0.0,Normal,0,6.83,None,5,7,150
2025-03-03,STORE-01,SKU-606,Multipurpose Copy Paper A4,Office,North,0,22,0,20.9,6.5,0.0,Normal,0,6.83,None,5,7,150
2025-03-04,STORE-01,SKU-606,Multipurpose Copy Paper A4,Office,North,0,19,0,18.0,6.5,0.0,Normal,0,6.83,None,5,7,150
2025-03-05,STORE-01,SKU-606,Multipurpose Copy Paper A4,Office,North,0,20,0,19.0,6.5,0.0,Normal,0,6.83,None,5,7,150
2025-03-06,STORE-01,SKU-606,Multipurpose Copy Paper A4,Office,North,0,21,0,20.0,6.5,0.0,Normal,0,6.83,None,5,7,150
2025-03-07,STORE-01,SKU-606,Multipurpose Copy Paper A4,Office,North,0,23,0,21.8,6.5,0.0,Normal,0,6.83,None,5,7,150
2025-03-08,STORE-01,SKU-606,Multipurpose Copy Paper A4,Office,North,0,21,0,20.0,6.5,0.0,Normal,0,6.83,None,5,7,150
2025-03-09,STORE-01,SKU-606,Multipurpose Copy Paper A4,Office,North,0,19,0,18.0,6.5,0.0,Normal,0,6.83,None,5,7,150
2025-03-10,STORE-01,SKU-606,Multipurpose Copy Paper A4,Office,North,0,20,0,19.0,6.5,0.0,Normal,0,6.83,None,5,7,150
2025-03-11,STORE-01,SKU-606,Multipurpose Copy Paper A4,Office,North,0,22,0,20.9,6.5,0.0,Normal,0,6.83,None,5,7,150
2025-03-12,STORE-01,SKU-606,Multipurpose Copy Paper A4,Office,North,0,19,0,18.0,6.5,0.0,Normal,0,6.83,None,5,7,150
2025-03-13,STORE-01,SKU-606,Multipurpose Copy Paper A4,Office,North,0,21,0,20.0,6.5,0.0,Normal,0,6.83,None,5,7,150
2025-03-14,STORE-01,SKU-606,Multipurpose Copy Paper A4,Office,North,0,21,0,20.0,6.5,0.0,Normal,0,6.83,None,5,7,150
2025-03-15,STORE-01,SKU-606,Multipurpose Copy Paper A4,Office,North,0,20,0,19.0,6.5,0.0,Normal,0,6.83,None,5,7,150
2025-03-16,STORE-01,SKU-606,Multipurpose Copy Paper A4,Office,North,0,25,0,23.8,6.5,0.0,Normal,0,6.83,None,5,7,150
2025-03-17,STORE-01,SKU-606,Multipurpose Copy Paper A4,Office,North,0,20,0,19.0,6.5,0.0,Normal,0,6.83,None,5,7,150
2025-03-18,STORE-01,SKU-606,Multipurpose Copy Paper A4,Office,North,0,22,0,20.9,6.5,0.0,Normal,0,6.83,None,5,7,150
2025-03-19,STORE-01,SKU-606,Multipurpose Copy Paper A4,Office,North,0,20,0,19.0,6.5,0.0,Normal,0,6.83,None,5,7,150
2025-03-20,STORE-01,SKU-606,Multipurpose Copy Paper A4,Office,North,0,22,0,20.9,6.5,0.0,Normal,0,6.83,None,5,7,150
2025-03-21,STORE-01,SKU-606,Multipurpose Copy Paper A4,Office,North,0,22,0,20.9,6.5,0.0,Normal,0,6.83,None,5,7,150
2025-03-22,STORE-01,SKU-606,Multipurpose Copy Paper A4,Office,North,0,20,0,19.0,6.5,0.0,Normal,0,6.83,None,5,7,150
2025-03-23,STORE-01,SKU-606,Multipurpose Copy Paper A4,Office,North,0,21,0,20.0,6.5,0.0,Normal,0,6.83,None,5,7,150
2025-03-24,STORE-01,SKU-606,Multipurpose Copy Paper A4,Office,North,0,20,0,19.0,6.5,0.0,Normal,0,6.83,None,5,7,150
2025-03-25,STORE-01,SKU-606,Multipurpose Copy Paper A4,Office,North,0,19,0,18.0,6.5,0.0,Normal,0,6.83,None,5,7,150
2025-03-26,STORE-01,SKU-606,Multipurpose Copy Paper A4,Office,North,0,23,0,21.8,6.5,0.0,Normal,0,6.83,None,5,7,150
2025-03-27,STORE-01,SKU-606,Multipurpose Copy Paper A4,Office,North,0,20,0,19.0,6.5,0.0,Normal,0,6.83,None,5,7,150
2025-03-28,STORE-01,SKU-606,Multipurpose Copy Paper A4,Office,North,0,17,0,16.2,6.5,0.0,Normal,0,6.83,None,5,7,150
2025-03-29,STORE-01,SKU-606,Multipurpose Copy Paper A4,Office,North,0,24,0,22.8,6.5,0.0,Normal,0,6.83,None,5,7,150
2025-03-30,STORE-01,SKU-606,Multipurpose Copy Paper A4,Office,North,0,20,0,19.0,6.5,0.0,Normal,0,6.83,None,5,7,150
2025-03-31,STORE-01,SKU-606,Multipurpose Copy Paper A4,Office,North,0,21,0,20.0,6.5,0.0,Normal,0,6.83,None,5,7,150
2025-04-01,STORE-01,SKU-606,Multipurpose Copy Paper A4,Office,North,0,23,0,21.8,6.5,0.0,Normal,0,6.83,None,5,7,150
2025-04-02,STORE-01,SKU-606,Multipurpose Copy Paper A4,Office,North,0,21,0,20.0,6.5,0.0,Normal,0,6.83,None,5,7,150
2025-04-03,STORE-01,SKU-606,Multipurpose Copy Paper A4,Office,North,0,21,0,20.0,6.5,0.0,Normal,0,6.83,None,5,7,150
2025-04-04,STORE-01,SKU-606,Multipurpose Copy Paper A4,Office,North,0,19,0,18.0,6.5,0.0,Normal,0,6.83,None,5,7,150
2025-04-05,STORE-01,SKU-606,Multipurpose Copy Paper A4,Office,North,0,19,0,18.0,6.5,0.0,Normal,0,6.83,None,5,7,150
2025-04-06,STORE-01,SKU-606,Multipurpose Copy Paper A4,Office,North,0,21,0,20.0,6.5,0.0,Normal,0,6.83,None,5,7,150
2025-04-07,STORE-01,SKU-606,Multipurpose Copy Paper A4,Office,North,0,22,0,20.9,6.5,0.0,Normal,0,6.83,None,5,7,150
2025-04-08,STORE-01,SKU-606,Multipurpose Copy Paper A4,Office,North,0,21,0,20.0,6.5,0.0,Normal,0,6.83,None,5,7,150
2025-04-09,STORE-01,SKU-606,Multipurpose Copy Paper A4,Office,North,0,20,0,19.0,6.5,0.0,Normal,0,6.83,None,5,7,150
2025-04-10,STORE-01,SKU-606,Multipurpose Copy Paper A4,Office,North,0,21,0,20.0,6.5,0.0,Normal,0,6.83,None,5,7,150
2025-04-11,STORE-01,SKU-606,Multipurpose Copy Paper A4,Office,North,0,18,0,17.1,6.5,0.0,Normal,0,6.83,None,5,7,150
2025-04-12,STORE-01,SKU-606,Multipurpose Copy Paper A4,Office,North,0,22,0,20.9,6.5,0.0,Normal,0,6.83,None,5,7,150
2025-04-13,STORE-01,SKU-606,Multipurpose Copy Paper A4,Office,North,0,21,0,20.0,6.5,0.0,Normal,0,6.83,None,5,7,150
2025-04-14,STORE-01,SKU-606,Multipurpose Copy Paper A4,Office,North,0,24,0,22.8,6.5,0.0,Normal,0,6.83,None,5,7,150
2025-04-15,STORE-01,SKU-606,Multipurpose Copy Paper A4,Office,North,0,21,0,20.0,6.5,0.0,Normal,0,6.83,None,5,7,150
2025-04-16,STORE-01,SKU-606,Multipurpose Copy Paper A4,Office,North,0,20,0,19.0,6.5,0.0,Normal,0,6.83,None,5,7,150
2025-04-17,STORE-01,SKU-606,Multipurpose Copy Paper A4,Office,North,0,21,0,20.0,6.5,0.0,Normal,0,6.83,None,5,7,150
2025-04-18,STORE-01,SKU-606,Multipurpose Copy Paper A4,Office,North,0,21,0,20.0,6.5,0.0,Normal,0,6.83,None,5,7,150
2025-04-19,STORE-01,SKU-606,Multipurpose Copy Paper A4,Office,North,0,22,0,20.9,6.5,0.0,Normal,0,6.83,None,5,7,150
2025-04-20,STORE-01,SKU-606,Multipurpose Copy Paper A4,Office,North,0,21,0,20.0,6.5,0.0,Normal,0,6.83,None,5,7,150
2025-04-21,STORE-01,SKU-606,Multipurpose Copy Paper A4,Office,North,0,19,0,18.0,6.5,0.0,Normal,0,6.83,None,5,7,150
2025-04-22,STORE-01,SKU-606,Multipurpose Copy Paper A4,Office,North,0,19,0,18.0,6.5,0.0,Normal,0,6.83,None,5,7,150
2025-04-23,STORE-01,SKU-606,Multipurpose Copy Paper A4,Office,North,0,21,0,20.0,6.5,0.0,Normal,0,6.83,None,5,7,150
2025-04-24,STORE-01,SKU-606,Multipurpose Copy Paper A4,Office,North,0,23,0,21.8,6.5,0.0,Normal,0,6.83,None,5,7,150
2025-04-25,STORE-01,SKU-606,Multipurpose Copy Paper A4,Office,North,0,21,0,20.0,6.5,0.0,Normal,0,6.83,None,5,7,150
2025-04-26,STORE-01,SKU-606,Multipurpose Copy Paper A4,Office,North,0,22,0,20.9,6.5,0.0,Normal,0,6.83,None,5,7,150
2025-04-27,STORE-01,SKU-606,Multipurpose Copy Paper A4,Office,North,0,23,0,21.8,6.5,0.0,Normal,0,6.83,None,5,7,150
2025-04-28,STORE-01,SKU-606,Multipurpose Copy Paper A4,Office,North,0,21,0,20.0,6.5,0.0,Normal,0,6.83,None,5,7,150
2025-04-29,STORE-01,SKU-606,Multipurpose Copy Paper A4,Office,North,0,20,0,19.0,6.5,0.0,Normal,0,6.83,None,5,7,150
2025-04-30,STORE-01,SKU-606,Multipurpose Copy Paper A4,Office,North,0,21,0,20.0,6.5,0.0,Normal,0,6.83,None,5,7,150
2025-05-01,STORE-01,SKU-606,Multipurpose Copy Paper A4,Office,North,0,23,0,21.8,6.5,0.0,Normal,0,6.83,None,5,7,150
2025-05-02,STORE-01,SKU-606,Multipurpose Copy Paper A4,Office,North,0,22,0,20.9,6.5,0.0,Normal,0,6.83,None,5,7,150
2025-05-03,STORE-01,SKU-606,Multipurpose Copy Paper A4,Office,North,0,22,0,20.9,6.5,0.0,Normal,0,6.83,None,5,7,150
2025-05-04,STORE-01,SKU-606,Multipurpose Copy Paper A4,Office,North,0,20,0,19.0,6.5,0.0,Normal,0,6.83,None,5,7,150
2025-05-05,STORE-01,SKU-606,Multipurpose Copy Paper A4,Office,North,0,21,0,20.0,6.5,0.0,Normal,0,6.83,None,5,7,150
2025-05-06,STORE-01,SKU-606,Multipurpose Copy Paper A4,Office,North,0,21,0,20.0,6.5,0.0,Normal,0,6.83,None,5,7,150
2025-05-07,STORE-01,SKU-606,Multipurpose Copy Paper A4,Office,North,0,21,0,20.0,6.5,0.0,Normal,0,6.83,None,5,7,150
2025-05-08,STORE-01,SKU-606,Multipurpose Copy Paper A4,Office,North,0,23,0,21.8,6.5,0.0,Normal,0,6.83,None,5,7,150
2025-05-09,STORE-01,SKU-606,Multipurpose Copy Paper A4,Office,North,0,17,0,16.2,6.5,0.0,Normal,0,6.83,None,5,7,150
2025-05-10,STORE-01,SKU-606,Multipurpose Copy Paper A4,Office,North,0,21,0,20.0,6.5,0.0,Normal,0,6.83,None,5,7,150
2025-05-11,STORE-01,SKU-606,Multipurpose Copy Paper A4,Office,North,0,21,0,20.0,6.5,0.0,Normal,0,6.83,None,5,7,150
2025-05-12,STORE-01,SKU-606,Multipurpose Copy Paper A4,Office,North,0,19,0,18.0,6.5,0.0,Normal,0,6.83,None,5,7,150
2025-05-13,STORE-01,SKU-606,Multipurpose Copy Paper A4,Office,North,0,22,0,20.9,6.5,0.0,Normal,0,6.83,None,5,7,150
2025-05-14,STORE-01,SKU-606,Multipurpose Copy Paper A4,Office,North,0,20,0,19.0,6.5,0.0,Normal,0,6.83,None,5,7,150
2025-05-15,STORE-01,SKU-606,Multipurpose Copy Paper A4,Office,North,0,20,0,19.0,6.5,0.0,Normal,0,6.83,None,5,7,150
2025-05-16,STORE-01,SKU-606,Multipurpose Copy Paper A4,Office,North,0,24,0,22.8,6.5,0.0,Normal,0,6.83,None,5,7,150
2025-05-17,STORE-01,SKU-606,Multipurpose Copy Paper A4,Office,North,0,23,0,21.8,6.5,0.0,Normal,0,6.83,None,5,7,150
2025-05-18,STORE-01,SKU-606,Multipurpose Copy Paper A4,Office,North,0,22,0,20.9,6.5,0.0,Normal,0,6.83,None,5,7,150
2025-05-19,STORE-01,SKU-606,Multipurpose Copy Paper A4,Office,North,0,22,0,20.9,6.5,0.0,Normal,0,6.83,None,5,7,150
2025-05-20,STORE-01,SKU-606,Multipurpose Copy Paper A4,Office,North,0,21,0,20.0,6.5,0.0,Normal,0,6.83,None,5,7,150
2025-05-21,STORE-01,SKU-606,Multipurpose Copy Paper A4,Office,North,0,24,0,22.8,6.5,0.0,Normal,0,6.83,None,5,7,150
2025-05-22,STORE-01,SKU-606,Multipurpose Copy Paper A4,Office,North,0,22,0,20.9,6.5,0.0,Normal,0,6.83,None,5,7,150
2025-05-23,STORE-01,SKU-606,Multipurpose Copy Paper A4,Office,North,0,20,0,19.0,6.5,0.0,Normal,0,6.83,None,5,7,150
2025-05-24,STORE-01,SKU-606,Multipurpose Copy Paper A4,Office,North,0,19,0,18.0,6.5,0.0,Normal,0,6.83,None,5,7,150
2025-05-25,STORE-01,SKU-606,Multipurpose Copy Paper A4,Office,North,0,22,0,20.9,6.5,0.0,Normal,0,6.83,None,5,7,150
2025-05-26,STORE-01,SKU-606,Multipurpose Copy Paper A4,Office,North,0,21,0,20.0,6.5,0.0,Normal,0,6.83,None,5,7,150
2025-05-27,STORE-01,SKU-606,Multipurpose Copy Paper A4,Office,North,0,19,0,18.0,6.5,0.0,Normal,0,6.83,None,5,7,150
2025-05-28,STORE-01,SKU-606,Multipurpose Copy Paper A4,Office,North,0,22,0,20.9,6.5,0.0,Normal,0,6.83,None,5,7,150
2025-05-29,STORE-01,SKU-606,Multipurpose Copy Paper A4,Office,North,0,21,0,20.0,6.5,0.0,Normal,0,6.83,None,5,7,150
2025-05-30,STORE-01,SKU-606,Multipurpose Copy Paper A4,Office,North,0,22,0,20.9,6.5,0.0,Normal,0,6.83,None,5,7,150
2025-05-31,STORE-01,SKU-606,Multipurpose Copy Paper A4,Office,North,0,22,0,20.9,6.5,0.0,Normal,0,6.83,None,5,7,150
2025-06-01,STORE-01,SKU-606,Multipurpose Copy Paper A4,Office,North,0,20,0,19.0,6.5,0.0,Normal,0,6.83,None,5,7,150
2025-06-02,STORE-01,SKU-606,Multipurpose Copy Paper A4,Office,North,0,22,0,20.9,6.5,0.0,Normal,0,6.83,None,5,7,150
2025-06-03,STORE-01,SKU-606,Multipurpose Copy Paper A4,Office,North,0,20,0,19.0,6.5,0.0,Normal,0,6.83,None,5,7,150
2025-06-04,STORE-01,SKU-606,Multipurpose Copy Paper A4,Office,North,0,20,0,19.0,6.5,0.0,Normal,0,6.83,None,5,7,150
2025-06-05,STORE-01,SKU-606,Multipurpose Copy Paper A4,Office,North,0,20,0,19.0,6.5,0.0,Normal,0,6.83,None,5,7,150
2025-06-06,STORE-01,SKU-606,Multipurpose Copy Paper A4,Office,North,0,23,0,21.8,6.5,0.0,Normal,0,6.83,None,5,7,150
2025-06-07,STORE-01,SKU-606,Multipurpose Copy Paper A4,Office,North,0,21,0,20.0,6.5,0.0,Normal,0,6.83,None,5,7,150
2025-06-08,STORE-01,SKU-606,Multipurpose Copy Paper A4,Office,North,0,23,0,21.8,6.5,0.0,Normal,0,6.83,None,5,7,150
2025-06-09,STORE-01,SKU-606,Multipurpose Copy Paper A4,Office,North,0,24,0,22.8,6.5,0.0,Normal,0,6.83,None,5,7,150
2025-06-10,STORE-01,SKU-606,Multipurpose Copy Paper A4,Office,North,0,20,0,19.0,6.5,0.0,Normal,0,6.83,None,5,7,150
2025-06-11,STORE-01,SKU-606,Multipurpose Copy Paper A4,Office,North,0,17,0,16.2,6.5,0.0,Normal,0,6.83,None,5,7,150
2025-06-12,STORE-01,SKU-606,Multipurpose Copy Paper A4,Office,North,0,23,0,21.8,6.5,0.0,Normal,0,6.83,None,5,7,150
2025-06-13,STORE-01,SKU-606,Multipurpose Copy Paper A4,Office,North,0,20,0,19.0,6.5,0.0,Normal,0,6.83,None,5,7,150
2025-06-14,STORE-01,SKU-606,Multipurpose Copy Paper A4,Office,North,0,20,0,19.0,6.5,0.0,Normal,0,6.83,None,5,7,150
2025-06-15,STORE-01,SKU-606,Multipurpose Copy Paper A4,Office,North,0,20,0,19.0,6.5,0.0,Normal,0,6.83,None,5,7,150
2025-06-16,STORE-01,SKU-606,Multipurpose Copy Paper A4,Office,North,0,20,0,19.0,6.5,0.0,Normal,0,6.83,None,5,7,150
2025-06-17,STORE-01,SKU-606,Multipurpose Copy Paper A4,Office,North,0,23,0,21.8,6.5,0.0,Normal,0,6.83,None,5,7,150
2025-06-18,STORE-01,SKU-606,Multipurpose Copy Paper A4,Office,North,0,21,0,20.0,6.5,0.0,Normal,0,6.83,None,5,7,150
2025-06-19,STORE-01,SKU-606,Multipurpose Copy Paper A4,Office,North,0,23,0,21.8,6.5,0.0,Normal,0,6.83,None,5,7,150
2025-06-20,STORE-01,SKU-606,Multipurpose Copy Paper A4,Office,North,0,22,0,20.9,6.5,0.0,Normal,0,6.83,None,5,7,150
2025-06-21,STORE-01,SKU-606,Multipurpose Copy Paper A4,Office,North,0,21,0,20.0,6.5,0.0,Normal,0,6.83,None,5,7,150
2025-06-22,STORE-01,SKU-606,Multipurpose Copy Paper A4,Office,North,0,20,0,19.0,6.5,0.0,Normal,0,6.83,None,5,7,150
2025-06-23,STORE-01,SKU-606,Multipurpose Copy Paper A4,Office,North,0,22,0,20.9,6.5,0.0,Normal,0,6.83,None,5,7,150
2025-06-24,STORE-01,SKU-606,Multipurpose Copy Paper A4,Office,North,0,22,0,20.9,6.5,0.0,Normal,0,6.83,None,5,7,150
2025-06-25,STORE-01,SKU-606,Multipurpose Copy Paper A4,Office,North,0,22,0,20.9,6.5,0.0,Normal,0,6.83,None,5,7,150
2025-06-26,STORE-01,SKU-606,Multipurpose Copy Paper A4,Office,North,0,21,0,20.0,6.5,0.0,Normal,0,6.83,None,5,7,150
2025-06-27,STORE-01,SKU-606,Multipurpose Copy Paper A4,Office,North,0,21,0,20.0,6.5,0.0,Normal,0,6.83,None,5,7,150
2025-06-28,STORE-01,SKU-606,Multipurpose Copy Paper A4,Office,North,0,22,0,20.9,6.5,0.0,Normal,0,6.83,None,5,7,150
2025-06-29,STORE-01,SKU-606,Multipurpose Copy Paper A4,Office,North,0,20,0,19.0,6.5,0.0,Normal,0,6.83,None,5,7,150
2025-06-30,STORE-01,SKU-606,Multipurpose Copy Paper A4,Office,North,0,19,0,18.0,6.5,0.0,Normal,0,6.83,None,5,7,150
2025-07-01,STORE-01,SKU-606,Multipurpose Copy Paper A4,Office,North,0,20,0,19.0,6.5,0.0,Normal,0,6.83,None,5,7,150
2025-07-02,STORE-01,SKU-606,Multipurpose Copy Paper A4,Office,North,0,21,0,20.0,6.5,0.0,Normal,0,6.83,None,5,7,150
2025-07-03,STORE-01,SKU-606,Multipurpose Copy Paper A4,Office,North,0,22,0,20.9,6.5,0.0,Normal,0,6.83,None,5,7,150
2025-07-04,STORE-01,SKU-606,Multipurpose Copy Paper A4,Office,North,0,23,0,21.8,6.5,0.0,Normal,0,6.83,None,5,7,150
2025-07-05,STORE-01,SKU-606,Multipurpose Copy Paper A4,Office,North,0,19,0,18.0,6.5,0.0,Normal,0,6.83,None,5,7,150
2025-07-06,STORE-01,SKU-606,Multipurpose Copy Paper A4,Office,North,0,20,0,19.0,6.5,0.0,Normal,0,6.83,None,5,7,150
2025-07-07,STORE-01,SKU-606,Multipurpose Copy Paper A4,Office,North,0,20,0,19.0,6.5,0.0,Normal,0,6.83,None,5,7,150
2025-07-08,STORE-01,SKU-606,Multipurpose Copy Paper A4,Office,North,0,22,0,20.9,6.5,0.0,Normal,0,6.83,None,5,7,150
2025-07-09,STORE-01,SKU-606,Multipurpose Copy Paper A4,Office,North,0,20,0,19.0,6.5,0.0,Normal,0,6.83,None,5,7,150
2025-07-10,STORE-01,SKU-606,Multipurpose Copy Paper A4,Office,North,0,20,0,19.0,6.5,0.0,Normal,0,6.83,None,5,7,150
2025-07-11,STORE-01,SKU-606,Multipurpose Copy Paper A4,Office,North,0,19,0,18.0,6.5,0.0,Normal,0,6.83,None,5,7,150
2025-07-12,STORE-01,SKU-606,Multipurpose Copy Paper A4,Office,North,0,22,0,20.9,6.5,0.0,Normal,0,6.83,None,5,7,150
2025-07-13,STORE-01,SKU-606,Multipurpose Copy Paper A4,Office,North,0,21,0,20.0,6.5,0.0,Normal,0,6.83,None,5,7,150
2025-07-14,STORE-01,SKU-606,Multipurpose Copy Paper A4,Office,North,0,20,0,19.0,6.5,0.0,Normal,0,6.83,None,5,7,150
2025-07-15,STORE-01,SKU-606,Multipurpose Copy Paper A4,Office,North,0,21,0,20.0,6.5,0.0,Normal,0,6.83,None,5,7,150
2025-07-16,STORE-01,SKU-606,Multipurpose Copy Paper A4,Office,North,0,23,0,21.8,6.5,0.0,Normal,0,6.83,None,5,7,150
2025-07-17,STORE-01,SKU-606,Multipurpose Copy Paper A4,Office,North,0,19,0,18.0,6.5,0.0,Normal,0,6.83,None,5,7,150
2025-07-18,STORE-01,SKU-606,Multipurpose Copy Paper A4,Office,North,0,20,0,19.0,6.5,0.0,Normal,0,6.83,None,5,7,150
2025-07-19,STORE-01,SKU-606,Multipurpose Copy Paper A4,Office,North,0,23,0,21.8,6.5,0.0,Normal,0,6.83,None,5,7,150
2025-07-20,STORE-01,SKU-606,Multipurpose Copy Paper A4,Office,North,0,21,0,20.0,6.5,0.0,Normal,0,6.83,None,5,7,150
2025-07-21,STORE-01,SKU-606,Multipurpose Copy Paper A4,Office,North,0,22,0,20.9,6.5,0.0,Normal,0,6.83,None,5,7,150
2025-07-22,STORE-01,SKU-606,Multipurpose Copy Paper A4,Office,North,0,22,0,20.9,6.5,0.0,Normal,0,6.83,None,5,7,150
2025-07-23,STORE-01,SKU-606,Multipurpose Copy Paper A4,Office,North,0,21,0,20.0,6.5,0.0,Normal,0,6.83,None,5,7,150
2025-07-24,STORE-01,SKU-606,Multipurpose Copy Paper A4,Office,North,0,20,0,19.0,6.5,0.0,Normal,0,6.83,None,5,7,150
2025-07-25,STORE-01,SKU-606,Multipurpose Copy Paper A4,Office,North,0,22,0,20.9,6.5,0.0,Normal,0,6.83,None,5,7,150
2025-07-26,STORE-01,SKU-606,Multipurpose Copy Paper A4,Office,North,0,23,0,21.8,6.5,0.0,Normal,0,6.83,None,5,7,150
2025-07-27,STORE-01,SKU-606,Multipurpose Copy Paper A4,Office,North,0,23,0,21.8,6.5,0.0,Normal,0,6.83,None,5,7,150
2025-07-28,STORE-01,SKU-606,Multipurpose Copy Paper A4,Office,North,0,19,0,18.0,6.5,0.0,Normal,0,6.83,None,5,7,150
2025-07-29,STORE-01,SKU-606,Multipurpose Copy Paper A4,Office,North,0,23,0,21.8,6.5,0.0,Normal,0,6.83,None,5,7,150
2025-07-30,STORE-01,SKU-606,Multipurpose Copy Paper A4,Office,North,0,20,0,19.0,6.5,0.0,Normal,0,6.83,None,5,7,150
2025-07-31,STORE-01,SKU-606,Multipurpose Copy Paper A4,Office,North,0,20,0,19.0,6.5,0.0,Normal,0,6.83,None,5,7,150
2025-08-01,STORE-01,SKU-606,Multipurpose Copy Paper A4,Office,North,0,21,0,20.0,6.5,0.0,Normal,0,6.83,None,5,7,150
2025-08-02,STORE-01,SKU-606,Multipurpose Copy Paper A4,Office,North,0,22,0,20.9,6.5,0.0,Normal,0,6.83,None,5,7,150
2025-08-03,STORE-01,SKU-606,Multipurpose Copy Paper A4,Office,North,0,22,0,20.9,6.5,0.0,Normal,0,6.83,None,5,7,150
2025-08-04,STORE-01,SKU-606,Multipurpose Copy Paper A4,Office,North,0,21,0,20.0,6.5,0.0,Normal,0,6.83,None,5,7,150
2025-08-05,STORE-01,SKU-606,Multipurpose Copy Paper A4,Office,North,0,22,0,20.9,6.5,0.0,Normal,0,6.83,None,5,7,150
2025-08-06,STORE-01,SKU-606,Multipurpose Copy Paper A4,Office,North,0,21,0,20.0,6.5,0.0,Normal,0,6.83,None,5,7,150
2025-08-07,STORE-01,SKU-606,Multipurpose Copy Paper A4,Office,North,0,20,0,19.0,6.5,0.0,Normal,0,6.83,None,5,7,150
2025-08-08,STORE-01,SKU-606,Multipurpose Copy Paper A4,Office,North,0,20,0,19.0,6.5,0.0,Normal,0,6.83,None,5,7,150
2025-08-09,STORE-01,SKU-606,Multipurpose Copy Paper A4,Office,North,0,22,0,20.9,6.5,0.0,Normal,0,6.83,None,5,7,150
2025-08-10,STORE-01,SKU-606,Multipurpose Copy Paper A4,Office,North,0,21,0,20.0,6.5,0.0,Normal,0,6.83,None,5,7,150
2025-08-11,STORE-01,SKU-606,Multipurpose Copy Paper A4,Office,North,0,19,0,18.0,6.5,0.0,Normal,0,6.83,None,5,7,150
2025-08-12,STORE-01,SKU-606,Multipurpose Copy Paper A4,Office,North,0,22,0,20.9,6.5,0.0,Normal,0,6.83,None,5,7,150
2025-08-13,STORE-01,SKU-606,Multipurpose Copy Paper A4,Office,North,0,20,0,19.0,6.5,0.0,Normal,0,6.83,None,5,7,150
2025-08-14,STORE-01,SKU-606,Multipurpose Copy Paper A4,Office,North,0,23,0,21.8,6.5,0.0,Normal,0,6.83,None,5,7,150
2025-08-15,STORE-01,SKU-606,Multipurpose Copy Paper A4,Office,North,0,19,0,18.0,6.5,0.0,Normal,0,6.83,None,5,7,150
2025-08-16,STORE-01,SKU-606,Multipurpose Copy Paper A4,Office,North,0,21,0,20.0,6.5,0.0,Normal,0,6.83,None,5,7,150
2025-08-17,STORE-01,SKU-606,Multipurpose Copy Paper A4,Office,North,0,20,0,19.0,6.5,0.0,Normal,0,6.83,None,5,7,150
2025-08-18,STORE-01,SKU-606,Multipurpose Copy Paper A4,Office,North,0,20,0,19.0,6.5,0.0,Normal,0,6.83,None,5,7,150
2025-08-19,STORE-01,SKU-606,Multipurpose Copy Paper A4,Office,North,0,20,0,19.0,6.5,0.0,Normal,0,6.83,None,5,7,150
2025-08-20,STORE-01,SKU-606,Multipurpose Copy Paper A4,Office,North,0,24,0,22.8,6.5,0.0,Normal,0,6.83,None,5,7,150
2025-08-21,STORE-01,SKU-606,Multipurpose Copy Paper A4,Office,North,0,21,0,20.0,6.5,0.0,Normal,0,6.83,None,5,7,150
2025-08-22,STORE-01,SKU-606,Multipurpose Copy Paper A4,Office,North,0,20,0,19.0,6.5,0.0,Normal,0,6.83,None,5,7,150
2025-08-23,STORE-01,SKU-606,Multipurpose Copy Paper A4,Office,North,0,18,0,17.1,6.5,0.0,Normal,0,6.83,None,5,7,150
2025-08-24,STORE-01,SKU-606,Multipurpose Copy Paper A4,Office,North,0,18,0,17.1,6.5,0.0,Normal,0,6.83,None,5,7,150
2025-08-25,STORE-01,SKU-606,Multipurpose Copy Paper A4,Office,North,0,20,0,19.0,6.5,0.0,Normal,0,6.83,None,5,7,150
2025-08-26,STORE-01,SKU-606,Multipurpose Copy Paper A4,Office,North,0,20,0,19.0,6.5,0.0,Normal,0,6.83,None,5,7,150
2025-08-27,STORE-01,SKU-606,Multipurpose Copy Paper A4,Office,North,0,21,0,20.0,6.5,0.0,Normal,0,6.83,None,5,7,150
2025-08-28,STORE-01,SKU-606,Multipurpose Copy Paper A4,Office,North,0,18,0,17.1,6.5,0.0,Normal,0,6.83,None,5,7,150
2025-08-29,STORE-01,SKU-606,Multipurpose Copy Paper A4,Office,North,0,21,0,20.0,6.5,0.0,Normal,0,6.83,None,5,7,150
2025-08-30,STORE-01,SKU-606,Multipurpose Copy Paper A4,Office,North,0,23,0,21.8,6.5,0.0,Normal,0,6.83,None,5,7,150
2025-08-31,STORE-01,SKU-606,Multipurpose Copy Paper A4,Office,North,0,23,0,21.8,6.5,0.0,Normal,0,6.83,None,5,7,150
2025-09-01,STORE-01,SKU-606,Multipurpose Copy Paper A4,Office,North,0,18,0,17.1,6.5,0.0,Normal,0,6.83,None,5,7,150
2025-09-02,STORE-01,SKU-606,Multipurpose Copy Paper A4,Office,North,0,20,0,19.0,6.5,0.0,Normal,0,6.83,None,5,7,150
2025-09-03,STORE-01,SKU-606,Multipurpose Copy Paper A4,Office,North,0,20,0,19.0,6.5,0.0,Normal,0,6.83,None,5,7,150
2025-09-04,STORE-01,SKU-606,Multipurpose Copy Paper A4,Office,North,0,21,0,20.0,6.5,0.0,Normal,0,6.83,None,5,7,150
2025-09-05,STORE-01,SKU-606,Multipurpose Copy Paper A4,Office,North,0,19,0,18.0,6.5,0.0,Normal,0,6.83,None,5,7,150
2025-09-06,STORE-01,SKU-606,Multipurpose Copy Paper A4,Office,North,0,24,0,22.8,6.5,0.0,Normal,0,6.83,None,5,7,150
2025-09-07,STORE-01,SKU-606,Multipurpose Copy Paper A4,Office,North,0,21,0,20.0,6.5,0.0,Normal,0,6.83,None,5,7,150
